{"stats":{"minecraft:used":{"minecraft:golden_apple":2},"minecraft:custom":{"minecraft:jump":30,"minecraft:crouch_one_cm":95,"minecraft:time_since_rest":16933,"minecraft:damage_dealt":97,"minecraft:leave_game":1,"minecraft:play_one_minute":16933,"minecraft:walk_one_cm":50718,"minecraft:damage_taken":232,"minecraft:time_since_death":16933,"minecraft:damage_absorbed":10,"minecraft:sneak_time":115,"minecraft:fly_one_cm":1268},"minecraft:picked_up":{"minecraft:leather_boots":1,"minecraft:golden_apple":30,"minecraft:leather_chestplate":1,"minecraft:leather_leggings":1}},"DataVersion":2586}