{"stats":{"minecraft:killed_by":{"minecraft:player":1},"minecraft:crafted":{"minecraft:oak_planks":24,"minecraft:crafting_table":2,"minecraft:stick":16,"minecraft:wooden_pickaxe":2,"minecraft:stone_pickaxe":2,"minecraft:stone_axe":2},"minecraft:used":{"minecraft:stone_pickaxe":8,"minecraft:wooden_pickaxe":18,"minecraft:cookie":6,"minecraft:stone_axe":7,"minecraft:golden_apple":4,"minecraft:crafting_table":2,"minecraft:cooked_porkchop":4,"minecraft:cooked_beef":2,"minecraft:enchanted_golden_apple":4},"minecraft:dropped":{"minecraft:dirt":69,"minecraft:leather_chestplate":1,"minecraft:cake":1,"minecraft:cookie":41,"minecraft:cobblestone":23,"minecraft:leather_leggings":2,"minecraft:oak_planks":1,"minecraft:wooden_pickaxe":1,"minecraft:stone_pickaxe":1,"minecraft:purple_wool":1,"minecraft:black_concrete":16},"minecraft:custom":{"minecraft:time_since_rest":1353,"minecraft:sprint_one_cm":162527,"minecraft:walk_one_cm":504767,"minecraft:damage_taken":1621,"minecraft:damage_absorbed":526,"minecraft:drop":14,"minecraft:damage_dealt":216,"minecraft:chair_used":7,"minecraft:interact_with_crafting_table":7,"minecraft:fly_one_cm":333272,"minecraft:open_chest":17,"minecraft:crouch_one_cm":16566,"minecraft:play_one_minute":110220,"minecraft:deaths":1,"minecraft:sneak_time":6543,"minecraft:jump":1181,"minecraft:leave_game":3,"minecraft:walk_on_water_one_cm":2919,"minecraft:time_since_death":1325,"minecraft:climb_one_cm":14711,"minecraft:damage_resisted":213,"minecraft:fall_one_cm":22362},"minecraft:mined":{"minecraft:crafting_table":1,"minecraft:grass_block":1,"minecraft:oak_log":8,"minecraft:stone":26},"minecraft:picked_up":{"minecraft:purple_wool":1,"minecraft:crafting_table":1,"minecraft:leather_chestplate":4,"minecraft:cooked_porkchop":59,"minecraft:leather_leggings":6,"minecraft:cake":9,"minecraft:oak_log":8,"minecraft:cookie":735,"minecraft:blue_concrete":32,"minecraft:dirt":198,"minecraft:leather_boots":1,"cgm:stun_grenade":2,"minecraft:diamond_chestplate":1,"minecraft:black_concrete":16,"minecraft:golden_apple":36,"pfm:furniture_book":1,"minecraft:enchanted_golden_apple":3,"cgm:bazooka":1,"minecraft:cobblestone":113}},"DataVersion":2586}