{"stats":{"minecraft:used":{"minecraft:golden_apple":2},"minecraft:custom":{"minecraft:jump":24,"minecraft:time_since_rest":7478,"minecraft:damage_dealt":97,"minecraft:play_one_minute":7478,"minecraft:damage_absorbed":10,"minecraft:damage_taken":232,"minecraft:time_since_death":7478,"minecraft:walk_one_cm":11927,"minecraft:sneak_time":14,"minecraft:fly_one_cm":1268},"minecraft:picked_up":{"minecraft:leather_chestplate":1,"minecraft:leather_boots":1,"minecraft:golden_apple":30,"minecraft:leather_leggings":1}},"DataVersion":2586}