{"stats":{"minecraft:crafted":{"minecraft:oak_planks":24,"minecraft:stone_axe":2,"minecraft:crafting_table":2,"minecraft:stick":16,"minecraft:wooden_pickaxe":2,"minecraft:stone_pickaxe":2},"minecraft:used":{"minecraft:golden_apple":3,"minecraft:stone_axe":6,"minecraft:crafting_table":2,"minecraft:cooked_porkchop":1,"minecraft:stone_pickaxe":8,"minecraft:wooden_pickaxe":18,"minecraft:enchanted_golden_apple":4},"minecraft:dropped":{"minecraft:stone_pickaxe":1},"minecraft:custom":{"minecraft:time_since_rest":60959,"minecraft:damage_taken":1000,"minecraft:play_one_minute":60959,"minecraft:crouch_one_cm":12825,"minecraft:sprint_one_cm":42708,"minecraft:damage_absorbed":486,"minecraft:walk_one_cm":323376,"minecraft:sneak_time":4788,"minecraft:drop":1,"minecraft:jump":643,"minecraft:damage_dealt":157,"minecraft:leave_game":2,"minecraft:time_since_death":60959,"minecraft:walk_on_water_one_cm":159,"minecraft:damage_resisted":213,"minecraft:interact_with_crafting_table":7,"minecraft:fly_one_cm":88960,"minecraft:fall_one_cm":10818},"minecraft:mined":{"minecraft:grass_block":1,"minecraft:oak_log":8,"minecraft:stone":26,"minecraft:crafting_table":1},"minecraft:picked_up":{"minecraft:leather_chestplate":2,"minecraft:crafting_table":1,"minecraft:leather_boots":1,"minecraft:cooked_porkchop":14,"minecraft:leather_leggings":3,"minecraft:golden_apple":31,"minecraft:oak_log":8,"minecraft:blue_concrete":32,"minecraft:enchanted_golden_apple":3,"minecraft:dirt":136,"minecraft:cobblestone":113}},"DataVersion":2586}