{"stats":{"minecraft:crafted":{"minecraft:oak_planks":24,"minecraft:stone_axe":2,"minecraft:crafting_table":2,"minecraft:stick":16,"minecraft:stone_pickaxe":2,"minecraft:wooden_pickaxe":2},"minecraft:used":{"minecraft:stone_axe":6,"minecraft:golden_apple":3,"minecraft:crafting_table":2,"minecraft:stone_pickaxe":8,"minecraft:wooden_pickaxe":18,"minecraft:enchanted_golden_apple":4},"minecraft:dropped":{"minecraft:stone_pickaxe":1},"minecraft:custom":{"minecraft:time_since_rest":52933,"minecraft:sprint_one_cm":27372,"minecraft:play_one_minute":52933,"minecraft:crouch_one_cm":12536,"minecraft:damage_absorbed":486,"minecraft:damage_taken":909,"minecraft:walk_one_cm":241855,"minecraft:sneak_time":4455,"minecraft:drop":1,"minecraft:jump":602,"minecraft:walk_on_water_one_cm":159,"minecraft:damage_dealt":149,"minecraft:leave_game":1,"minecraft:time_since_death":52933,"minecraft:damage_resisted":211,"minecraft:interact_with_crafting_table":7,"minecraft:fall_one_cm":9737,"minecraft:fly_one_cm":63454},"minecraft:mined":{"minecraft:grass_block":1,"minecraft:oak_log":8,"minecraft:stone":26,"minecraft:crafting_table":1},"minecraft:picked_up":{"minecraft:crafting_table":1,"minecraft:leather_chestplate":2,"minecraft:leather_boots":1,"minecraft:leather_leggings":3,"minecraft:golden_apple":31,"minecraft:oak_log":8,"minecraft:enchanted_golden_apple":3,"minecraft:dirt":120,"minecraft:cobblestone":113}},"DataVersion":2586}