{"stats":{"minecraft:crafted":{"minecraft:oak_planks":24,"minecraft:stone_axe":2,"minecraft:crafting_table":2,"minecraft:stick":16,"minecraft:stone_pickaxe":2,"minecraft:wooden_pickaxe":2},"minecraft:used":{"minecraft:stone_axe":4,"minecraft:golden_apple":3,"minecraft:crafting_table":2,"minecraft:stone_pickaxe":8,"minecraft:wooden_pickaxe":18},"minecraft:custom":{"minecraft:time_since_rest":40933,"minecraft:sprint_one_cm":3393,"minecraft:play_one_minute":40933,"minecraft:crouch_one_cm":10998,"minecraft:damage_absorbed":51,"minecraft:damage_taken":514,"minecraft:walk_one_cm":177707,"minecraft:sneak_time":3678,"minecraft:jump":199,"minecraft:damage_dealt":97,"minecraft:leave_game":1,"minecraft:time_since_death":40933,"minecraft:interact_with_crafting_table":7,"minecraft:fall_one_cm":4428,"minecraft:fly_one_cm":8059},"minecraft:mined":{"minecraft:grass_block":1,"minecraft:oak_log":8,"minecraft:stone":26,"minecraft:crafting_table":1},"minecraft:picked_up":{"minecraft:crafting_table":1,"minecraft:leather_chestplate":1,"minecraft:leather_boots":1,"minecraft:leather_leggings":1,"minecraft:golden_apple":31,"minecraft:oak_log":8,"minecraft:dirt":1,"minecraft:cobblestone":26}},"DataVersion":2586}