{"stats":{"minecraft:crafted":{"minecraft:oak_planks":24,"minecraft:crafting_table":2,"minecraft:stick":16,"minecraft:wooden_pickaxe":2,"minecraft:stone_pickaxe":2,"minecraft:stone_axe":2},"minecraft:used":{"minecraft:stone_pickaxe":8,"minecraft:wooden_pickaxe":18,"minecraft:stone_axe":6,"minecraft:golden_apple":4,"minecraft:crafting_table":2,"minecraft:cooked_porkchop":4,"minecraft:enchanted_golden_apple":4},"minecraft:dropped":{"minecraft:dirt":5,"minecraft:leather_chestplate":1,"minecraft:leather_leggings":1,"minecraft:oak_planks":1,"minecraft:stone_pickaxe":1},"minecraft:custom":{"minecraft:time_since_rest":96959,"minecraft:sprint_one_cm":79683,"minecraft:walk_one_cm":481563,"minecraft:damage_taken":1251,"minecraft:damage_absorbed":486,"minecraft:drop":5,"minecraft:damage_dealt":157,"minecraft:chair_used":7,"minecraft:interact_with_crafting_table":7,"minecraft:fly_one_cm":128217,"minecraft:open_chest":4,"minecraft:crouch_one_cm":15936,"minecraft:play_one_minute":96959,"minecraft:sneak_time":6080,"minecraft:jump":840,"minecraft:leave_game":2,"minecraft:walk_on_water_one_cm":159,"minecraft:time_since_death":96959,"minecraft:climb_one_cm":3959,"minecraft:damage_resisted":213,"minecraft:fall_one_cm":14706},"minecraft:mined":{"minecraft:crafting_table":1,"minecraft:grass_block":1,"minecraft:oak_log":8,"minecraft:stone":26},"minecraft:picked_up":{"minecraft:purple_wool":1,"minecraft:crafting_table":1,"minecraft:leather_chestplate":4,"minecraft:cooked_porkchop":27,"minecraft:leather_leggings":6,"minecraft:cake":4,"minecraft:oak_log":8,"minecraft:cookie":134,"minecraft:blue_concrete":32,"minecraft:dirt":198,"minecraft:leather_boots":1,"cgm:stun_grenade":2,"minecraft:diamond_chestplate":1,"minecraft:black_concrete":16,"minecraft:golden_apple":32,"pfm:furniture_book":1,"minecraft:enchanted_golden_apple":3,"cgm:bazooka":1,"minecraft:cobblestone":113}},"DataVersion":2586}