{"stats":{"minecraft:crafted":{"minecraft:oak_planks":24,"minecraft:crafting_table":2,"minecraft:stick":16,"minecraft:wooden_pickaxe":2,"minecraft:stone_pickaxe":2,"minecraft:stone_axe":2},"minecraft:used":{"minecraft:stone_pickaxe":8,"minecraft:wooden_pickaxe":18,"minecraft:stone_axe":6,"minecraft:golden_apple":3,"minecraft:crafting_table":2,"minecraft:cooked_porkchop":3,"minecraft:enchanted_golden_apple":4},"minecraft:dropped":{"minecraft:stone_pickaxe":1},"minecraft:custom":{"minecraft:time_since_rest":72959,"minecraft:sprint_one_cm":46282,"minecraft:walk_one_cm":415787,"minecraft:damage_taken":1098,"minecraft:damage_absorbed":486,"minecraft:drop":1,"minecraft:damage_dealt":157,"minecraft:chair_used":1,"minecraft:interact_with_crafting_table":7,"minecraft:fly_one_cm":95561,"minecraft:crouch_one_cm":13164,"minecraft:play_one_minute":72959,"minecraft:sneak_time":4936,"minecraft:jump":675,"minecraft:leave_game":2,"minecraft:walk_on_water_one_cm":159,"minecraft:time_since_death":72959,"minecraft:damage_resisted":213,"minecraft:fall_one_cm":11236},"minecraft:mined":{"minecraft:crafting_table":1,"minecraft:grass_block":1,"minecraft:oak_log":8,"minecraft:stone":26},"minecraft:picked_up":{"minecraft:crafting_table":1,"minecraft:leather_chestplate":3,"minecraft:cooked_porkchop":27,"minecraft:leather_leggings":4,"minecraft:oak_log":8,"minecraft:blue_concrete":32,"minecraft:dirt":198,"minecraft:leather_boots":1,"minecraft:black_concrete":16,"minecraft:golden_apple":31,"minecraft:enchanted_golden_apple":3,"cgm:bazooka":1,"minecraft:cobblestone":113}},"DataVersion":2586}