{"stats":{"minecraft:killed_by":{"minecraft:player":1},"minecraft:crafted":{"minecraft:oak_planks":28,"minecraft:crafting_table":2,"minecraft:stick":8,"minecraft:wooden_pickaxe":1,"minecraft:wooden_axe":1},"minecraft:used":{"minecraft:wooden_axe":2,"minecraft:golden_apple":4,"minecraft:dirt":1,"minecraft:crafting_table":1,"minecraft:porkchop":1,"minecraft:enchanted_golden_apple":1},"minecraft:dropped":{"minecraft:leather_boots":1,"minecraft:leather_leggings":2,"minecraft:apple":1},"minecraft:custom":{"minecraft:time_since_rest":29641,"minecraft:sprint_one_cm":65001,"minecraft:walk_one_cm":328650,"minecraft:damage_taken":1678,"minecraft:damage_absorbed":206,"minecraft:drop":4,"minecraft:damage_dealt":235,"minecraft:chair_used":5,"minecraft:interact_with_crafting_table":2,"minecraft:fly_one_cm":300187,"minecraft:crouch_one_cm":34105,"minecraft:play_one_minute":86772,"minecraft:deaths":1,"minecraft:sneak_time":9663,"minecraft:jump":513,"minecraft:leave_game":1,"minecraft:walk_on_water_one_cm":179,"minecraft:time_since_death":29608,"minecraft:sleep_in_bed":2,"minecraft:damage_resisted":153,"minecraft:fall_one_cm":10150},"minecraft:mined":{"minecraft:crafting_table":1,"minecraft:grass_block":4,"minecraft:oak_log":7,"minecraft:dirt":7,"minecraft:oak_leaves":5},"minecraft:picked_up":{"minecraft:crafting_table":1,"minecraft:leather_leggings":4,"minecraft:porkchop":1,"minecraft:oak_log":7,"minecraft:dirt":9,"minecraft:leather_boots":3,"minecraft:apple":1,"minecraft:golden_apple":5,"minecraft:oak_planks":10,"minecraft:cobblestone":4}},"DataVersion":2586}