{"stats":{"minecraft:used":{"minecraft:golden_apple":3},"minecraft:dropped":{"minecraft:leather_leggings":1,"minecraft:leather_boots":1},"minecraft:custom":{"minecraft:jump":152,"minecraft:time_since_rest":3683,"minecraft:crouch_one_cm":3312,"minecraft:damage_dealt":161,"minecraft:play_one_minute":39083,"minecraft:damage_absorbed":46,"minecraft:sprint_one_cm":27502,"minecraft:damage_taken":741,"minecraft:time_since_death":39083,"minecraft:walk_one_cm":233715,"minecraft:sleep_in_bed":2,"minecraft:sneak_time":797,"minecraft:damage_resisted":24,"minecraft:fall_one_cm":733,"minecraft:drop":2,"minecraft:fly_one_cm":9014},"minecraft:picked_up":{"minecraft:leather_boots":3,"minecraft:leather_leggings":2}},"DataVersion":2586}