{"stats":{"minecraft:crafted":{"minecraft:oak_planks":28,"minecraft:crafting_table":2,"minecraft:stick":8,"minecraft:wooden_pickaxe":1,"minecraft:wooden_axe":1},"minecraft:used":{"minecraft:wooden_axe":2,"minecraft:golden_apple":3,"minecraft:dirt":1,"minecraft:crafting_table":1},"minecraft:dropped":{"minecraft:leather_leggings":1,"minecraft:apple":1,"minecraft:leather_boots":1},"minecraft:custom":{"minecraft:time_since_rest":15683,"minecraft:walk_one_cm":258871,"minecraft:play_one_minute":51083,"minecraft:crouch_one_cm":30479,"minecraft:sprint_one_cm":52207,"minecraft:damage_taken":1093,"minecraft:damage_absorbed":46,"minecraft:sneak_time":7773,"minecraft:drop":3,"minecraft:jump":324,"minecraft:damage_dealt":225,"minecraft:time_since_death":51083,"minecraft:sleep_in_bed":2,"minecraft:damage_resisted":24,"minecraft:interact_with_crafting_table":2,"minecraft:fall_one_cm":7777,"minecraft:fly_one_cm":26155},"minecraft:mined":{"minecraft:oak_log":7,"minecraft:grass_block":4,"minecraft:dirt":7,"minecraft:crafting_table":1,"minecraft:oak_leaves":5},"minecraft:picked_up":{"minecraft:crafting_table":1,"minecraft:leather_boots":3,"minecraft:apple":1,"minecraft:leather_leggings":2,"minecraft:oak_log":7,"minecraft:oak_planks":10,"minecraft:dirt":9}},"DataVersion":2586}