{"stats":{"minecraft:killed_by":{"minecraft:player":1},"minecraft:crafted":{"minecraft:oak_planks":28,"minecraft:crafting_table":2,"minecraft:stick":8,"minecraft:wooden_pickaxe":1,"minecraft:wooden_axe":1},"minecraft:used":{"minecraft:wooden_axe":2,"minecraft:golden_apple":3,"minecraft:dirt":1,"minecraft:crafting_table":1,"minecraft:enchanted_golden_apple":1},"minecraft:dropped":{"minecraft:leather_leggings":1,"minecraft:apple":1,"minecraft:leather_boots":1},"minecraft:custom":{"minecraft:time_since_rest":5952,"minecraft:walk_one_cm":283986,"minecraft:play_one_minute":63083,"minecraft:crouch_one_cm":34026,"minecraft:sprint_one_cm":60997,"minecraft:damage_taken":1565,"minecraft:damage_absorbed":206,"minecraft:sneak_time":9292,"minecraft:drop":3,"minecraft:jump":491,"minecraft:damage_dealt":225,"minecraft:time_since_death":5919,"minecraft:sleep_in_bed":2,"minecraft:deaths":1,"minecraft:damage_resisted":153,"minecraft:interact_with_crafting_table":2,"minecraft:fall_one_cm":10150,"minecraft:fly_one_cm":183753},"minecraft:mined":{"minecraft:oak_log":7,"minecraft:grass_block":4,"minecraft:dirt":7,"minecraft:crafting_table":1,"minecraft:oak_leaves":5},"minecraft:picked_up":{"minecraft:crafting_table":1,"minecraft:leather_boots":3,"minecraft:apple":1,"minecraft:leather_leggings":3,"minecraft:oak_log":7,"minecraft:oak_planks":10,"minecraft:dirt":9,"minecraft:cobblestone":4}},"DataVersion":2586}