{"stats":{"minecraft:used":{"minecraft:golden_apple":3},"minecraft:dropped":{"minecraft:leather_leggings":1,"minecraft:leather_boots":1},"minecraft:custom":{"minecraft:jump":119,"minecraft:time_since_rest":14627,"minecraft:crouch_one_cm":3053,"minecraft:damage_dealt":70,"minecraft:play_one_minute":27083,"minecraft:damage_absorbed":46,"minecraft:sprint_one_cm":23994,"minecraft:damage_taken":550,"minecraft:time_since_death":27083,"minecraft:walk_one_cm":149493,"minecraft:sleep_in_bed":1,"minecraft:sneak_time":768,"minecraft:damage_resisted":24,"minecraft:fall_one_cm":249,"minecraft:drop":2,"minecraft:fly_one_cm":5541},"minecraft:picked_up":{"minecraft:leather_boots":2,"minecraft:leather_leggings":2}},"DataVersion":2586}