{"stats":{"minecraft:killed_by":{"minecraft:player":2},"minecraft:crafted":{"minecraft:iron_ingot":18},"minecraft:used":{"minecraft:golden_apple":1,"framedblocks:framed_slope":2},"minecraft:dropped":{"minecraft:iron_ingot":26,"minecraft:oak_sign":1},"minecraft:custom":{"minecraft:time_since_rest":13812,"minecraft:play_one_minute":54420,"minecraft:crouch_one_cm":13274,"minecraft:deaths":2,"minecraft:sprint_one_cm":85721,"minecraft:damage_taken":1159,"minecraft:walk_one_cm":99951,"minecraft:sneak_time":5498,"minecraft:drop":6,"minecraft:jump":774,"minecraft:damage_dealt":144,"minecraft:time_since_death":13732,"minecraft:sleep_in_bed":1,"minecraft:fall_one_cm":8266,"minecraft:fly_one_cm":199827},"minecraft:mined":{"framedblocks:framed_slope":1,"minecraft:oak_leaves":1},"minecraft:picked_up":{"minecraft:leather_boots":1,"framedblocks:framed_slope":2,"minecraft:cooked_porkchop":1,"minecraft:oak_sign":1,"minecraft:leather_leggings":1,"minecraft:iron_ingot":30,"minecraft:iron_block":2,"minecraft:golden_apple":6,"pfm:furniture_book":1}},"DataVersion":2586}