{"stats":{"minecraft:killed_by":{"minecraft:player":3},"minecraft:crafted":{"minecraft:iron_ingot":18},"minecraft:used":{"minecraft:black_concrete":7,"minecraft:iron_block":6,"framedblocks:framed_slope":2,"cgm:grenade_launcher":1,"minecraft:golden_apple":14,"minecraft:potion":1,"powah:energy_cell_creative":1,"cgm:bazooka":1,"cgm:rifle":7,"minecraft:blue_concrete":53,"minecraft:enchanted_golden_apple":2},"minecraft:dropped":{"minecraft:iron_ingot":26,"minecraft:golden_chestplate":2,"minecraft:cocoa_beans":1,"minecraft:glass_bottle":1,"minecraft:cooked_porkchop":1,"minecraft:oak_sign":1,"minecraft:golden_apple":5},"minecraft:custom":{"minecraft:time_since_rest":58864,"minecraft:sprint_one_cm":182957,"minecraft:walk_one_cm":190101,"minecraft:damage_taken":1521,"minecraft:damage_absorbed":218,"minecraft:drop":16,"minecraft:damage_dealt":160,"minecraft:chair_used":11,"minecraft:swim_one_cm":1333,"minecraft:fly_one_cm":533461,"minecraft:open_chest":7,"minecraft:crouch_one_cm":17921,"minecraft:play_one_minute":114266,"minecraft:deaths":3,"minecraft:sneak_time":7891,"minecraft:walk_under_water_one_cm":164,"minecraft:jump":1535,"minecraft:leave_game":1,"minecraft:walk_on_water_one_cm":669,"minecraft:time_since_death":58835,"minecraft:sleep_in_bed":1,"minecraft:climb_one_cm":5109,"minecraft:damage_resisted":21,"minecraft:fall_one_cm":18028},"minecraft:mined":{"framedblocks:framed_slope":1,"minecraft:oak_leaves":1},"minecraft:picked_up":{"minecraft:cocoa_beans":1,"minecraft:crafting_table":1,"minecraft:leather_chestplate":1,"minecraft:cooked_porkchop":6,"minecraft:leather_leggings":2,"minecraft:potion":1,"minecraft:cake":2,"minecraft:cookie":57,"minecraft:golden_chestplate":3,"minecraft:dirt":64,"minecraft:leather_boots":3,"framedblocks:framed_slope":2,"minecraft:oak_sign":1,"minecraft:iron_ingot":30,"minecraft:iron_block":2,"minecraft:golden_apple":134,"minecraft:enchanted_golden_apple":5,"pfm:furniture_book":1}},"DataVersion":2586}