{"stats":{"minecraft:used":{"minecraft:golden_apple":1},"minecraft:dropped":{"minecraft:oak_sign":1},"minecraft:custom":{"minecraft:jump":313,"minecraft:time_since_rest":7845,"minecraft:damage_dealt":58,"minecraft:crouch_one_cm":4221,"minecraft:play_one_minute":18420,"minecraft:sprint_one_cm":36572,"minecraft:damage_taken":285,"minecraft:time_since_death":18420,"minecraft:walk_one_cm":42367,"minecraft:sleep_in_bed":1,"minecraft:sneak_time":774,"minecraft:drop":1,"minecraft:fall_one_cm":1196,"minecraft:fly_one_cm":77183},"minecraft:picked_up":{"minecraft:golden_apple":5,"minecraft:cooked_porkchop":1,"minecraft:oak_sign":1}},"DataVersion":2586}