{"stats":{"minecraft:killed_by":{"minecraft:player":3},"minecraft:crafted":{"minecraft:iron_ingot":18},"minecraft:used":{"cgm:grenade_launcher":1,"minecraft:golden_apple":1,"minecraft:iron_block":6,"framedblocks:framed_slope":2,"powah:energy_cell_creative":1,"cgm:bazooka":1,"minecraft:blue_concrete":53,"minecraft:black_concrete":7},"minecraft:dropped":{"minecraft:iron_ingot":26,"minecraft:oak_sign":1},"minecraft:custom":{"minecraft:time_since_rest":23018,"minecraft:play_one_minute":78420,"minecraft:crouch_one_cm":14350,"minecraft:deaths":3,"minecraft:sprint_one_cm":108140,"minecraft:damage_taken":1199,"minecraft:walk_one_cm":126796,"minecraft:sneak_time":6882,"minecraft:drop":6,"minecraft:jump":949,"minecraft:damage_dealt":144,"minecraft:walk_on_water_one_cm":401,"minecraft:time_since_death":22989,"minecraft:sleep_in_bed":1,"minecraft:fall_one_cm":8672,"minecraft:fly_one_cm":393445},"minecraft:mined":{"framedblocks:framed_slope":1,"minecraft:oak_leaves":1},"minecraft:picked_up":{"minecraft:leather_chestplate":1,"minecraft:crafting_table":1,"minecraft:leather_boots":2,"framedblocks:framed_slope":2,"minecraft:cooked_porkchop":3,"minecraft:oak_sign":1,"minecraft:leather_leggings":2,"minecraft:iron_ingot":30,"minecraft:iron_block":2,"minecraft:golden_apple":6,"pfm:furniture_book":1,"minecraft:dirt":64}},"DataVersion":2586}