{"stats":{"minecraft:mined":{"framedblocks:framed_slope":1,"minecraft:oak_leaves":1},"minecraft:killed_by":{"minecraft:player":3},"minecraft:dropped":{"minecraft:iron_ingot":26,"minecraft:golden_chestplate":2,"minecraft:cocoa_beans":1,"minecraft:glass_bottle":1,"minecraft:cooked_porkchop":1,"minecraft:poisonous_potato":1,"minecraft:cookie":136,"minecraft:enchanted_golden_apple":1,"minecraft:oak_sign":1,"minecraft:golden_apple":84},"minecraft:custom":{"minecraft:time_since_rest":100004,"minecraft:damage_absorbed":314,"minecraft:sprint_one_cm":332042,"minecraft:damage_taken":2061,"minecraft:walk_one_cm":357701,"minecraft:drop":23,"minecraft:damage_dealt":174,"minecraft:chair_used":12,"minecraft:swim_one_cm":1333,"minecraft:fly_one_cm":712416,"minecraft:open_chest":67,"minecraft:play_one_minute":155406,"minecraft:crouch_one_cm":21385,"minecraft:deaths":3,"minecraft:sneak_time":9151,"minecraft:walk_under_water_one_cm":164,"minecraft:jump":2434,"minecraft:leave_game":2,"minecraft:time_since_death":99975,"minecraft:walk_on_water_one_cm":669,"minecraft:sleep_in_bed":1,"minecraft:climb_one_cm":9644,"minecraft:damage_resisted":57,"minecraft:fall_one_cm":23871},"minecraft:crafted":{"minecraft:iron_ingot":18},"minecraft:picked_up":{"minecraft:lingering_potion":1,"minecraft:cocoa_beans":1,"minecraft:crafting_table":1,"minecraft:leather_chestplate":1,"minecraft:splash_potion":1,"minecraft:cooked_porkchop":6,"minecraft:leather_leggings":2,"minecraft:poisonous_potato":1,"minecraft:potion":1,"minecraft:cake":15,"minecraft:cookie":521,"minecraft:golden_chestplate":3,"minecraft:dirt":64,"minecraft:leather_boots":3,"framedblocks:framed_slope":2,"minecraft:oak_sign":1,"minecraft:iron_ingot":30,"minecraft:iron_block":2,"minecraft:golden_apple":150,"minecraft:enchanted_golden_apple":15,"pfm:furniture_book":1},"minecraft:used":{"minecraft:black_concrete":7,"minecraft:iron_block":6,"framedblocks:framed_slope":2,"minecraft:cooked_chicken":7,"cgm:grenade_launcher":1,"minecraft:golden_apple":16,"minecraft:potion":1,"powah:energy_cell_creative":1,"cgm:rifle":7,"cgm:bazooka":1,"minecraft:lingering_potion":1,"minecraft:blue_concrete":53,"minecraft:enchanted_golden_apple":5,"minecraft:splash_potion":1}},"DataVersion":2586}