{"stats":{"minecraft:killed_by":{"minecraft:player":3},"minecraft:crafted":{"minecraft:iron_ingot":18},"minecraft:used":{"minecraft:black_concrete":7,"minecraft:iron_block":6,"framedblocks:framed_slope":2,"cgm:grenade_launcher":1,"minecraft:golden_apple":9,"powah:energy_cell_creative":1,"cgm:bazooka":1,"cgm:rifle":6,"minecraft:blue_concrete":53,"minecraft:enchanted_golden_apple":1},"minecraft:dropped":{"minecraft:iron_ingot":26,"minecraft:cocoa_beans":1,"minecraft:oak_sign":1},"minecraft:custom":{"minecraft:time_since_rest":46864,"minecraft:sprint_one_cm":130422,"minecraft:walk_one_cm":160564,"minecraft:damage_taken":1373,"minecraft:damage_absorbed":20,"minecraft:drop":7,"minecraft:damage_dealt":152,"minecraft:chair_used":11,"minecraft:swim_one_cm":1333,"minecraft:fly_one_cm":445750,"minecraft:crouch_one_cm":15723,"minecraft:play_one_minute":102266,"minecraft:deaths":3,"minecraft:sneak_time":7271,"minecraft:walk_under_water_one_cm":164,"minecraft:jump":1148,"minecraft:leave_game":1,"minecraft:walk_on_water_one_cm":669,"minecraft:time_since_death":46835,"minecraft:sleep_in_bed":1,"minecraft:climb_one_cm":50,"minecraft:damage_resisted":4,"minecraft:fall_one_cm":10402},"minecraft:mined":{"framedblocks:framed_slope":1,"minecraft:oak_leaves":1},"minecraft:picked_up":{"minecraft:cocoa_beans":1,"minecraft:crafting_table":1,"minecraft:leather_chestplate":1,"minecraft:cooked_porkchop":3,"minecraft:leather_leggings":2,"minecraft:potion":1,"minecraft:dirt":64,"minecraft:leather_boots":3,"framedblocks:framed_slope":2,"minecraft:oak_sign":1,"minecraft:iron_ingot":30,"minecraft:iron_block":2,"minecraft:golden_apple":134,"minecraft:enchanted_golden_apple":5,"pfm:furniture_book":1}},"DataVersion":2586}