{"stats":{"minecraft:killed_by":{"minecraft:player":3},"minecraft:crafted":{"minecraft:iron_ingot":18},"minecraft:used":{"minecraft:golden_apple":1,"framedblocks:framed_slope":2},"minecraft:dropped":{"minecraft:iron_ingot":26,"minecraft:oak_sign":1},"minecraft:custom":{"minecraft:time_since_rest":11018,"minecraft:play_one_minute":66420,"minecraft:crouch_one_cm":13397,"minecraft:deaths":3,"minecraft:sprint_one_cm":94789,"minecraft:damage_taken":1199,"minecraft:walk_one_cm":101729,"minecraft:sneak_time":6378,"minecraft:drop":6,"minecraft:jump":804,"minecraft:damage_dealt":144,"minecraft:walk_on_water_one_cm":401,"minecraft:time_since_death":10989,"minecraft:sleep_in_bed":1,"minecraft:fall_one_cm":8672,"minecraft:fly_one_cm":304706},"minecraft:mined":{"framedblocks:framed_slope":1,"minecraft:oak_leaves":1},"minecraft:picked_up":{"minecraft:leather_boots":1,"framedblocks:framed_slope":2,"minecraft:cooked_porkchop":1,"minecraft:oak_sign":1,"minecraft:leather_leggings":1,"minecraft:iron_ingot":30,"minecraft:iron_block":2,"minecraft:golden_apple":6,"pfm:furniture_book":1}},"DataVersion":2586}