{"stats":{"minecraft:crafted":{"minecraft:iron_ingot":18},"minecraft:used":{"minecraft:golden_apple":1,"framedblocks:framed_slope":2},"minecraft:dropped":{"minecraft:iron_ingot":26,"minecraft:oak_sign":1},"minecraft:custom":{"minecraft:time_since_rest":19845,"minecraft:play_one_minute":30420,"minecraft:crouch_one_cm":6779,"minecraft:sprint_one_cm":64828,"minecraft:damage_taken":423,"minecraft:walk_one_cm":71869,"minecraft:sneak_time":1136,"minecraft:drop":6,"minecraft:jump":551,"minecraft:damage_dealt":128,"minecraft:time_since_death":30420,"minecraft:sleep_in_bed":1,"minecraft:fall_one_cm":2754,"minecraft:fly_one_cm":123879},"minecraft:picked_up":{"framedblocks:framed_slope":2,"minecraft:cooked_porkchop":1,"minecraft:oak_sign":1,"minecraft:iron_ingot":30,"minecraft:iron_block":2,"minecraft:golden_apple":5,"pfm:furniture_book":1},"minecraft:mined":{"framedblocks:framed_slope":1}},"DataVersion":2586}