{"stats":{"minecraft:dropped":{"minecraft:blue_terracotta":1,"minecraft:lever":1,"minecraft:wheat_seeds":2,"minecraft:cookie":56,"minecraft:rotten_flesh":2,"minecraft:oak_planks":1,"minecraft:diamond_shovel":1,"minecraft:golden_shovel":2,"minecraft:iron_block":1,"minecraft:white_concrete":1,"minecraft:repeater":1,"minecraft:wooden_axe":4,"minecraft:cake":1,"minecraft:quartz_stairs":1,"pfm:furniture_book":1,"minecraft:black_concrete":1,"minecraft:light_blue_terracotta":1,"minecraft:iron_shovel":2,"minecraft:redstone":1},"minecraft:killed":{"minecraft:zombie_villager":1,"minecraft:creeper":1,"minecraft:skeleton":2},"minecraft:killed_by":{"minecraft:player":3},"minecraft:custom":{"minecraft:mob_kills":4,"minecraft:interact_with_crafting_table":1,"minecraft:play_one_minute":1148252,"minecraft:leave_game":32,"minecraft:time_since_death":173179,"minecraft:climb_one_cm":16874,"minecraft:time_since_rest":173218,"minecraft:sprint_one_cm":801609,"minecraft:damage_taken":2380,"minecraft:walk_one_cm":1520393,"minecraft:drop":81,"minecraft:damage_dealt":1056,"minecraft:chair_used":1,"minecraft:swim_one_cm":31932,"minecraft:fly_one_cm":16388640,"minecraft:player_kills":2,"minecraft:open_chest":1,"minecraft:crouch_one_cm":3565,"minecraft:deaths":6,"minecraft:sneak_time":14068,"minecraft:walk_under_water_one_cm":90778,"minecraft:jump":7219,"minecraft:walk_on_water_one_cm":32136,"minecraft:fall_one_cm":22246},"minecraft:picked_up":{"minecraft:wooden_axe":1,"minecraft:repeater":1,"minecraft:ladder":1,"minecraft:water_bucket":1,"theatrical:generic_light":3,"minecraft:cooked_salmon":4,"minecraft:sticky_piston":1,"minecraft:iron_shovel":1,"minecraft:glass":1,"minecraft:bone":2,"minecraft:wheat_seeds":6,"minecraft:heart_of_the_sea":2,"minecraft:iron_ingot":42,"minecraft:sweet_berries":6,"minecraft:quartz_pillar":1,"minecraft:cake":1,"minecraft:cookie":56,"minecraft:redstone":7,"theatrical:moving_light":3,"minecraft:polar_bear_spawn_egg":1,"minecraft:prismarine_crystals":6,"minecraft:spruce_door":1,"minecraft:tnt":2,"minecraft:blue_terracotta":2,"cgm:stun_grenade":64,"minecraft:arrow":2,"minecraft:repeating_command_block":1,"minecraft:command_block":1,"minecraft:rotten_flesh":4,"minecraft:cooked_cod":8,"minecraft:lever":3,"cgm:assault_rifle":1,"minecraft:red_tulip":64,"minecraft:iron_block":2,"minecraft:white_concrete":3,"minecraft:emerald":14,"pfm:furniture_book":1,"minecraft:magenta_concrete":2},"minecraft:used":{"securitycraft:secret_crimson_sign_item":1,"theatrical:dimmer_rack":1,"theatrical:dmx_cable":2,"minecraft:netherite_sword":12,"framedblocks:framed_fence":117,"minecraft:water_bucket":53,"pfm:spruce_gray_simple_bed":77,"minecraft:blue_terracotta":473,"minecraft:iron_shovel":1,"minecraft:spruce_door":9,"theatrical:truss":332,"pfm:jungle_classic_stool":7,"minecraft:orange_concrete":387,"minecraft:red_concrete":20,"framedblocks:framed_door":1,"minecraft:redstone":162,"minecraft:oak_planks":147,"minecraft:ladder":170,"minecraft:light_blue_terracotta":660,"framedblocks:framed_stairs":98,"minecraft:chest":4,"minecraft:spruce_planks":158,"minecraft:stone":168,"securitycraft:keypad_door_item":30,"minecraft:beacon":55,"minecraft:quartz_stairs":116,"minecraft:spruce_fence_gate":7,"securitycraft:scanner_door_item":2,"minecraft:pink_concrete":20,"minecraft:oak_leaves":62,"framedblocks:framed_prism":19,"minecraft:torch":6,"minecraft:diamond_block":19,"minecraft:lime_terracotta":64,"minecraft:sand":175,"minecraft:light_blue_concrete":177,"minecraft:crafting_table":1,"minecraft:birch_sign":4,"minecraft:spruce_stairs":16,"minecraft:yellow_concrete":51,"searchlight:searchlight":4,"theatrical:moving_light":3,"minecraft:polar_bear_spawn_egg":17,"minecraft:gray_concrete":1,"minecraft:spruce_fence":162,"minecraft:blue_concrete":167,"minecraft:light_blue_stained_glass":4,"minecraft:spruce_log":101,"theatrical:generic_light":3,"minecraft:stripped_spruce_log":13,"minecraft:milk_bucket":1,"framedblocks:framed_pillar":13,"minecraft:purple_stained_glass":22,"searchlight:wall_light_prismarine":2,"minecraft:oak_log":14,"minecraft:glass":134,"minecraft:sticky_piston":38,"minecraft:dark_oak_planks":10,"minecraft:netherite_block":957,"minecraft:lever":21,"minecraft:black_wool":192,"minecraft:sea_lantern":26,"minecraft:black_concrete":222,"minecraft:diamond_shovel":27,"minecraft:red_tulip":1,"framedblocks:framed_half_stairs":1,"minecraft:command_block":17,"minecraft:iron_block":3611,"minecraft:grass_block":118,"theatrical:power_cable":9,"minecraft:jungle_log":18,"minecraft:magenta_concrete":381,"minecraft:red_terracotta":1511,"minecraft:jungle_stairs":7,"minecraft:quartz_block":166,"minecraft:cyan_concrete":20,"framedblocks:framed_extended_slope_panel":6,"cgm:assault_rifle":53,"minecraft:crimson_planks":2,"minecraft:stone_bricks":954,"framedblocks:framed_sign":1,"minecraft:repeater":26,"minecraft:purple_concrete":734,"minecraft:cobblestone":82,"minecraft:lime_concrete":219,"minecraft:hay_block":32,"minecraft:purple_bed":26,"framedblocks:framed_pane":4,"theatrical:redstone_interface":4,"minecraft:white_stained_glass":97,"minecraft:lapis_block":4,"minecraft:gold_block":116,"minecraft:repeating_command_block":6,"minecraft:polished_blackstone_button":1,"minecraft:white_concrete":2300,"cgm:mini_gun":38,"minecraft:gray_wool":3,"theatrical:basic_lighting_desk":3}},"DataVersion":2586}