{"stats":{"minecraft:killed_by":{"minecraft:player":4},"minecraft:dropped":{"minecraft:wheat_seeds":2,"minecraft:netherite_helmet":2,"minecraft:cookie":3218,"minecraft:golden_apple":6,"minecraft:iron_block":1,"minecraft:repeater":1,"minecraft:wooden_axe":5,"minecraft:white_concrete":1,"minecraft:black_concrete":1,"minecraft:iron_shovel":2,"minecraft:redstone":1,"cgm:rifle":1,"minecraft:blue_terracotta":1,"minecraft:lever":1,"minecraft:golden_chestplate":7,"minecraft:rotten_flesh":2,"minecraft:oak_planks":1,"minecraft:enchanted_golden_apple":5,"minecraft:diamond_shovel":1,"minecraft:golden_shovel":2,"minecraft:leather_chestplate":3,"minecraft:diamond_chestplate":8,"minecraft:quartz_stairs":1,"minecraft:cake":6,"minecraft:leather_boots":4,"minecraft:chest":1,"minecraft:leather_leggings":4,"pfm:furniture_book":1,"minecraft:light_blue_terracotta":1},"minecraft:killed":{"minecraft:skeleton":2,"minecraft:zombie_villager":1,"minecraft:creeper":1},"minecraft:custom":{"minecraft:mob_kills":4,"minecraft:interact_with_crafting_table":1,"minecraft:leave_game":36,"minecraft:time_since_death":106819,"minecraft:climb_one_cm":18646,"minecraft:sprint_one_cm":1199050,"minecraft:walk_one_cm":1993248,"minecraft:drop":2597,"minecraft:chair_used":1,"minecraft:deaths":9,"minecraft:sneak_time":19064,"minecraft:walk_under_water_one_cm":105763,"minecraft:jump":8789,"minecraft:walk_on_water_one_cm":38987,"minecraft:play_one_minute":1397373,"minecraft:time_since_rest":106947,"minecraft:damage_taken":2930,"minecraft:damage_dealt":1102,"minecraft:swim_one_cm":46101,"minecraft:fly_one_cm":20185439,"minecraft:player_kills":15,"minecraft:open_chest":32,"minecraft:crouch_one_cm":38893,"minecraft:fall_one_cm":27246},"minecraft:picked_up":{"minecraft:wooden_axe":2,"minecraft:light_blue_concrete":1,"minecraft:ladder":1,"theatrical:motor":1,"theatrical:generic_light":8,"minecraft:leather_leggings":3,"minecraft:blue_concrete":54,"minecraft:cooked_salmon":4,"minecraft:sticky_piston":1,"minecraft:iron_shovel":1,"cgm:bazooka":2,"minecraft:cake":1,"minecraft:quartz_pillar":1,"minecraft:cookie":166,"minecraft:redstone":25,"theatrical:moving_light":4,"minecraft:prismarine_crystals":6,"minecraft:tnt":2,"pfm:dark_oak_gray_classic_bed":14,"minecraft:command_block":1,"minecraft:repeating_command_block":1,"minecraft:arrow":2,"pfm:blue_simple_sofa":2,"minecraft:rotten_flesh":4,"minecraft:cooked_cod":8,"cgm:assault_rifle":1,"minecraft:iron_block":2,"minecraft:red_tulip":64,"minecraft:leather_chestplate":2,"minecraft:repeater":2,"minecraft:water_bucket":1,"framedblocks:framed_slab":1,"minecraft:dirt":80,"minecraft:leather_boots":3,"minecraft:glass":1,"minecraft:bone":2,"minecraft:wheat_seeds":6,"minecraft:heart_of_the_sea":2,"minecraft:iron_ingot":42,"framedblocks:framed_inner_prism_corner":1,"minecraft:cooked_porkchop":8,"minecraft:sweet_berries":6,"cgm:rifle":1,"minecraft:yellow_concrete":2,"minecraft:polar_bear_spawn_egg":1,"minecraft:spruce_door":1,"cgm:stun_grenade":64,"minecraft:blue_terracotta":2,"minecraft:black_concrete":16,"minecraft:lever":3,"theatrical:truss":2,"minecraft:golden_apple":6,"minecraft:white_concrete":3,"minecraft:emerald":14,"pfm:furniture_book":1,"minecraft:black_wool":1,"minecraft:magenta_concrete":4,"framedblocks:framed_stairs":2},"minecraft:used":{"securitycraft:secret_crimson_sign_item":1,"framedblocks:framed_fence":117,"pfm:spruce_gray_simple_bed":77,"minecraft:netherite_sword":12,"minecraft:blue_terracotta":483,"minecraft:iron_shovel":1,"minecraft:orange_concrete":387,"framedblocks:framed_slab":1,"minecraft:red_concrete":20,"minecraft:redstone":162,"minecraft:ladder":170,"minecraft:light_blue_terracotta":662,"framedblocks:framed_stairs":98,"minecraft:spruce_planks":158,"minecraft:chest":17,"minecraft:stone":168,"securitycraft:keypad_door_item":30,"minecraft:quartz_stairs":116,"minecraft:torch":6,"minecraft:spruce_stairs":16,"cgm:rifle":97,"minecraft:spruce_fence":162,"minecraft:light_blue_stained_glass":4,"minecraft:blue_concrete":275,"minecraft:stripped_spruce_log":13,"minecraft:milk_bucket":2,"minecraft:obsidian":1,"framedblocks:framed_pillar":13,"searchlight:wall_light_prismarine":2,"minecraft:glass":134,"minecraft:dark_oak_planks":10,"minecraft:sea_lantern":26,"minecraft:red_tulip":1,"theatrical:iwb":2,"minecraft:iron_block":3777,"minecraft:grass_block":118,"minecraft:jungle_log":18,"minecraft:quartz_block":166,"pfm:dark_oak_gray_classic_bed":78,"minecraft:crimson_planks":2,"minecraft:stone_bricks":958,"framedblocks:framed_sign":1,"cgm:grenade_launcher":17,"minecraft:repeater":26,"minecraft:purple_concrete":734,"minecraft:lime_concrete":219,"minecraft:hay_block":32,"framedblocks:framed_pane":4,"minecraft:gold_block":116,"cgm:heavy_rifle":7,"theatrical:basic_lighting_desk":15,"minecraft:water_bucket":53,"theatrical:dmx_cable":21,"theatrical:truss":354,"pfm:jungle_classic_stool":7,"theatrical:dimmer_rack":2,"minecraft:spruce_door":9,"cgm:pistol":2,"framedblocks:framed_slope":51,"framedblocks:framed_door":3,"minecraft:oak_planks":147,"cgm:stun_grenade":10,"minecraft:beacon":55,"minecraft:spruce_fence_gate":7,"securitycraft:scanner_door_item":2,"framedblocks:framed_prism":19,"minecraft:oak_leaves":62,"minecraft:white_wool":26,"minecraft:pink_concrete":20,"minecraft:diamond_block":19,"minecraft:sand":175,"minecraft:lime_terracotta":64,"minecraft:light_blue_concrete":177,"minecraft:crafting_table":1,"minecraft:birch_sign":5,"minecraft:yellow_concrete":53,"searchlight:searchlight":51,"cgm:bazooka":7,"theatrical:moving_light":12,"minecraft:polar_bear_spawn_egg":17,"minecraft:gray_concrete":1,"minecraft:spruce_log":101,"theatrical:generic_light":4,"minecraft:oak_log":14,"minecraft:purple_stained_glass":30,"minecraft:sticky_piston":38,"minecraft:netherite_block":957,"minecraft:lever":24,"minecraft:black_concrete":222,"minecraft:black_wool":340,"minecraft:diamond_shovel":27,"framedblocks:framed_half_stairs":1,"minecraft:command_block":20,"cgm:grenade":2,"theatrical:power_cable":9,"minecraft:cyan_concrete":20,"minecraft:jungle_stairs":7,"minecraft:magenta_concrete":381,"minecraft:red_terracotta":1511,"framedblocks:framed_extended_slope_panel":6,"cgm:assault_rifle":53,"minecraft:cobblestone":82,"minecraft:purple_bed":26,"theatrical:redstone_interface":4,"minecraft:white_stained_glass":99,"powah:energy_cell_creative":8,"minecraft:lapis_block":4,"minecraft:repeating_command_block":6,"minecraft:glass_pane":51,"minecraft:polished_blackstone_button":1,"framedblocks:framed_inv_double_slope_panel":1,"minecraft:white_concrete":2522,"cgm:mini_gun":38,"minecraft:gray_wool":3,"minecraft:purple_wool":24}},"DataVersion":2586}