{"stats":{"minecraft:used":{"minecraft:golden_apple":1,"minecraft:apple":1,"minecraft:dirt":4,"minecraft:enchanted_golden_apple":3},"minecraft:dropped":{"minecraft:enchanted_golden_apple":1},"minecraft:custom":{"minecraft:time_since_rest":11828,"minecraft:deaths":1,"minecraft:play_one_minute":32464,"minecraft:crouch_one_cm":22207,"minecraft:walk_one_cm":49316,"minecraft:sprint_one_cm":37238,"minecraft:damage_taken":724,"minecraft:damage_absorbed":256,"minecraft:walk_under_water_one_cm":544,"minecraft:sneak_time":10065,"minecraft:drop":1,"minecraft:jump":553,"minecraft:damage_dealt":34,"minecraft:leave_game":1,"minecraft:walk_on_water_one_cm":1527,"minecraft:time_since_death":11803,"minecraft:damage_resisted":139,"minecraft:fall_one_cm":12611,"minecraft:fly_one_cm":282933},"minecraft:mined":{"minecraft:grass_block":2,"minecraft:dirt":7},"minecraft:picked_up":{"minecraft:leather_chestplate":1,"minecraft:leather_boots":1,"minecraft:apple":1,"minecraft:leather_leggings":1,"minecraft:golden_apple":1,"minecraft:dirt":89,"minecraft:cobblestone":47}},"DataVersion":2586}