{"stats":{"minecraft:used":{"minecraft:golden_apple":1,"minecraft:apple":1,"minecraft:dirt":4},"minecraft:custom":{"minecraft:jump":206,"minecraft:time_since_rest":12430,"minecraft:damage_absorbed":40,"minecraft:damage_dealt":8,"minecraft:crouch_one_cm":13838,"minecraft:play_one_minute":12430,"minecraft:sprint_one_cm":20841,"minecraft:damage_taken":368,"minecraft:time_since_death":12430,"minecraft:walk_one_cm":23998,"minecraft:sneak_time":6292,"minecraft:fall_one_cm":8967,"minecraft:fly_one_cm":21427},"minecraft:picked_up":{"minecraft:golden_apple":1,"minecraft:apple":1,"minecraft:dirt":9},"minecraft:mined":{"minecraft:grass_block":2,"minecraft:dirt":7}},"DataVersion":2586}