{"stats":{"minecraft:killed_by":{"minecraft:player":3},"minecraft:used":{"minecraft:dirt":8,"minecraft:cooked_porkchop":3,"cgm:bazooka":1,"minecraft:enchanted_golden_apple":4,"minecraft:golden_apple":13},"minecraft:dropped":{"minecraft:leather_leggings":7,"minecraft:leather_chestplate":3,"minecraft:dirt":111,"minecraft:blue_concrete":16,"minecraft:cooked_porkchop":1,"minecraft:golden_apple":30,"minecraft:leather_boots":10,"minecraft:cooked_salmon":15},"minecraft:custom":{"minecraft:damage_taken":2825,"minecraft:damage_absorbed":622,"minecraft:time_since_rest":2571,"minecraft:play_one_minute":100531,"minecraft:crouch_one_cm":29158,"minecraft:sprint_one_cm":181036,"minecraft:walk_one_cm":281428,"minecraft:deaths":3,"minecraft:sneak_time":7887,"minecraft:walk_under_water_one_cm":194,"minecraft:drop":62,"minecraft:jump":1924,"minecraft:damage_dealt":1853,"minecraft:leave_game":3,"minecraft:time_since_death":2545,"minecraft:walk_on_water_one_cm":1567,"minecraft:chair_used":6,"minecraft:sleep_in_bed":6,"minecraft:damage_resisted":116,"minecraft:fly_one_cm":372465,"minecraft:fall_one_cm":17964,"minecraft:player_kills":5},"minecraft:mined":{"minecraft:oak_sign":1,"minecraft:dirt":3},"minecraft:picked_up":{"minecraft:leather_chestplate":3,"minecraft:leather_boots":10,"minecraft:cooked_porkchop":94,"minecraft:leather_leggings":7,"cgm:missile":1,"minecraft:golden_apple":19,"minecraft:blue_concrete":16,"minecraft:enchanted_golden_apple":4,"cgm:bazooka":1,"minecraft:dirt":121}},"DataVersion":2586}