{"stats":{"minecraft:killed_by":{"minecraft:player":2},"minecraft:used":{"minecraft:golden_apple":13,"minecraft:dirt":8,"minecraft:cooked_porkchop":3,"cgm:bazooka":1,"minecraft:enchanted_golden_apple":4},"minecraft:dropped":{"minecraft:leather_leggings":7,"minecraft:dirt":111,"minecraft:leather_chestplate":3,"minecraft:blue_concrete":16,"minecraft:cooked_porkchop":1,"minecraft:golden_apple":30,"minecraft:leather_boots":10,"minecraft:cooked_salmon":15},"minecraft:custom":{"minecraft:damage_absorbed":622,"minecraft:time_since_rest":1335,"minecraft:play_one_minute":91017,"minecraft:crouch_one_cm":29158,"minecraft:sprint_one_cm":181036,"minecraft:damage_taken":2449,"minecraft:walk_one_cm":280519,"minecraft:sneak_time":7836,"minecraft:walk_under_water_one_cm":194,"minecraft:drop":62,"minecraft:jump":1921,"minecraft:damage_dealt":1853,"minecraft:leave_game":2,"minecraft:time_since_death":1306,"minecraft:walk_on_water_one_cm":1567,"minecraft:chair_used":4,"minecraft:sleep_in_bed":6,"minecraft:damage_resisted":116,"minecraft:player_kills":5,"minecraft:fall_one_cm":17755,"minecraft:fly_one_cm":361996,"minecraft:deaths":2},"minecraft:mined":{"minecraft:oak_sign":1,"minecraft:dirt":3},"minecraft:picked_up":{"minecraft:leather_chestplate":3,"minecraft:leather_boots":10,"minecraft:cooked_porkchop":94,"minecraft:leather_leggings":7,"cgm:missile":1,"minecraft:golden_apple":19,"minecraft:enchanted_golden_apple":4,"minecraft:blue_concrete":16,"cgm:bazooka":1,"minecraft:dirt":121}},"DataVersion":2586}