{"stats":{"minecraft:used":{"minecraft:golden_apple":7,"minecraft:cooked_porkchop":1},"minecraft:dropped":{"minecraft:leather_leggings":3,"minecraft:leather_chestplate":1,"minecraft:cooked_porkchop":1,"minecraft:golden_apple":30,"minecraft:leather_boots":6,"minecraft:cooked_salmon":15},"minecraft:custom":{"minecraft:time_since_rest":7626,"minecraft:walk_one_cm":98917,"minecraft:play_one_minute":29237,"minecraft:crouch_one_cm":10091,"minecraft:sprint_one_cm":55031,"minecraft:damage_taken":662,"minecraft:damage_absorbed":166,"minecraft:sneak_time":2815,"minecraft:drop":27,"minecraft:jump":574,"minecraft:damage_dealt":798,"minecraft:time_since_death":29237,"minecraft:sleep_in_bed":3,"minecraft:damage_resisted":6,"minecraft:fall_one_cm":1140,"minecraft:fly_one_cm":100983},"minecraft:mined":{"minecraft:oak_sign":1},"minecraft:picked_up":{"minecraft:leather_chestplate":1,"minecraft:leather_boots":6,"minecraft:cooked_porkchop":66,"minecraft:leather_leggings":3}},"DataVersion":2586}