{"stats":{"minecraft:used":{"minecraft:golden_apple":13,"minecraft:dirt":8,"minecraft:cooked_porkchop":1,"minecraft:enchanted_golden_apple":4},"minecraft:custom":{"minecraft:time_since_rest":25267,"minecraft:walk_one_cm":221615,"minecraft:play_one_minute":65237,"minecraft:crouch_one_cm":23501,"minecraft:sprint_one_cm":141217,"minecraft:damage_taken":1685,"minecraft:damage_absorbed":622,"minecraft:sneak_time":6357,"minecraft:walk_under_water_one_cm":194,"minecraft:drop":38,"minecraft:jump":1528,"minecraft:damage_dealt":1531,"minecraft:walk_on_water_one_cm":1567,"minecraft:time_since_death":65237,"minecraft:sleep_in_bed":6,"minecraft:damage_resisted":114,"minecraft:fall_one_cm":16256,"minecraft:fly_one_cm":222673},"minecraft:dropped":{"minecraft:dirt":104,"minecraft:leather_leggings":6,"minecraft:leather_chestplate":3,"minecraft:cooked_porkchop":1,"minecraft:golden_apple":30,"minecraft:leather_boots":10,"minecraft:cooked_salmon":15},"minecraft:mined":{"minecraft:oak_sign":1,"minecraft:dirt":3},"minecraft:picked_up":{"minecraft:leather_chestplate":2,"minecraft:leather_boots":9,"minecraft:cooked_porkchop":66,"minecraft:leather_leggings":5,"minecraft:golden_apple":17,"minecraft:enchanted_golden_apple":4,"minecraft:dirt":114}},"DataVersion":2586}