{"stats":{"minecraft:used":{"minecraft:cooked_porkchop":1},"minecraft:dropped":{"minecraft:cooked_porkchop":1},"minecraft:custom":{"minecraft:jump":82,"minecraft:time_since_rest":5237,"minecraft:crouch_one_cm":1241,"minecraft:damage_dealt":18,"minecraft:play_one_minute":5237,"minecraft:sprint_one_cm":12777,"minecraft:damage_taken":30,"minecraft:time_since_death":5237,"minecraft:walk_one_cm":10285,"minecraft:sneak_time":366,"minecraft:drop":1,"minecraft:fall_one_cm":209,"minecraft:fly_one_cm":20546},"minecraft:mined":{"minecraft:oak_sign":1},"minecraft:picked_up":{"minecraft:cooked_porkchop":66}},"DataVersion":2586}