{"stats":{"minecraft:dropped":{"minecraft:leather_leggings":1,"minecraft:leather_chestplate":1,"minecraft:leather_boots":2},"minecraft:custom":{"minecraft:jump":530,"minecraft:walk_on_water_one_cm":239,"minecraft:time_since_rest":13345,"minecraft:damage_dealt":227,"minecraft:crouch_one_cm":8176,"minecraft:play_one_minute":48206,"minecraft:sprint_one_cm":153361,"minecraft:damage_taken":1362,"minecraft:time_since_death":48206,"minecraft:walk_one_cm":205141,"minecraft:sleep_in_bed":4,"minecraft:sneak_time":5523,"minecraft:walk_under_water_one_cm":228,"minecraft:fall_one_cm":9450,"minecraft:drop":4,"minecraft:fly_one_cm":75752},"minecraft:picked_up":{"minecraft:leather_boots":2,"minecraft:leather_chestplate":1,"minecraft:leather_leggings":1}},"DataVersion":2586}