{"stats":{"minecraft:dropped":{"minecraft:leather_leggings":1,"minecraft:leather_chestplate":1,"minecraft:leather_boots":2},"minecraft:custom":{"minecraft:jump":322,"minecraft:walk_on_water_one_cm":239,"minecraft:time_since_rest":1345,"minecraft:damage_dealt":126,"minecraft:crouch_one_cm":3317,"minecraft:play_one_minute":36206,"minecraft:sprint_one_cm":129635,"minecraft:damage_taken":584,"minecraft:time_since_death":36206,"minecraft:walk_one_cm":182112,"minecraft:sleep_in_bed":4,"minecraft:sneak_time":629,"minecraft:walk_under_water_one_cm":228,"minecraft:fall_one_cm":1496,"minecraft:drop":4,"minecraft:fly_one_cm":58277},"minecraft:picked_up":{"minecraft:leather_boots":2,"minecraft:leather_chestplate":1,"minecraft:leather_leggings":1}},"DataVersion":2586}