{"stats":{"minecraft:dropped":{"minecraft:leather_leggings":1,"minecraft:leather_chestplate":1,"minecraft:leather_boots":2},"minecraft:custom":{"minecraft:jump":250,"minecraft:time_since_rest":19755,"minecraft:damage_dealt":108,"minecraft:crouch_one_cm":1026,"minecraft:play_one_minute":24206,"minecraft:sprint_one_cm":103879,"minecraft:damage_taken":262,"minecraft:time_since_death":24206,"minecraft:walk_one_cm":115636,"minecraft:sleep_in_bed":2,"minecraft:sneak_time":323,"minecraft:fall_one_cm":1496,"minecraft:drop":4,"minecraft:fly_one_cm":48913},"minecraft:picked_up":{"minecraft:leather_boots":2,"minecraft:leather_chestplate":1,"minecraft:leather_leggings":1}},"DataVersion":2586}