{"stats":{"minecraft:used":{"minecraft:cooked_porkchop":1},"minecraft:dropped":{"minecraft:leather_chestplate":1,"minecraft:oak_sign":1},"minecraft:custom":{"minecraft:jump":565,"minecraft:time_since_rest":22041,"minecraft:crouch_one_cm":336,"minecraft:damage_dealt":298,"minecraft:play_one_minute":29972,"minecraft:sprint_one_cm":70395,"minecraft:damage_taken":464,"minecraft:time_since_death":29972,"minecraft:walk_one_cm":160495,"minecraft:sleep_in_bed":1,"minecraft:sneak_time":193,"minecraft:drop":2,"minecraft:fall_one_cm":1045,"minecraft:fly_one_cm":113804},"minecraft:picked_up":{"minecraft:iron_ingot":1,"minecraft:leather_chestplate":1,"minecraft:cooked_porkchop":12,"minecraft:oak_sign":1}},"DataVersion":2586}