{"stats":{"minecraft:killed_by":{"minecraft:player":1},"minecraft:used":{"minecraft:golden_apple":4,"minecraft:dirt":2,"minecraft:cooked_porkchop":5,"minecraft:enchanted_golden_apple":3},"minecraft:dropped":{"minecraft:dirt":1,"minecraft:leather_chestplate":1,"cgm:stun_grenade":1,"minecraft:oak_sign":1},"minecraft:custom":{"minecraft:deaths":1,"minecraft:time_since_rest":57603,"minecraft:crouch_one_cm":2168,"minecraft:play_one_minute":130185,"minecraft:sprint_one_cm":245521,"minecraft:damage_absorbed":166,"minecraft:damage_taken":1732,"minecraft:walk_one_cm":674795,"minecraft:sneak_time":1783,"minecraft:drop":4,"minecraft:jump":2122,"minecraft:damage_dealt":570,"minecraft:leave_game":2,"minecraft:walk_on_water_one_cm":4720,"minecraft:time_since_death":57565,"minecraft:sleep_in_bed":4,"minecraft:climb_one_cm":8479,"minecraft:chair_used":2,"minecraft:damage_resisted":86,"minecraft:fall_one_cm":21140,"minecraft:fly_one_cm":339696,"minecraft:open_chest":21},"minecraft:mined":{"minecraft:grass_block":10,"minecraft:dirt":10},"minecraft:picked_up":{"cgm:stun_grenade":1,"minecraft:leather_chestplate":3,"minecraft:cooked_porkchop":60,"minecraft:oak_sign":1,"minecraft:black_concrete":1,"minecraft:iron_ingot":1,"minecraft:cake":2,"minecraft:golden_apple":7,"minecraft:cookie":523,"minecraft:enchanted_golden_apple":4,"minecraft:golden_chestplate":1,"minecraft:dirt":73,"minecraft:cobblestone":23}},"DataVersion":2586}