{"stats":{"minecraft:used":{"minecraft:cooked_porkchop":1},"minecraft:dropped":{"minecraft:oak_sign":1},"minecraft:custom":{"minecraft:jump":118,"minecraft:time_since_rest":5972,"minecraft:crouch_one_cm":141,"minecraft:damage_dealt":46,"minecraft:play_one_minute":5972,"minecraft:sprint_one_cm":13664,"minecraft:damage_taken":40,"minecraft:time_since_death":5972,"minecraft:walk_one_cm":25779,"minecraft:sneak_time":57,"minecraft:drop":1,"minecraft:fall_one_cm":569,"minecraft:fly_one_cm":17270},"minecraft:picked_up":{"minecraft:cooked_porkchop":12,"minecraft:oak_sign":1}},"DataVersion":2586}