{"stats":{"minecraft:used":{"minecraft:golden_apple":2,"minecraft:dirt":2,"minecraft:cooked_porkchop":1,"minecraft:enchanted_golden_apple":2},"minecraft:dropped":{"minecraft:dirt":1,"minecraft:leather_chestplate":1,"minecraft:oak_sign":1},"minecraft:custom":{"minecraft:time_since_rest":26193,"minecraft:crouch_one_cm":941,"minecraft:play_one_minute":65768,"minecraft:sprint_one_cm":125415,"minecraft:damage_taken":1149,"minecraft:damage_absorbed":166,"minecraft:walk_one_cm":326291,"minecraft:sneak_time":1435,"minecraft:drop":3,"minecraft:jump":1443,"minecraft:damage_dealt":459,"minecraft:leave_game":1,"minecraft:walk_on_water_one_cm":4720,"minecraft:time_since_death":65768,"minecraft:sleep_in_bed":4,"minecraft:damage_resisted":86,"minecraft:fall_one_cm":15358,"minecraft:fly_one_cm":197051},"minecraft:mined":{"minecraft:grass_block":10,"minecraft:dirt":10},"minecraft:picked_up":{"minecraft:leather_chestplate":2,"minecraft:cooked_porkchop":12,"minecraft:oak_sign":1,"minecraft:iron_ingot":1,"minecraft:dirt":68}},"DataVersion":2586}