{"stats":{"minecraft:mined":{"minecraft:grass_block":10,"minecraft:dirt":10},"minecraft:killed_by":{"minecraft:player":1},"minecraft:dropped":{"minecraft:leather_chestplate":1,"minecraft:dirt":1,"cgm:stun_grenade":1,"minecraft:oak_sign":1},"minecraft:custom":{"minecraft:damage_taken":1930,"minecraft:open_chest":21,"minecraft:time_since_rest":74631,"minecraft:damage_absorbed":166,"minecraft:play_one_minute":147213,"minecraft:crouch_one_cm":2187,"minecraft:sprint_one_cm":255033,"minecraft:walk_one_cm":752235,"minecraft:deaths":1,"minecraft:sneak_time":1899,"minecraft:drop":4,"minecraft:jump":2199,"minecraft:damage_dealt":570,"minecraft:leave_game":3,"minecraft:time_since_death":74593,"minecraft:walk_on_water_one_cm":4720,"minecraft:sleep_in_bed":4,"minecraft:chair_used":3,"minecraft:damage_resisted":86,"minecraft:climb_one_cm":8479,"minecraft:fall_one_cm":21349,"minecraft:fly_one_cm":357742},"minecraft:picked_up":{"minecraft:leather_chestplate":3,"cgm:stun_grenade":1,"minecraft:cooked_porkchop":92,"minecraft:oak_sign":1,"minecraft:black_concrete":1,"minecraft:iron_ingot":1,"minecraft:golden_apple":7,"minecraft:cake":2,"minecraft:end_rod":1,"minecraft:cookie":523,"minecraft:enchanted_golden_apple":4,"minecraft:golden_chestplate":1,"minecraft:dirt":73,"minecraft:cobblestone":23},"minecraft:used":{"minecraft:dirt":2,"minecraft:cooked_porkchop":5,"minecraft:enchanted_golden_apple":3,"minecraft:golden_apple":4}},"DataVersion":2586}