{"stats":{"minecraft:killed_by":{"minecraft:player":1},"minecraft:used":{"minecraft:golden_apple":3,"minecraft:dirt":2,"minecraft:cooked_porkchop":3,"minecraft:enchanted_golden_apple":2},"minecraft:dropped":{"minecraft:dirt":1,"minecraft:leather_chestplate":1,"cgm:stun_grenade":1,"minecraft:oak_sign":1},"minecraft:custom":{"minecraft:deaths":1,"minecraft:time_since_rest":33603,"minecraft:crouch_one_cm":1639,"minecraft:play_one_minute":106185,"minecraft:sprint_one_cm":179092,"minecraft:damage_absorbed":166,"minecraft:damage_taken":1626,"minecraft:walk_one_cm":485441,"minecraft:sneak_time":1633,"minecraft:drop":4,"minecraft:jump":1820,"minecraft:damage_dealt":506,"minecraft:leave_game":2,"minecraft:walk_on_water_one_cm":4720,"minecraft:time_since_death":33565,"minecraft:sleep_in_bed":4,"minecraft:climb_one_cm":1840,"minecraft:chair_used":2,"minecraft:damage_resisted":86,"minecraft:fall_one_cm":19273,"minecraft:fly_one_cm":282778,"minecraft:open_chest":6},"minecraft:mined":{"minecraft:grass_block":10,"minecraft:dirt":10},"minecraft:picked_up":{"cgm:stun_grenade":1,"minecraft:leather_chestplate":3,"minecraft:cooked_porkchop":27,"minecraft:oak_sign":1,"minecraft:black_concrete":1,"minecraft:iron_ingot":1,"minecraft:golden_apple":4,"minecraft:cookie":158,"minecraft:golden_chestplate":1,"minecraft:dirt":73}},"DataVersion":2586}