{"stats":{"minecraft:killed_by":{"minecraft:player":1},"minecraft:used":{"minecraft:golden_apple":2,"minecraft:dirt":2,"minecraft:cooked_porkchop":2,"minecraft:enchanted_golden_apple":2},"minecraft:dropped":{"minecraft:dirt":1,"minecraft:leather_chestplate":1,"minecraft:oak_sign":1},"minecraft:custom":{"minecraft:deaths":1,"minecraft:time_since_rest":21603,"minecraft:crouch_one_cm":1197,"minecraft:play_one_minute":94185,"minecraft:sprint_one_cm":142490,"minecraft:damage_absorbed":166,"minecraft:damage_taken":1556,"minecraft:walk_one_cm":398423,"minecraft:sneak_time":1559,"minecraft:drop":3,"minecraft:jump":1609,"minecraft:damage_dealt":474,"minecraft:leave_game":2,"minecraft:walk_on_water_one_cm":4720,"minecraft:time_since_death":21565,"minecraft:sleep_in_bed":4,"minecraft:climb_one_cm":48,"minecraft:chair_used":2,"minecraft:damage_resisted":86,"minecraft:fall_one_cm":17788,"minecraft:fly_one_cm":240932},"minecraft:mined":{"minecraft:grass_block":10,"minecraft:dirt":10},"minecraft:picked_up":{"cgm:stun_grenade":1,"minecraft:leather_chestplate":2,"minecraft:cooked_porkchop":21,"minecraft:oak_sign":1,"minecraft:iron_ingot":1,"minecraft:dirt":73}},"DataVersion":2586}