{"stats":{"minecraft:used":{"minecraft:golden_apple":2,"minecraft:dirt":2,"minecraft:cooked_porkchop":1},"minecraft:dropped":{"minecraft:dirt":1,"minecraft:leather_chestplate":1,"minecraft:oak_sign":1},"minecraft:custom":{"minecraft:time_since_rest":14397,"minecraft:damage_absorbed":6,"minecraft:play_one_minute":53972,"minecraft:crouch_one_cm":941,"minecraft:sprint_one_cm":105978,"minecraft:damage_taken":941,"minecraft:walk_one_cm":268001,"minecraft:sneak_time":1405,"minecraft:drop":3,"minecraft:jump":945,"minecraft:damage_dealt":450,"minecraft:walk_on_water_one_cm":4365,"minecraft:time_since_death":53972,"minecraft:sleep_in_bed":4,"minecraft:fall_one_cm":9609,"minecraft:fly_one_cm":157870},"minecraft:picked_up":{"minecraft:leather_chestplate":2,"minecraft:cooked_porkchop":12,"minecraft:oak_sign":1,"minecraft:iron_ingot":1,"minecraft:dirt":20},"minecraft:mined":{"minecraft:grass_block":10,"minecraft:dirt":10}},"DataVersion":2586}