{"stats":{"minecraft:used":{"minecraft:golden_apple":5,"minecraft:dirt":1},"minecraft:custom":{"minecraft:jump":237,"minecraft:time_since_rest":5307,"minecraft:damage_absorbed":96,"minecraft:crouch_one_cm":202,"minecraft:damage_dealt":315,"minecraft:play_one_minute":17313,"minecraft:sprint_one_cm":77542,"minecraft:damage_taken":75,"minecraft:time_since_death":17313,"minecraft:walk_one_cm":51668,"minecraft:sleep_in_bed":2,"minecraft:sneak_time":631,"minecraft:fall_one_cm":209,"minecraft:fly_one_cm":55523},"minecraft:picked_up":{"minecraft:cooked_salmon":15,"minecraft:golden_apple":65,"minecraft:dirt":1}},"DataVersion":2586}