{"stats":{"minecraft:crafted":{"minecraft:oak_planks":4,"minecraft:iron_ingot":54},"minecraft:used":{"minecraft:iron_block":4,"framedblocks:framed_slope":5,"minecraft:golden_apple":6,"minecraft:dirt":7,"minecraft:cooked_porkchop":7,"minecraft:enchanted_golden_apple":4},"minecraft:dropped":{"minecraft:dirt":62,"minecraft:diamond_chestplate":4,"minecraft:leather_boots":1,"minecraft:blue_concrete":16},"minecraft:custom":{"minecraft:time_since_rest":73258,"minecraft:sprint_one_cm":328017,"minecraft:damage_absorbed":483,"minecraft:damage_taken":1413,"minecraft:walk_one_cm":219749,"minecraft:drop":83,"minecraft:damage_dealt":490,"minecraft:chair_used":1,"minecraft:fly_one_cm":277087,"minecraft:open_chest":4,"minecraft:crouch_one_cm":7053,"minecraft:play_one_minute":112843,"minecraft:sneak_time":2764,"minecraft:jump":1612,"minecraft:leave_game":2,"minecraft:walk_on_water_one_cm":1405,"minecraft:time_since_death":112843,"minecraft:sleep_in_bed":6,"minecraft:climb_one_cm":6648,"minecraft:damage_resisted":123,"minecraft:fall_one_cm":26085},"minecraft:picked_up":{"minecraft:leather_chestplate":1,"minecraft:cooked_porkchop":17,"minecraft:leather_leggings":1,"minecraft:cake":1,"minecraft:oak_log":1,"minecraft:cookie":178,"minecraft:blue_concrete":16,"minecraft:dirt":98,"minecraft:cooked_salmon":15,"minecraft:leather_boots":2,"framedblocks:framed_slope":11,"minecraft:diamond_chestplate":6,"minecraft:iron_block":10,"minecraft:golden_apple":66},"minecraft:mined":{"framedblocks:framed_slope":11,"minecraft:grass":2,"minecraft:grass_block":9,"minecraft:oak_log":1,"minecraft:dirt":37}},"DataVersion":2586}