{"stats":{"minecraft:crafted":{"minecraft:iron_ingot":54},"minecraft:used":{"minecraft:golden_apple":5,"minecraft:dirt":1,"minecraft:iron_block":4,"framedblocks:framed_slope":5},"minecraft:dropped":{"minecraft:leather_boots":1},"minecraft:custom":{"minecraft:time_since_rest":7485,"minecraft:play_one_minute":29313,"minecraft:crouch_one_cm":1511,"minecraft:walk_one_cm":60978,"minecraft:sprint_one_cm":91321,"minecraft:damage_taken":195,"minecraft:damage_absorbed":128,"minecraft:sneak_time":1142,"minecraft:drop":1,"minecraft:jump":345,"minecraft:damage_dealt":391,"minecraft:time_since_death":29313,"minecraft:sleep_in_bed":3,"minecraft:fall_one_cm":824,"minecraft:fly_one_cm":83595},"minecraft:mined":{"framedblocks:framed_slope":11},"minecraft:picked_up":{"minecraft:cooked_salmon":15,"minecraft:leather_boots":2,"minecraft:leather_chestplate":1,"framedblocks:framed_slope":11,"minecraft:leather_leggings":1,"minecraft:iron_block":10,"minecraft:golden_apple":65,"minecraft:dirt":1}},"DataVersion":2586}