{"stats":{"minecraft:crafted":{"minecraft:iron_ingot":54},"minecraft:used":{"minecraft:golden_apple":6,"minecraft:dirt":1,"minecraft:iron_block":4,"framedblocks:framed_slope":5},"minecraft:dropped":{"minecraft:leather_boots":1},"minecraft:custom":{"minecraft:time_since_rest":1728,"minecraft:play_one_minute":41313,"minecraft:crouch_one_cm":2143,"minecraft:walk_one_cm":78258,"minecraft:sprint_one_cm":132045,"minecraft:damage_taken":346,"minecraft:damage_absorbed":168,"minecraft:sneak_time":1400,"minecraft:drop":1,"minecraft:jump":488,"minecraft:damage_dealt":427,"minecraft:time_since_death":41313,"minecraft:sleep_in_bed":6,"minecraft:fall_one_cm":1659,"minecraft:fly_one_cm":111673},"minecraft:mined":{"framedblocks:framed_slope":11},"minecraft:picked_up":{"minecraft:cooked_salmon":15,"minecraft:leather_boots":2,"minecraft:leather_chestplate":1,"framedblocks:framed_slope":11,"minecraft:leather_leggings":1,"minecraft:iron_block":10,"minecraft:golden_apple":66,"minecraft:dirt":1}},"DataVersion":2586}