{"stats":{"minecraft:crafted":{"minecraft:oak_planks":4,"minecraft:iron_ingot":54},"minecraft:used":{"minecraft:golden_apple":6,"minecraft:dirt":7,"minecraft:iron_block":4,"framedblocks:framed_slope":5},"minecraft:dropped":{"minecraft:leather_boots":1},"minecraft:custom":{"minecraft:time_since_rest":13728,"minecraft:play_one_minute":53313,"minecraft:crouch_one_cm":5040,"minecraft:walk_one_cm":107532,"minecraft:sprint_one_cm":168453,"minecraft:damage_taken":586,"minecraft:damage_absorbed":168,"minecraft:sneak_time":2330,"minecraft:drop":1,"minecraft:jump":661,"minecraft:damage_dealt":427,"minecraft:walk_on_water_one_cm":1153,"minecraft:time_since_death":53313,"minecraft:sleep_in_bed":6,"minecraft:fall_one_cm":8511,"minecraft:fly_one_cm":132124},"minecraft:picked_up":{"minecraft:cooked_salmon":15,"minecraft:leather_boots":2,"minecraft:leather_chestplate":1,"framedblocks:framed_slope":11,"minecraft:leather_leggings":1,"minecraft:iron_block":10,"minecraft:golden_apple":66,"minecraft:oak_log":1,"minecraft:dirt":51},"minecraft:mined":{"minecraft:grass":2,"minecraft:grass_block":9,"framedblocks:framed_slope":11,"minecraft:dirt":37,"minecraft:oak_log":1}},"DataVersion":2586}