{"stats":{"minecraft:killed_by":{"minecraft:player":1},"minecraft:crafted":{"minecraft:oak_planks":4,"minecraft:iron_ingot":54},"minecraft:used":{"minecraft:iron_block":4,"framedblocks:framed_slope":5,"minecraft:cookie":5,"minecraft:golden_apple":6,"minecraft:dirt":7,"minecraft:cooked_porkchop":8,"minecraft:enchanted_golden_apple":4},"minecraft:dropped":{"minecraft:dirt":62,"minecraft:cooked_chicken":64,"minecraft:diamond_chestplate":4,"minecraft:leather_boots":1,"minecraft:blue_concrete":16},"minecraft:custom":{"minecraft:time_since_rest":2655,"minecraft:sprint_one_cm":396312,"minecraft:damage_absorbed":483,"minecraft:damage_taken":1700,"minecraft:walk_one_cm":242100,"minecraft:drop":84,"minecraft:damage_dealt":539,"minecraft:chair_used":1,"minecraft:fly_one_cm":510081,"minecraft:open_chest":31,"minecraft:crouch_one_cm":10206,"minecraft:play_one_minute":127006,"minecraft:deaths":1,"minecraft:sneak_time":4023,"minecraft:jump":1803,"minecraft:leave_game":3,"minecraft:walk_on_water_one_cm":1405,"minecraft:time_since_death":2623,"minecraft:sleep_in_bed":6,"minecraft:climb_one_cm":10212,"minecraft:damage_resisted":123,"minecraft:fall_one_cm":27978},"minecraft:picked_up":{"minecraft:leather_chestplate":1,"minecraft:cooked_porkchop":26,"minecraft:leather_leggings":1,"minecraft:cake":4,"minecraft:oak_log":1,"minecraft:cookie":506,"minecraft:blue_concrete":16,"minecraft:dirt":98,"minecraft:cooked_salmon":15,"minecraft:leather_boots":2,"framedblocks:framed_slope":11,"minecraft:diamond_chestplate":6,"minecraft:iron_block":10,"minecraft:golden_apple":66},"minecraft:mined":{"framedblocks:framed_slope":11,"minecraft:grass":2,"minecraft:grass_block":9,"minecraft:oak_log":1,"minecraft:dirt":37}},"DataVersion":2586}