{"stats":{"minecraft:crafted":{"minecraft:oak_planks":4,"minecraft:iron_ingot":54},"minecraft:used":{"minecraft:dirt":7,"framedblocks:framed_slope":5,"minecraft:iron_block":4,"minecraft:cooked_porkchop":2,"minecraft:enchanted_golden_apple":4,"minecraft:golden_apple":6},"minecraft:dropped":{"minecraft:dirt":61,"minecraft:blue_concrete":16,"minecraft:leather_boots":1},"minecraft:custom":{"minecraft:play_one_minute":100843,"minecraft:crouch_one_cm":6706,"minecraft:time_since_rest":61258,"minecraft:sprint_one_cm":269922,"minecraft:walk_one_cm":191704,"minecraft:sneak_time":2631,"minecraft:drop":78,"minecraft:jump":1492,"minecraft:damage_dealt":454,"minecraft:leave_game":2,"minecraft:time_since_death":100843,"minecraft:walk_on_water_one_cm":1405,"minecraft:sleep_in_bed":6,"minecraft:climb_one_cm":1480,"minecraft:chair_used":1,"minecraft:damage_resisted":123,"minecraft:fall_one_cm":21012,"minecraft:fly_one_cm":255855,"minecraft:damage_taken":1118,"minecraft:damage_absorbed":483},"minecraft:mined":{"minecraft:grass":2,"framedblocks:framed_slope":11,"minecraft:grass_block":9,"minecraft:oak_log":1,"minecraft:dirt":37},"minecraft:picked_up":{"minecraft:cooked_salmon":15,"minecraft:leather_chestplate":1,"minecraft:leather_boots":2,"minecraft:cooked_porkchop":6,"framedblocks:framed_slope":11,"minecraft:leather_leggings":1,"minecraft:iron_block":10,"minecraft:golden_apple":66,"minecraft:oak_log":1,"minecraft:blue_concrete":16,"minecraft:dirt":98}},"DataVersion":2586}