{"stats":{"minecraft:crafted":{"minecraft:oak_planks":4,"minecraft:iron_ingot":54},"minecraft:used":{"minecraft:dirt":7,"minecraft:iron_block":4,"framedblocks:framed_slope":5,"minecraft:enchanted_golden_apple":4,"minecraft:golden_apple":6},"minecraft:dropped":{"minecraft:leather_boots":1},"minecraft:custom":{"minecraft:damage_absorbed":483,"minecraft:play_one_minute":65103,"minecraft:time_since_rest":25518,"minecraft:crouch_one_cm":6535,"minecraft:sprint_one_cm":227303,"minecraft:damage_taken":963,"minecraft:walk_one_cm":133231,"minecraft:sneak_time":2595,"minecraft:drop":1,"minecraft:jump":1254,"minecraft:damage_dealt":427,"minecraft:leave_game":1,"minecraft:time_since_death":65103,"minecraft:walk_on_water_one_cm":1405,"minecraft:sleep_in_bed":6,"minecraft:damage_resisted":119,"minecraft:fall_one_cm":18671,"minecraft:fly_one_cm":210214},"minecraft:mined":{"minecraft:grass":2,"framedblocks:framed_slope":11,"minecraft:grass_block":9,"minecraft:oak_log":1,"minecraft:dirt":37},"minecraft:picked_up":{"minecraft:cooked_salmon":15,"minecraft:leather_chestplate":1,"minecraft:leather_boots":2,"framedblocks:framed_slope":11,"minecraft:leather_leggings":1,"minecraft:iron_block":10,"minecraft:golden_apple":66,"minecraft:oak_log":1,"minecraft:dirt":83}},"DataVersion":2586}