{"stats":{"minecraft:crafted":{"minecraft:oak_planks":4,"minecraft:iron_ingot":54},"minecraft:used":{"minecraft:dirt":7,"framedblocks:framed_slope":5,"minecraft:iron_block":4,"minecraft:cooked_porkchop":1,"minecraft:enchanted_golden_apple":4,"minecraft:golden_apple":6},"minecraft:dropped":{"minecraft:dirt":61,"minecraft:blue_concrete":16,"minecraft:leather_boots":1},"minecraft:custom":{"minecraft:play_one_minute":76843,"minecraft:crouch_one_cm":6706,"minecraft:time_since_rest":37258,"minecraft:sprint_one_cm":263481,"minecraft:walk_one_cm":171873,"minecraft:sneak_time":2631,"minecraft:drop":78,"minecraft:jump":1431,"minecraft:damage_dealt":435,"minecraft:leave_game":2,"minecraft:time_since_death":76843,"minecraft:walk_on_water_one_cm":1405,"minecraft:sleep_in_bed":6,"minecraft:damage_resisted":123,"minecraft:fall_one_cm":19536,"minecraft:fly_one_cm":247241,"minecraft:damage_taken":1001,"minecraft:damage_absorbed":483},"minecraft:mined":{"minecraft:grass":2,"framedblocks:framed_slope":11,"minecraft:grass_block":9,"minecraft:oak_log":1,"minecraft:dirt":37},"minecraft:picked_up":{"minecraft:cooked_salmon":15,"minecraft:leather_chestplate":1,"minecraft:leather_boots":2,"minecraft:cooked_porkchop":6,"framedblocks:framed_slope":11,"minecraft:leather_leggings":1,"minecraft:iron_block":10,"minecraft:golden_apple":66,"minecraft:oak_log":1,"minecraft:blue_concrete":16,"minecraft:dirt":98}},"DataVersion":2586}