{"stats":{"minecraft:killed_by":{"minecraft:player":3},"minecraft:used":{"minecraft:golden_apple":6,"minecraft:dirt":3,"minecraft:cooked_porkchop":2,"minecraft:enchanted_golden_apple":2},"minecraft:dropped":{"minecraft:leather_leggings":2,"minecraft:iron_trapdoor":4,"minecraft:leather_boots":1},"minecraft:custom":{"minecraft:damage_absorbed":241,"minecraft:time_since_rest":21373,"minecraft:play_one_minute":80534,"minecraft:crouch_one_cm":30060,"minecraft:sprint_one_cm":157462,"minecraft:damage_taken":3135,"minecraft:walk_one_cm":137253,"minecraft:deaths":5,"minecraft:sneak_time":9047,"minecraft:walk_under_water_one_cm":8,"minecraft:drop":7,"minecraft:jump":1539,"minecraft:damage_dealt":212,"minecraft:leave_game":4,"minecraft:time_since_death":21338,"minecraft:walk_on_water_one_cm":874,"minecraft:sleep_in_bed":6,"minecraft:chair_used":4,"minecraft:climb_one_cm":226,"minecraft:damage_resisted":101,"minecraft:swim_one_cm":419,"minecraft:fall_one_cm":34862,"minecraft:fly_one_cm":519335},"minecraft:picked_up":{"minecraft:leather_chestplate":2,"minecraft:leather_boots":2,"minecraft:cooked_porkchop":7,"minecraft:iron_trapdoor":4,"minecraft:leather_leggings":3,"minecraft:golden_apple":3,"minecraft:dirt":3},"minecraft:mined":{"minecraft:grass":1,"minecraft:grass_block":1,"minecraft:dirt":6,"minecraft:tall_grass":1}},"DataVersion":2586}