{"stats":{"minecraft:killed_by":{"minecraft:player":2},"minecraft:used":{"minecraft:golden_apple":5,"minecraft:dirt":3,"minecraft:enchanted_golden_apple":2},"minecraft:dropped":{"minecraft:leather_leggings":2,"minecraft:iron_trapdoor":4,"minecraft:leather_boots":1},"minecraft:custom":{"minecraft:time_since_rest":5899,"minecraft:damage_absorbed":241,"minecraft:play_one_minute":46493,"minecraft:crouch_one_cm":23340,"minecraft:sprint_one_cm":122679,"minecraft:walk_one_cm":87809,"minecraft:damage_taken":837,"minecraft:deaths":3,"minecraft:sneak_time":6642,"minecraft:walk_under_water_one_cm":8,"minecraft:drop":7,"minecraft:jump":1161,"minecraft:damage_dealt":161,"minecraft:walk_on_water_one_cm":182,"minecraft:time_since_death":5870,"minecraft:sleep_in_bed":6,"minecraft:damage_resisted":101,"minecraft:swim_one_cm":419,"minecraft:fall_one_cm":14615,"minecraft:fly_one_cm":335049},"minecraft:picked_up":{"minecraft:leather_chestplate":2,"minecraft:leather_boots":2,"minecraft:iron_trapdoor":4,"minecraft:leather_leggings":3,"minecraft:golden_apple":1,"minecraft:dirt":3},"minecraft:mined":{"minecraft:grass_block":1,"minecraft:grass":1,"minecraft:dirt":6,"minecraft:tall_grass":1}},"DataVersion":2586}