{"stats":{"minecraft:killed_by":{"minecraft:player":2},"minecraft:used":{"minecraft:golden_apple":5,"minecraft:dirt":3,"minecraft:cooked_porkchop":1,"minecraft:enchanted_golden_apple":2},"minecraft:dropped":{"minecraft:leather_leggings":2,"minecraft:iron_trapdoor":4,"minecraft:leather_boots":1},"minecraft:custom":{"minecraft:damage_absorbed":241,"minecraft:time_since_rest":7995,"minecraft:play_one_minute":56764,"minecraft:crouch_one_cm":24057,"minecraft:sprint_one_cm":135263,"minecraft:damage_taken":2697,"minecraft:walk_one_cm":98708,"minecraft:deaths":4,"minecraft:sneak_time":6868,"minecraft:walk_under_water_one_cm":8,"minecraft:drop":7,"minecraft:jump":1295,"minecraft:damage_dealt":177,"minecraft:leave_game":2,"minecraft:time_since_death":7970,"minecraft:walk_on_water_one_cm":874,"minecraft:sleep_in_bed":6,"minecraft:damage_resisted":101,"minecraft:swim_one_cm":419,"minecraft:fall_one_cm":33190,"minecraft:fly_one_cm":465172},"minecraft:picked_up":{"minecraft:leather_chestplate":2,"minecraft:leather_boots":2,"minecraft:cooked_porkchop":7,"minecraft:iron_trapdoor":4,"minecraft:leather_leggings":3,"minecraft:golden_apple":1,"minecraft:dirt":3},"minecraft:mined":{"minecraft:grass":1,"minecraft:grass_block":1,"minecraft:dirt":6,"minecraft:tall_grass":1}},"DataVersion":2586}