{"stats":{"minecraft:mined":{"minecraft:grass":1,"minecraft:grass_block":1,"minecraft:dirt":6,"minecraft:tall_grass":1},"minecraft:killed_by":{"minecraft:player":3},"minecraft:dropped":{"minecraft:iron_trapdoor":4,"minecraft:cooked_porkchop":63,"minecraft:leather_boots":1,"minecraft:poisonous_potato":1,"minecraft:cookie":299,"minecraft:leather_leggings":2,"minecraft:enchanted_golden_apple":2,"minecraft:golden_apple":1,"minecraft:end_rod":1},"minecraft:custom":{"minecraft:time_since_rest":168,"minecraft:damage_absorbed":291,"minecraft:sprint_one_cm":372600,"minecraft:damage_taken":4096,"minecraft:walk_one_cm":349741,"minecraft:drop":18,"minecraft:damage_dealt":402,"minecraft:chair_used":5,"minecraft:swim_one_cm":487,"minecraft:fly_one_cm":883295,"minecraft:open_chest":70,"minecraft:play_one_minute":138058,"minecraft:crouch_one_cm":38805,"minecraft:deaths":6,"minecraft:sneak_time":11441,"minecraft:walk_under_water_one_cm":1263,"minecraft:jump":3189,"minecraft:leave_game":5,"minecraft:time_since_death":86,"minecraft:walk_on_water_one_cm":891,"minecraft:sleep_in_bed":6,"minecraft:climb_one_cm":6522,"minecraft:damage_resisted":101,"minecraft:fall_one_cm":43084},"minecraft:picked_up":{"minecraft:crafting_table":1,"minecraft:leather_chestplate":2,"minecraft:iron_trapdoor":4,"minecraft:chicken":1,"minecraft:cooked_porkchop":222,"minecraft:leather_leggings":3,"minecraft:poisonous_potato":1,"minecraft:cake":17,"minecraft:cookie":784,"minecraft:golden_chestplate":1,"minecraft:dirt":3,"minecraft:leather_boots":2,"cgm:stun_grenade":23,"minecraft:black_concrete":16,"minecraft:netherite_helmet":1,"minecraft:golden_apple":21,"minecraft:end_rod":1,"minecraft:enchanted_golden_apple":4,"minecraft:glass_bottle":1},"minecraft:used":{"minecraft:chicken":1,"cgm:stun_grenade":18,"minecraft:cooked_chicken":1,"minecraft:cookie":23,"minecraft:golden_apple":11,"minecraft:dirt":3,"minecraft:cooked_porkchop":4,"minecraft:cooked_beef":3,"minecraft:enchanted_golden_apple":2}},"DataVersion":2586}