{"stats":{"minecraft:killed_by":{"minecraft:player":3},"minecraft:used":{"minecraft:cooked_chicken":1,"minecraft:cookie":17,"minecraft:golden_apple":11,"minecraft:dirt":3,"minecraft:cooked_porkchop":4,"minecraft:cooked_beef":3,"minecraft:enchanted_golden_apple":2},"minecraft:dropped":{"minecraft:iron_trapdoor":4,"minecraft:cooked_porkchop":63,"minecraft:leather_boots":1,"minecraft:cookie":256,"minecraft:leather_leggings":2,"minecraft:golden_apple":1},"minecraft:custom":{"minecraft:time_since_rest":57373,"minecraft:sprint_one_cm":329559,"minecraft:walk_one_cm":261272,"minecraft:damage_taken":3936,"minecraft:damage_absorbed":291,"minecraft:drop":13,"minecraft:damage_dealt":314,"minecraft:chair_used":4,"minecraft:swim_one_cm":419,"minecraft:fly_one_cm":826442,"minecraft:open_chest":70,"minecraft:crouch_one_cm":35753,"minecraft:play_one_minute":116534,"minecraft:deaths":5,"minecraft:sneak_time":10445,"minecraft:walk_under_water_one_cm":8,"minecraft:jump":2832,"minecraft:leave_game":4,"minecraft:walk_on_water_one_cm":874,"minecraft:time_since_death":57338,"minecraft:sleep_in_bed":6,"minecraft:climb_one_cm":6522,"minecraft:damage_resisted":101,"minecraft:fall_one_cm":43084},"minecraft:mined":{"minecraft:grass":1,"minecraft:grass_block":1,"minecraft:dirt":6,"minecraft:tall_grass":1},"minecraft:picked_up":{"minecraft:crafting_table":1,"minecraft:leather_chestplate":2,"minecraft:iron_trapdoor":4,"minecraft:cooked_porkchop":200,"minecraft:leather_leggings":3,"minecraft:cake":17,"minecraft:cookie":784,"minecraft:golden_chestplate":1,"minecraft:dirt":3,"minecraft:leather_boots":2,"minecraft:black_concrete":16,"minecraft:netherite_helmet":1,"minecraft:golden_apple":21,"minecraft:glass_bottle":1}},"DataVersion":2586}