{"stats":{"minecraft:killed_by":{"minecraft:player":1},"minecraft:used":{"minecraft:golden_apple":4},"minecraft:dropped":{"minecraft:leather_leggings":2,"minecraft:iron_trapdoor":4,"minecraft:leather_boots":1},"minecraft:custom":{"minecraft:time_since_rest":1267,"minecraft:damage_absorbed":41,"minecraft:play_one_minute":22493,"minecraft:crouch_one_cm":4473,"minecraft:sprint_one_cm":63996,"minecraft:walk_one_cm":58978,"minecraft:damage_taken":307,"minecraft:deaths":1,"minecraft:sneak_time":1215,"minecraft:drop":7,"minecraft:jump":540,"minecraft:damage_dealt":130,"minecraft:time_since_death":22062,"minecraft:sleep_in_bed":6,"minecraft:fall_one_cm":1103,"minecraft:fly_one_cm":103409},"minecraft:picked_up":{"minecraft:leather_chestplate":2,"minecraft:leather_boots":2,"minecraft:iron_trapdoor":4,"minecraft:leather_leggings":3,"minecraft:golden_apple":1}},"DataVersion":2586}