{"stats":{"minecraft:killed_by":{"minecraft:player":3},"minecraft:used":{"minecraft:cooked_chicken":1,"minecraft:golden_apple":6,"minecraft:dirt":3,"minecraft:cooked_porkchop":4,"minecraft:enchanted_golden_apple":2},"minecraft:dropped":{"minecraft:iron_trapdoor":4,"minecraft:cooked_porkchop":63,"minecraft:leather_boots":1,"minecraft:leather_leggings":2,"minecraft:golden_apple":1},"minecraft:custom":{"minecraft:time_since_rest":33373,"minecraft:sprint_one_cm":211538,"minecraft:walk_one_cm":174361,"minecraft:damage_taken":3258,"minecraft:damage_absorbed":241,"minecraft:drop":9,"minecraft:damage_dealt":246,"minecraft:chair_used":4,"minecraft:swim_one_cm":419,"minecraft:fly_one_cm":626760,"minecraft:open_chest":6,"minecraft:crouch_one_cm":33444,"minecraft:play_one_minute":92534,"minecraft:deaths":5,"minecraft:sneak_time":9968,"minecraft:walk_under_water_one_cm":8,"minecraft:jump":2062,"minecraft:leave_game":4,"minecraft:walk_on_water_one_cm":874,"minecraft:time_since_death":33338,"minecraft:sleep_in_bed":6,"minecraft:climb_one_cm":979,"minecraft:damage_resisted":101,"minecraft:fall_one_cm":39724},"minecraft:mined":{"minecraft:grass":1,"minecraft:grass_block":1,"minecraft:dirt":6,"minecraft:tall_grass":1},"minecraft:picked_up":{"minecraft:leather_chestplate":2,"minecraft:iron_trapdoor":4,"minecraft:cooked_porkchop":200,"minecraft:leather_leggings":3,"minecraft:cake":8,"minecraft:cookie":185,"minecraft:golden_chestplate":1,"minecraft:dirt":3,"minecraft:leather_boots":2,"minecraft:netherite_helmet":1,"minecraft:golden_apple":3,"minecraft:glass_bottle":1}},"DataVersion":2586}