{"stats":{"minecraft:killed_by":{"minecraft:player":2},"minecraft:used":{"minecraft:golden_apple":5,"minecraft:dirt":3},"minecraft:dropped":{"minecraft:leather_leggings":2,"minecraft:iron_trapdoor":4,"minecraft:leather_boots":1},"minecraft:custom":{"minecraft:time_since_rest":3860,"minecraft:damage_absorbed":81,"minecraft:play_one_minute":34493,"minecraft:crouch_one_cm":20515,"minecraft:sprint_one_cm":95043,"minecraft:walk_one_cm":76015,"minecraft:damage_taken":573,"minecraft:deaths":2,"minecraft:sneak_time":5874,"minecraft:walk_under_water_one_cm":8,"minecraft:drop":7,"minecraft:jump":810,"minecraft:damage_dealt":146,"minecraft:walk_on_water_one_cm":182,"minecraft:time_since_death":3836,"minecraft:sleep_in_bed":6,"minecraft:swim_one_cm":419,"minecraft:fall_one_cm":10590,"minecraft:fly_one_cm":170417},"minecraft:picked_up":{"minecraft:leather_chestplate":2,"minecraft:leather_boots":2,"minecraft:iron_trapdoor":4,"minecraft:leather_leggings":3,"minecraft:golden_apple":1,"minecraft:dirt":3},"minecraft:mined":{"minecraft:grass_block":1,"minecraft:grass":1,"minecraft:dirt":6,"minecraft:tall_grass":1}},"DataVersion":2586}