{"stats":{"minecraft:killed_by":{"minecraft:player":1},"minecraft:dropped":{"minecraft:leather_leggings":2,"minecraft:leather_boots":1,"minecraft:iron_trapdoor":4},"minecraft:custom":{"minecraft:jump":230,"minecraft:time_since_rest":7022,"minecraft:crouch_one_cm":2275,"minecraft:damage_dealt":90,"minecraft:play_one_minute":10493,"minecraft:deaths":1,"minecraft:sprint_one_cm":29191,"minecraft:damage_taken":266,"minecraft:time_since_death":10062,"minecraft:walk_one_cm":25093,"minecraft:sleep_in_bed":1,"minecraft:sneak_time":698,"minecraft:drop":7,"minecraft:fall_one_cm":627,"minecraft:fly_one_cm":49702},"minecraft:picked_up":{"minecraft:leather_boots":2,"minecraft:leather_chestplate":1,"minecraft:iron_trapdoor":4,"minecraft:leather_leggings":3}},"DataVersion":2586}