{"stats":{"minecraft:killed_by":{"minecraft:player":3},"minecraft:used":{"minecraft:cooked_chicken":1,"minecraft:golden_apple":11,"minecraft:dirt":3,"minecraft:cooked_porkchop":4,"minecraft:cooked_beef":3,"minecraft:enchanted_golden_apple":2},"minecraft:dropped":{"minecraft:iron_trapdoor":4,"minecraft:cooked_porkchop":63,"minecraft:leather_boots":1,"minecraft:cookie":192,"minecraft:leather_leggings":2,"minecraft:golden_apple":1},"minecraft:custom":{"minecraft:time_since_rest":45373,"minecraft:sprint_one_cm":269034,"minecraft:walk_one_cm":200156,"minecraft:damage_taken":3736,"minecraft:damage_absorbed":291,"minecraft:drop":12,"minecraft:damage_dealt":304,"minecraft:chair_used":4,"minecraft:swim_one_cm":419,"minecraft:fly_one_cm":767127,"minecraft:open_chest":70,"minecraft:crouch_one_cm":34040,"minecraft:play_one_minute":104534,"minecraft:deaths":5,"minecraft:sneak_time":10092,"minecraft:walk_under_water_one_cm":8,"minecraft:jump":2572,"minecraft:leave_game":4,"minecraft:walk_on_water_one_cm":874,"minecraft:time_since_death":45338,"minecraft:sleep_in_bed":6,"minecraft:climb_one_cm":6522,"minecraft:damage_resisted":101,"minecraft:fall_one_cm":42457},"minecraft:mined":{"minecraft:grass":1,"minecraft:grass_block":1,"minecraft:dirt":6,"minecraft:tall_grass":1},"minecraft:picked_up":{"minecraft:crafting_table":1,"minecraft:leather_chestplate":2,"minecraft:iron_trapdoor":4,"minecraft:cooked_porkchop":200,"minecraft:leather_leggings":3,"minecraft:cake":17,"minecraft:cookie":656,"minecraft:golden_chestplate":1,"minecraft:dirt":3,"minecraft:leather_boots":2,"minecraft:black_concrete":16,"minecraft:netherite_helmet":1,"minecraft:golden_apple":21,"minecraft:glass_bottle":1}},"DataVersion":2586}