{"stats":{"minecraft:used":{"minecraft:golden_apple":12,"minecraft:dirt":7,"minecraft:enchanted_golden_apple":2},"minecraft:custom":{"minecraft:time_since_rest":12487,"minecraft:crouch_one_cm":3467,"minecraft:play_one_minute":78279,"minecraft:sprint_one_cm":150340,"minecraft:damage_taken":3200,"minecraft:damage_absorbed":334,"minecraft:walk_one_cm":149359,"minecraft:sneak_time":2596,"minecraft:walk_under_water_one_cm":2383,"minecraft:drop":32,"minecraft:jump":2127,"minecraft:damage_dealt":782,"minecraft:leave_game":1,"minecraft:time_since_death":12406,"minecraft:walk_on_water_one_cm":4532,"minecraft:sleep_in_bed":7,"minecraft:damage_resisted":422,"minecraft:player_kills":1,"minecraft:swim_one_cm":4330,"minecraft:fall_one_cm":50682,"minecraft:fly_one_cm":639524,"minecraft:deaths":1},"minecraft:dropped":{"minecraft:dirt":4,"minecraft:leather_leggings":4,"minecraft:leather_chestplate":4,"minecraft:golden_apple":17,"minecraft:leather_boots":5,"minecraft:cooked_salmon":1},"minecraft:mined":{"minecraft:dirt":13},"minecraft:picked_up":{"minecraft:cooked_salmon":15,"minecraft:leather_chestplate":5,"minecraft:leather_boots":5,"minecraft:leather_leggings":5,"minecraft:golden_apple":24,"minecraft:dirt":76}},"DataVersion":2586}