{"stats":{"minecraft:broken":{"minecraft:leather_boots":1,"minecraft:leather_leggings":1},"minecraft:used":{"minecraft:golden_apple":14,"minecraft:dirt":7,"minecraft:cooked_porkchop":1,"minecraft:enchanted_golden_apple":5},"minecraft:dropped":{"minecraft:leather_chestplate":4,"minecraft:dirt":4,"minecraft:oak_log":1,"minecraft:leather_boots":6,"minecraft:cooked_salmon":1,"minecraft:leather_leggings":4,"cgm:missile":1,"minecraft:enchanted_golden_apple":2,"minecraft:golden_apple":65},"minecraft:custom":{"minecraft:time_since_rest":24716,"minecraft:sprint_one_cm":166046,"minecraft:walk_one_cm":185998,"minecraft:damage_taken":3330,"minecraft:damage_absorbed":619,"minecraft:drop":85,"minecraft:damage_dealt":974,"minecraft:chair_used":6,"minecraft:swim_one_cm":4330,"minecraft:fly_one_cm":728299,"minecraft:player_kills":1,"minecraft:play_one_minute":90508,"minecraft:crouch_one_cm":3499,"minecraft:deaths":1,"minecraft:sneak_time":2782,"minecraft:walk_under_water_one_cm":2383,"minecraft:jump":2313,"minecraft:leave_game":2,"minecraft:walk_on_water_one_cm":4532,"minecraft:time_since_death":24635,"minecraft:sleep_in_bed":7,"minecraft:climb_one_cm":1756,"minecraft:damage_resisted":489,"minecraft:fall_one_cm":52845},"minecraft:mined":{"minecraft:dirt":13},"minecraft:picked_up":{"minecraft:leather_chestplate":6,"minecraft:cooked_porkchop":28,"minecraft:leather_leggings":6,"cgm:missile":1,"minecraft:oak_log":1,"minecraft:dirt":76,"minecraft:cooked_salmon":15,"minecraft:leather_boots":7,"minecraft:golden_apple":90,"minecraft:enchanted_golden_apple":5}},"DataVersion":2586}