{"stats":{"minecraft:killed_by":{"minecraft:player":1},"minecraft:crafted":{"minecraft:oak_planks":8},"minecraft:broken":{"minecraft:leather_boots":1,"minecraft:leather_leggings":1},"minecraft:used":{"cgm:stun_grenade":2,"minecraft:cooked_chicken":4,"minecraft:cookie":1,"minecraft:golden_apple":14,"minecraft:dirt":7,"minecraft:cooked_porkchop":3,"minecraft:cooked_beef":3,"minecraft:enchanted_golden_apple":5},"minecraft:dropped":{"minecraft:dirt":4,"minecraft:leather_chestplate":6,"minecraft:cooked_beef":2,"minecraft:cooked_chicken":14,"minecraft:oak_log":1,"minecraft:cooked_porkchop":29,"minecraft:leather_boots":6,"minecraft:cooked_salmon":1,"minecraft:cookie":1,"minecraft:leather_leggings":4,"cgm:missile":1,"minecraft:oak_planks":4,"minecraft:enchanted_golden_apple":2,"pfm:furniture_book":1,"minecraft:black_concrete":31,"minecraft:golden_apple":82},"minecraft:custom":{"minecraft:time_since_rest":16,"minecraft:sprint_one_cm":267945,"minecraft:damage_absorbed":619,"minecraft:damage_taken":4288,"minecraft:walk_one_cm":272673,"minecraft:drop":186,"minecraft:damage_dealt":1111,"minecraft:chair_used":19,"minecraft:swim_one_cm":4330,"minecraft:fly_one_cm":875055,"minecraft:player_kills":1,"minecraft:open_chest":36,"minecraft:crouch_one_cm":5161,"minecraft:play_one_minute":126126,"minecraft:deaths":2,"minecraft:sneak_time":3946,"minecraft:walk_under_water_one_cm":2383,"minecraft:jump":3023,"minecraft:leave_game":2,"minecraft:walk_on_water_one_cm":4532,"minecraft:time_since_death":0,"minecraft:sleep_in_bed":7,"minecraft:climb_one_cm":15577,"minecraft:damage_resisted":489,"minecraft:fall_one_cm":67809},"minecraft:mined":{"minecraft:dirt":13},"minecraft:picked_up":{"minecraft:stick":4,"minecraft:leather_chestplate":9,"minecraft:cooked_porkchop":44,"minecraft:leather_leggings":7,"cgm:missile":1,"minecraft:cake":6,"minecraft:oak_log":3,"minecraft:cookie":360,"minecraft:golden_chestplate":2,"minecraft:dirt":152,"minecraft:cooked_salmon":15,"minecraft:leather_boots":8,"cgm:stun_grenade":2,"minecraft:black_concrete":31,"minecraft:golden_apple":100,"pfm:furniture_book":1,"minecraft:enchanted_golden_apple":5,"minecraft:chest":1,"minecraft:oak_planks":10,"minecraft:cobblestone":2}},"DataVersion":2586}