{"stats":{"minecraft:used":{"minecraft:golden_apple":11},"minecraft:dropped":{"minecraft:leather_leggings":4,"minecraft:leather_chestplate":4,"minecraft:golden_apple":14,"minecraft:leather_boots":5,"minecraft:cooked_salmon":1},"minecraft:custom":{"minecraft:time_since_rest":2294,"minecraft:damage_absorbed":51,"minecraft:play_one_minute":42458,"minecraft:crouch_one_cm":2678,"minecraft:sprint_one_cm":84174,"minecraft:damage_taken":1069,"minecraft:walk_one_cm":101366,"minecraft:sneak_time":1042,"minecraft:drop":28,"minecraft:jump":1092,"minecraft:damage_dealt":483,"minecraft:time_since_death":42458,"minecraft:sleep_in_bed":7,"minecraft:fall_one_cm":5047,"minecraft:fly_one_cm":319498},"minecraft:picked_up":{"minecraft:cooked_salmon":15,"minecraft:leather_boots":5,"minecraft:leather_chestplate":4,"minecraft:leather_leggings":4,"minecraft:golden_apple":23}},"DataVersion":2586}