{"stats":{"minecraft:crafted":{"minecraft:oak_planks":8},"minecraft:broken":{"minecraft:leather_boots":1,"minecraft:leather_leggings":1},"minecraft:used":{"cgm:stun_grenade":2,"minecraft:cooked_chicken":3,"minecraft:golden_apple":14,"minecraft:dirt":7,"minecraft:cooked_porkchop":1,"minecraft:enchanted_golden_apple":5},"minecraft:dropped":{"minecraft:dirt":4,"minecraft:leather_chestplate":6,"minecraft:oak_log":1,"minecraft:cooked_porkchop":29,"minecraft:leather_boots":6,"minecraft:cooked_salmon":1,"minecraft:cookie":1,"minecraft:leather_leggings":4,"cgm:missile":1,"minecraft:oak_planks":4,"minecraft:enchanted_golden_apple":2,"pfm:furniture_book":1,"minecraft:golden_apple":82},"minecraft:custom":{"minecraft:time_since_rest":48334,"minecraft:sprint_one_cm":224471,"minecraft:damage_absorbed":619,"minecraft:damage_taken":3558,"minecraft:walk_one_cm":245148,"minecraft:drop":139,"minecraft:damage_dealt":1040,"minecraft:chair_used":19,"minecraft:swim_one_cm":4330,"minecraft:fly_one_cm":815949,"minecraft:player_kills":1,"minecraft:open_chest":6,"minecraft:crouch_one_cm":5120,"minecraft:play_one_minute":114126,"minecraft:deaths":1,"minecraft:sneak_time":3915,"minecraft:walk_under_water_one_cm":2383,"minecraft:jump":2752,"minecraft:leave_game":2,"minecraft:walk_on_water_one_cm":4532,"minecraft:time_since_death":48253,"minecraft:sleep_in_bed":7,"minecraft:climb_one_cm":6440,"minecraft:damage_resisted":489,"minecraft:fall_one_cm":59871},"minecraft:mined":{"minecraft:dirt":13},"minecraft:picked_up":{"minecraft:leather_chestplate":9,"minecraft:cooked_porkchop":44,"minecraft:leather_leggings":7,"cgm:missile":1,"minecraft:cake":3,"minecraft:oak_log":3,"minecraft:cookie":84,"minecraft:golden_chestplate":2,"minecraft:dirt":88,"minecraft:cooked_salmon":15,"minecraft:leather_boots":8,"cgm:stun_grenade":2,"minecraft:golden_apple":100,"pfm:furniture_book":1,"minecraft:enchanted_golden_apple":5}},"DataVersion":2586}