{"stats":{"minecraft:used":{"minecraft:golden_apple":12,"minecraft:dirt":7},"minecraft:custom":{"minecraft:time_since_rest":14115,"minecraft:crouch_one_cm":3240,"minecraft:play_one_minute":54279,"minecraft:sprint_one_cm":121408,"minecraft:damage_taken":1760,"minecraft:damage_absorbed":91,"minecraft:walk_one_cm":122599,"minecraft:sneak_time":1765,"minecraft:walk_under_water_one_cm":2383,"minecraft:drop":32,"minecraft:jump":1515,"minecraft:damage_dealt":491,"minecraft:leave_game":1,"minecraft:time_since_death":54279,"minecraft:walk_on_water_one_cm":2988,"minecraft:sleep_in_bed":7,"minecraft:swim_one_cm":4330,"minecraft:fall_one_cm":24648,"minecraft:fly_one_cm":386992},"minecraft:dropped":{"minecraft:dirt":4,"minecraft:leather_leggings":4,"minecraft:leather_chestplate":4,"minecraft:golden_apple":17,"minecraft:leather_boots":5,"minecraft:cooked_salmon":1},"minecraft:mined":{"minecraft:dirt":13},"minecraft:picked_up":{"minecraft:cooked_salmon":15,"minecraft:leather_chestplate":5,"minecraft:leather_boots":5,"minecraft:leather_leggings":5,"minecraft:golden_apple":24,"minecraft:dirt":12}},"DataVersion":2586}