{"stats":{"minecraft:used":{"minecraft:golden_apple":10},"minecraft:dropped":{"minecraft:leather_leggings":1,"minecraft:leather_chestplate":1,"minecraft:cooked_salmon":1},"minecraft:custom":{"minecraft:jump":373,"minecraft:time_since_rest":2656,"minecraft:damage_dealt":156,"minecraft:crouch_one_cm":1320,"minecraft:play_one_minute":18458,"minecraft:sprint_one_cm":34943,"minecraft:damage_taken":119,"minecraft:time_since_death":18458,"minecraft:walk_one_cm":38930,"minecraft:sleep_in_bed":3,"minecraft:sneak_time":749,"minecraft:drop":3,"minecraft:fall_one_cm":987,"minecraft:fly_one_cm":118811,"minecraft:damage_absorbed":51},"minecraft:picked_up":{"minecraft:cooked_salmon":15,"minecraft:leather_chestplate":1,"minecraft:leather_leggings":1,"minecraft:golden_apple":1}},"DataVersion":2586}