{"stats":{"minecraft:used":{"minecraft:golden_apple":10},"minecraft:dropped":{"minecraft:leather_leggings":3,"minecraft:leather_chestplate":4,"minecraft:leather_boots":4,"minecraft:cooked_salmon":1},"minecraft:custom":{"minecraft:time_since_rest":14656,"minecraft:damage_absorbed":51,"minecraft:play_one_minute":30458,"minecraft:crouch_one_cm":1569,"minecraft:sprint_one_cm":55244,"minecraft:damage_taken":917,"minecraft:walk_one_cm":68479,"minecraft:sneak_time":791,"minecraft:drop":12,"minecraft:jump":785,"minecraft:damage_dealt":339,"minecraft:time_since_death":30458,"minecraft:sleep_in_bed":3,"minecraft:fall_one_cm":3223,"minecraft:fly_one_cm":232691},"minecraft:picked_up":{"minecraft:cooked_salmon":15,"minecraft:leather_boots":4,"minecraft:leather_chestplate":4,"minecraft:leather_leggings":3,"minecraft:golden_apple":1}},"DataVersion":2586}