{"stats":{"minecraft:killed_by":{"minecraft:player":4,"minecraft:zombie":1},"minecraft:crafted":{"minecraft:oak_planks":4,"minecraft:crafting_table":1},"minecraft:used":{"minecraft:netherite_sword":16,"minecraft:blue_terracotta":4,"theatrical:dmx_cable":4,"theatrical:dimmer_rack":1,"cgm:pistol":21,"pfm:stripped_crimson_chair":1,"framedblocks:framed_corner_slope":1,"minecraft:golden_apple":12,"minecraft:dirt":7,"minecraft:crafting_table":1,"theatrical:socapex_cable":1,"theatrical:moving_light":1,"cgm:rifle":4,"minecraft:lever":3,"minecraft:black_wool":4,"theatrical:socapex_distribution":1,"minecraft:command_block":11,"cgm:shotgun":5,"minecraft:iron_block":22,"minecraft:grass_block":1,"theatrical:power_cable":4,"cgm:assault_rifle":64,"minecraft:stone_bricks":2,"minecraft:diamond_sword":117,"minecraft:cooked_porkchop":1,"minecraft:white_stained_glass":1,"minecraft:chain_command_block":4,"minecraft:white_concrete":1,"minecraft:cooked_beef":1,"minecraft:enchanted_golden_apple":5,"cgm:heavy_rifle":4,"theatrical:basic_lighting_desk":4},"minecraft:dropped":{"cgm:assault_rifle":1},"minecraft:custom":{"minecraft:mob_kills":15,"minecraft:play_one_minute":326688,"minecraft:leave_game":23,"minecraft:time_since_death":23680,"minecraft:sleep_in_bed":1,"minecraft:damage_resisted":52,"minecraft:climb_one_cm":1607,"minecraft:time_since_rest":23777,"minecraft:walk_one_cm":575638,"minecraft:sprint_one_cm":205830,"minecraft:damage_taken":2683,"minecraft:damage_absorbed":104,"minecraft:drop":1,"minecraft:damage_dealt":3837,"minecraft:chair_used":2,"minecraft:fly_one_cm":1161586,"minecraft:open_chest":7,"minecraft:crouch_one_cm":11173,"minecraft:deaths":11,"minecraft:sneak_time":4765,"minecraft:walk_under_water_one_cm":7067,"minecraft:jump":1524,"minecraft:walk_on_water_one_cm":5567,"minecraft:fall_one_cm":16247},"minecraft:mined":{"minecraft:lever":1,"minecraft:grass_block":5,"minecraft:grass":3,"minecraft:oak_log":4,"minecraft:dirt":11},"minecraft:picked_up":{"minecraft:oak_log":4,"minecraft:gunpowder":5,"minecraft:dirt":28,"minecraft:leather_boots":1,"minecraft:bone":5,"minecraft:bow":1,"minecraft:wheat_seeds":4,"cgm:bazooka":1,"minecraft:stick":4,"minecraft:cooked_porkchop":13,"minecraft:cake":1,"minecraft:cookie":44,"theatrical:moving_light":1,"cgm:pistol":1,"minecraft:command_block":1,"minecraft:arrow":6,"minecraft:rotten_flesh":4,"minecraft:black_concrete":16,"minecraft:polished_blackstone_button":1,"minecraft:lever":1,"cgm:assault_rifle":1,"minecraft:iron_block":1,"minecraft:golden_apple":6,"framedblocks:framed_stairs":1,"minecraft:ender_pearl":1},"minecraft:killed":{"minecraft:witch":1,"minecraft:zombie_villager":1,"minecraft:creeper":4,"minecraft:skeleton":6,"minecraft:zombie":2,"minecraft:enderman":1}},"DataVersion":2586}