{"stats":{"minecraft:killed":{"minecraft:skeleton":6,"minecraft:zombie":2,"minecraft:witch":1,"minecraft:zombie_villager":1,"minecraft:creeper":4,"minecraft:enderman":1},"minecraft:mined":{"minecraft:lever":1,"minecraft:grass":3},"minecraft:used":{"minecraft:netherite_sword":16,"minecraft:lever":3,"minecraft:blue_terracotta":4,"minecraft:command_block":9,"cgm:shotgun":5,"minecraft:iron_block":18,"minecraft:grass_block":1,"pfm:stripped_crimson_chair":1,"framedblocks:framed_corner_slope":1,"cgm:assault_rifle":63,"minecraft:stone_bricks":2,"minecraft:diamond_sword":117,"minecraft:white_stained_glass":1,"minecraft:white_concrete":1,"cgm:rifle":3},"minecraft:picked_up":{"minecraft:stick":4,"minecraft:gunpowder":5,"minecraft:command_block":1,"minecraft:bone":5,"minecraft:arrow":6,"minecraft:rotten_flesh":4,"minecraft:bow":1,"minecraft:wheat_seeds":4,"minecraft:lever":1,"cgm:assault_rifle":1,"minecraft:polished_blackstone_button":1,"minecraft:iron_block":1,"minecraft:ender_pearl":1},"minecraft:custom":{"minecraft:time_since_rest":6090,"minecraft:sprint_one_cm":67926,"minecraft:damage_taken":753,"minecraft:walk_one_cm":215828,"minecraft:mob_kills":15,"minecraft:drop":1,"minecraft:damage_dealt":3802,"minecraft:chair_used":1,"minecraft:fly_one_cm":683558,"minecraft:crouch_one_cm":6025,"minecraft:play_one_minute":156286,"minecraft:deaths":5,"minecraft:sneak_time":2419,"minecraft:walk_under_water_one_cm":6895,"minecraft:jump":347,"minecraft:leave_game":13,"minecraft:walk_on_water_one_cm":178,"minecraft:time_since_death":6058,"minecraft:fall_one_cm":3683},"minecraft:dropped":{"cgm:assault_rifle":1},"minecraft:killed_by":{"minecraft:zombie":1}},"DataVersion":2586}