{"stats":{"minecraft:killed":{"minecraft:skeleton":6,"minecraft:zombie":2,"minecraft:witch":1,"minecraft:zombie_villager":1,"minecraft:creeper":4,"minecraft:enderman":1},"minecraft:mined":{"minecraft:grass":3},"minecraft:used":{"minecraft:netherite_sword":16,"minecraft:lever":1,"minecraft:blue_terracotta":4,"minecraft:command_block":4,"cgm:shotgun":5,"minecraft:iron_block":8,"minecraft:grass_block":1,"pfm:stripped_crimson_chair":1,"framedblocks:framed_corner_slope":1,"cgm:assault_rifle":63,"minecraft:stone_bricks":2,"minecraft:diamond_sword":117,"minecraft:white_stained_glass":1,"minecraft:white_concrete":1,"cgm:rifle":3},"minecraft:picked_up":{"minecraft:stick":4,"minecraft:gunpowder":5,"minecraft:bone":5,"minecraft:arrow":6,"minecraft:rotten_flesh":4,"minecraft:bow":1,"minecraft:wheat_seeds":4,"cgm:assault_rifle":1,"minecraft:polished_blackstone_button":1,"minecraft:ender_pearl":1},"minecraft:custom":{"minecraft:time_since_rest":29786,"minecraft:sprint_one_cm":58767,"minecraft:damage_taken":553,"minecraft:walk_one_cm":166825,"minecraft:mob_kills":15,"minecraft:drop":1,"minecraft:damage_dealt":3802,"minecraft:chair_used":1,"minecraft:fly_one_cm":525257,"minecraft:crouch_one_cm":1613,"minecraft:play_one_minute":108286,"minecraft:deaths":2,"minecraft:sneak_time":977,"minecraft:walk_under_water_one_cm":6002,"minecraft:jump":282,"minecraft:leave_game":13,"minecraft:walk_on_water_one_cm":86,"minecraft:time_since_death":29636,"minecraft:fall_one_cm":3279},"minecraft:dropped":{"cgm:assault_rifle":1},"minecraft:killed_by":{"minecraft:zombie":1}},"DataVersion":2586}