{"stats":{"minecraft:killed_by":{"minecraft:player":3,"minecraft:zombie":1},"minecraft:used":{"minecraft:netherite_sword":16,"minecraft:lever":3,"minecraft:blue_terracotta":4,"minecraft:black_wool":4,"theatrical:dmx_cable":4,"theatrical:socapex_distribution":1,"theatrical:dimmer_rack":1,"minecraft:command_block":11,"cgm:shotgun":5,"cgm:pistol":21,"minecraft:iron_block":22,"minecraft:grass_block":1,"pfm:stripped_crimson_chair":1,"theatrical:power_cable":4,"framedblocks:framed_corner_slope":1,"cgm:assault_rifle":63,"minecraft:stone_bricks":2,"minecraft:diamond_sword":117,"theatrical:socapex_cable":1,"minecraft:white_stained_glass":1,"minecraft:chain_command_block":4,"theatrical:moving_light":1,"minecraft:white_concrete":1,"cgm:rifle":3,"cgm:heavy_rifle":4,"theatrical:basic_lighting_desk":4},"minecraft:dropped":{"cgm:assault_rifle":1},"minecraft:custom":{"minecraft:time_since_rest":37777,"minecraft:sprint_one_cm":96985,"minecraft:damage_taken":1578,"minecraft:walk_one_cm":296059,"minecraft:mob_kills":15,"minecraft:drop":1,"minecraft:damage_dealt":3802,"minecraft:chair_used":1,"minecraft:fly_one_cm":994378,"minecraft:crouch_one_cm":7429,"minecraft:play_one_minute":243499,"minecraft:deaths":9,"minecraft:sneak_time":3711,"minecraft:walk_under_water_one_cm":6895,"minecraft:jump":592,"minecraft:leave_game":20,"minecraft:walk_on_water_one_cm":178,"minecraft:time_since_death":37742,"minecraft:fall_one_cm":4929},"minecraft:mined":{"minecraft:lever":1,"minecraft:grass":3},"minecraft:picked_up":{"minecraft:stick":4,"minecraft:gunpowder":5,"theatrical:moving_light":1,"cgm:pistol":1,"minecraft:leather_boots":1,"minecraft:arrow":6,"minecraft:bone":5,"minecraft:command_block":1,"minecraft:rotten_flesh":4,"minecraft:bow":1,"minecraft:black_concrete":16,"minecraft:wheat_seeds":4,"minecraft:polished_blackstone_button":1,"minecraft:lever":1,"cgm:assault_rifle":1,"minecraft:iron_block":1,"cgm:bazooka":1,"framedblocks:framed_stairs":1,"minecraft:ender_pearl":1},"minecraft:killed":{"minecraft:skeleton":6,"minecraft:zombie":2,"minecraft:witch":1,"minecraft:zombie_villager":1,"minecraft:creeper":4,"minecraft:enderman":1}},"DataVersion":2586}