{"stats":{"minecraft:killed_by":{"minecraft:player":5,"minecraft:zombie":1},"minecraft:crafted":{"minecraft:oak_planks":4,"minecraft:crafting_table":1},"minecraft:used":{"minecraft:netherite_sword":16,"minecraft:blue_terracotta":4,"theatrical:dmx_cable":4,"theatrical:dimmer_rack":1,"cgm:pistol":21,"pfm:stripped_crimson_chair":1,"framedblocks:framed_corner_slope":1,"minecraft:cooked_chicken":3,"minecraft:cookie":5,"minecraft:golden_apple":12,"minecraft:dirt":7,"minecraft:crafting_table":1,"theatrical:socapex_cable":1,"theatrical:moving_light":1,"cgm:rifle":4,"minecraft:lever":3,"minecraft:black_wool":4,"theatrical:socapex_distribution":1,"minecraft:command_block":11,"cgm:shotgun":5,"minecraft:iron_block":22,"minecraft:grass_block":1,"theatrical:power_cable":4,"cgm:assault_rifle":64,"minecraft:stone_bricks":2,"minecraft:diamond_sword":117,"minecraft:cooked_porkchop":1,"minecraft:white_stained_glass":1,"minecraft:chain_command_block":4,"minecraft:cooked_beef":1,"minecraft:white_concrete":3,"cgm:heavy_rifle":4,"minecraft:enchanted_golden_apple":5,"theatrical:basic_lighting_desk":4},"minecraft:dropped":{"cgm:assault_rifle":1},"minecraft:custom":{"minecraft:mob_kills":15,"minecraft:play_one_minute":350193,"minecraft:leave_game":25,"minecraft:time_since_death":11799,"minecraft:sleep_in_bed":1,"minecraft:climb_one_cm":5420,"minecraft:damage_resisted":52,"minecraft:time_since_rest":11880,"minecraft:walk_one_cm":630929,"minecraft:sprint_one_cm":257982,"minecraft:damage_taken":3038,"minecraft:damage_absorbed":104,"minecraft:drop":1,"minecraft:damage_dealt":3847,"minecraft:chair_used":2,"minecraft:fly_one_cm":1315022,"minecraft:open_chest":39,"minecraft:crouch_one_cm":16109,"minecraft:deaths":12,"minecraft:sneak_time":6693,"minecraft:walk_under_water_one_cm":7067,"minecraft:jump":1757,"minecraft:walk_on_water_one_cm":5567,"minecraft:fall_one_cm":18887},"minecraft:mined":{"minecraft:lever":1,"minecraft:grass_block":5,"minecraft:white_stained_glass":2,"minecraft:grass":3,"minecraft:oak_log":4,"minecraft:dirt":11},"minecraft:picked_up":{"minecraft:oak_log":4,"minecraft:gunpowder":5,"minecraft:dirt":28,"minecraft:leather_boots":1,"minecraft:bone":5,"minecraft:bow":1,"minecraft:wheat_seeds":4,"cgm:bazooka":1,"minecraft:stick":4,"minecraft:cooked_porkchop":13,"minecraft:cake":4,"minecraft:cookie":805,"theatrical:moving_light":1,"cgm:pistol":1,"minecraft:command_block":1,"minecraft:arrow":6,"minecraft:rotten_flesh":4,"minecraft:black_concrete":16,"minecraft:polished_blackstone_button":1,"minecraft:lever":1,"cgm:assault_rifle":1,"minecraft:iron_block":1,"minecraft:golden_apple":7,"framedblocks:framed_stairs":1,"minecraft:ender_pearl":1},"minecraft:killed":{"minecraft:witch":1,"minecraft:zombie_villager":1,"minecraft:creeper":4,"minecraft:skeleton":6,"minecraft:zombie":2,"minecraft:enderman":1}},"DataVersion":2586}