{"stats":{"minecraft:used":{"minecraft:black_concrete":5,"minecraft:grass_block":1,"securitycraft:bucket_f_lava":1,"cgm:assault_rifle":7,"cgm:grenade_launcher":18,"minecraft:sand":2,"minecraft:dirt":2,"cgm:workbench":1,"securitycraft:reinforced_granite":9,"cgm:rifle":1,"minecraft:blue_concrete":1,"cgm:heavy_rifle":14},"minecraft:dropped":{"minecraft:cake":22,"minecraft:cooked_porkchop":17,"minecraft:leather_boots":1,"cgm:long_scope":1,"minecraft:cookie":61,"minecraft:leather_leggings":1,"minecraft:enchanted_golden_apple":1,"pfm:furniture_book":1,"minecraft:sand":3},"minecraft:custom":{"minecraft:time_since_rest":150360,"minecraft:sprint_one_cm":84639,"minecraft:damage_taken":360,"minecraft:walk_one_cm":212796,"minecraft:drop":106,"minecraft:damage_dealt":17,"minecraft:chair_used":1,"minecraft:fly_one_cm":859970,"minecraft:player_kills":3,"minecraft:open_chest":5,"minecraft:play_one_minute":165093,"minecraft:crouch_one_cm":8790,"minecraft:deaths":1,"minecraft:sneak_time":5808,"minecraft:walk_under_water_one_cm":1898,"minecraft:jump":624,"minecraft:leave_game":2,"minecraft:time_since_death":150336,"minecraft:walk_on_water_one_cm":624,"minecraft:climb_one_cm":1333,"minecraft:fall_one_cm":10532},"minecraft:mined":{"minecraft:grass":9,"minecraft:grass_block":2,"minecraft:sand":6,"minecraft:tall_grass":3},"minecraft:picked_up":{"minecraft:leather_chestplate":1,"minecraft:leather_leggings":2,"minecraft:sand":5,"minecraft:cake":13,"minecraft:cookie":50,"minecraft:dirt":82,"cgm:long_scope":1,"minecraft:leather_boots":2,"minecraft:enchanted_golden_apple":5}},"DataVersion":2586}