{"stats":{"minecraft:used":{"minecraft:dirt":2,"minecraft:sand":2,"securitycraft:reinforced_granite":9,"cgm:rifle":1,"cgm:heavy_rifle":2},"minecraft:dropped":{"minecraft:leather_leggings":1,"pfm:furniture_book":1,"minecraft:sand":3,"minecraft:cooked_porkchop":17,"minecraft:leather_boots":1},"minecraft:custom":{"minecraft:time_since_rest":78360,"minecraft:crouch_one_cm":3479,"minecraft:play_one_minute":93093,"minecraft:sprint_one_cm":58671,"minecraft:deaths":1,"minecraft:damage_taken":360,"minecraft:walk_one_cm":129609,"minecraft:sneak_time":2234,"minecraft:drop":21,"minecraft:jump":476,"minecraft:damage_dealt":17,"minecraft:leave_game":2,"minecraft:time_since_death":78336,"minecraft:fall_one_cm":10054,"minecraft:fly_one_cm":464365},"minecraft:picked_up":{"minecraft:leather_boots":1,"minecraft:leather_leggings":1,"minecraft:sand":5,"minecraft:dirt":2},"minecraft:mined":{"minecraft:grass":9,"minecraft:grass_block":2,"minecraft:sand":6,"minecraft:tall_grass":3}},"DataVersion":2586}