{"stats":{"minecraft:used":{"minecraft:dirt":2,"minecraft:sand":2},"minecraft:dropped":{"pfm:furniture_book":1,"minecraft:sand":3},"minecraft:custom":{"minecraft:jump":364,"minecraft:damage_taken":240,"minecraft:time_since_rest":12507,"minecraft:play_one_minute":27240,"minecraft:crouch_one_cm":597,"minecraft:leave_game":1,"minecraft:sprint_one_cm":24577,"minecraft:time_since_death":12483,"minecraft:walk_one_cm":23815,"minecraft:deaths":1,"minecraft:sneak_time":1028,"minecraft:fall_one_cm":8569,"minecraft:drop":2,"minecraft:fly_one_cm":304968},"minecraft:picked_up":{"minecraft:sand":5,"minecraft:dirt":2},"minecraft:mined":{"minecraft:tall_grass":3,"minecraft:grass":9,"minecraft:grass_block":2,"minecraft:sand":6}},"DataVersion":2586}