{"stats":{"minecraft:used":{"minecraft:dirt":2,"minecraft:sand":2},"minecraft:dropped":{"pfm:furniture_book":1,"minecraft:sand":3},"minecraft:custom":{"minecraft:jump":376,"minecraft:damage_taken":240,"minecraft:time_since_rest":18360,"minecraft:play_one_minute":33093,"minecraft:crouch_one_cm":681,"minecraft:leave_game":2,"minecraft:sprint_one_cm":26204,"minecraft:time_since_death":18336,"minecraft:walk_one_cm":27038,"minecraft:deaths":1,"minecraft:sneak_time":1084,"minecraft:fall_one_cm":8569,"minecraft:drop":2,"minecraft:fly_one_cm":306569},"minecraft:picked_up":{"minecraft:sand":5,"minecraft:dirt":2},"minecraft:mined":{"minecraft:tall_grass":3,"minecraft:grass":9,"minecraft:grass_block":2,"minecraft:sand":6}},"DataVersion":2586}