{"stats":{"minecraft:used":{"minecraft:dirt":2,"minecraft:sand":2},"minecraft:dropped":{"pfm:furniture_book":1,"minecraft:sand":3,"minecraft:cooked_porkchop":17},"minecraft:custom":{"minecraft:time_since_rest":30360,"minecraft:crouch_one_cm":900,"minecraft:play_one_minute":45093,"minecraft:sprint_one_cm":30925,"minecraft:deaths":1,"minecraft:damage_taken":240,"minecraft:walk_one_cm":43325,"minecraft:sneak_time":1141,"minecraft:drop":19,"minecraft:jump":410,"minecraft:leave_game":2,"minecraft:time_since_death":30336,"minecraft:fall_one_cm":8569,"minecraft:fly_one_cm":338985},"minecraft:picked_up":{"minecraft:sand":5,"minecraft:dirt":2},"minecraft:mined":{"minecraft:grass":9,"minecraft:grass_block":2,"minecraft:sand":6,"minecraft:tall_grass":3}},"DataVersion":2586}