{"stats":{"minecraft:used":{"minecraft:dirt":2,"minecraft:sand":2,"cgm:rifle":1},"minecraft:dropped":{"minecraft:leather_leggings":1,"pfm:furniture_book":1,"minecraft:sand":3,"minecraft:cooked_porkchop":17,"minecraft:leather_boots":1},"minecraft:custom":{"minecraft:time_since_rest":42360,"minecraft:crouch_one_cm":1240,"minecraft:play_one_minute":57093,"minecraft:sprint_one_cm":33662,"minecraft:deaths":1,"minecraft:damage_taken":240,"minecraft:walk_one_cm":63210,"minecraft:sneak_time":1258,"minecraft:drop":21,"minecraft:jump":434,"minecraft:damage_dealt":10,"minecraft:leave_game":2,"minecraft:time_since_death":42336,"minecraft:fall_one_cm":8569,"minecraft:fly_one_cm":368928},"minecraft:picked_up":{"minecraft:leather_boots":1,"minecraft:leather_leggings":1,"minecraft:sand":5,"minecraft:dirt":2},"minecraft:mined":{"minecraft:grass":9,"minecraft:grass_block":2,"minecraft:sand":6,"minecraft:tall_grass":3}},"DataVersion":2586}