{"stats":{"minecraft:used":{"minecraft:dirt":2,"minecraft:sand":2},"minecraft:dropped":{"pfm:furniture_book":1,"minecraft:sand":3},"minecraft:custom":{"minecraft:jump":349,"minecraft:leave_game":1,"minecraft:time_since_rest":2859,"minecraft:crouch_one_cm":550,"minecraft:play_one_minute":17592,"minecraft:deaths":1,"minecraft:sprint_one_cm":23929,"minecraft:damage_taken":240,"minecraft:time_since_death":2835,"minecraft:walk_one_cm":22027,"minecraft:sneak_time":760,"minecraft:drop":2,"minecraft:fall_one_cm":8569,"minecraft:fly_one_cm":253086},"minecraft:picked_up":{"minecraft:sand":5,"minecraft:dirt":2},"minecraft:mined":{"minecraft:grass":9,"minecraft:tall_grass":3,"minecraft:grass_block":2,"minecraft:sand":6}},"DataVersion":2586}