{"stats":{"minecraft:used":{"minecraft:black_concrete":5,"cgm:grenade_launcher":18,"minecraft:dirt":2,"minecraft:sand":2,"securitycraft:reinforced_granite":9,"cgm:rifle":1,"minecraft:blue_concrete":1,"cgm:heavy_rifle":5,"cgm:assault_rifle":7,"cgm:workbench":1},"minecraft:dropped":{"minecraft:leather_leggings":1,"minecraft:enchanted_golden_apple":1,"pfm:furniture_book":1,"minecraft:sand":3,"minecraft:cooked_porkchop":17,"cgm:long_scope":1,"minecraft:leather_boots":1},"minecraft:custom":{"minecraft:time_since_rest":114360,"minecraft:crouch_one_cm":6743,"minecraft:play_one_minute":129093,"minecraft:sprint_one_cm":83369,"minecraft:deaths":1,"minecraft:damage_taken":360,"minecraft:walk_one_cm":179599,"minecraft:sneak_time":4337,"minecraft:walk_under_water_one_cm":1898,"minecraft:drop":23,"minecraft:jump":570,"minecraft:damage_dealt":17,"minecraft:leave_game":2,"minecraft:walk_on_water_one_cm":624,"minecraft:time_since_death":114336,"minecraft:climb_one_cm":379,"minecraft:player_kills":1,"minecraft:fall_one_cm":10532,"minecraft:fly_one_cm":642732},"minecraft:picked_up":{"minecraft:leather_chestplate":1,"minecraft:leather_boots":2,"minecraft:leather_leggings":2,"minecraft:sand":5,"minecraft:enchanted_golden_apple":5,"minecraft:dirt":82,"cgm:long_scope":1},"minecraft:mined":{"minecraft:grass":9,"minecraft:grass_block":2,"minecraft:sand":6,"minecraft:tall_grass":3}},"DataVersion":2586}