{"stats":{"minecraft:mined":{"minecraft:grass":9,"minecraft:grass_block":2,"minecraft:sand":6,"minecraft:tall_grass":3},"minecraft:dropped":{"minecraft:cake":22,"minecraft:cooked_porkchop":17,"cgm:long_scope":1,"minecraft:leather_boots":1,"minecraft:cookie":61,"minecraft:leather_leggings":1,"minecraft:structure_block":1,"minecraft:enchanted_golden_apple":1,"pfm:furniture_book":1,"minecraft:sand":3},"minecraft:custom":{"minecraft:time_since_rest":199742,"minecraft:sprint_one_cm":92441,"minecraft:damage_taken":360,"minecraft:walk_one_cm":294245,"minecraft:drop":107,"minecraft:damage_dealt":27,"minecraft:chair_used":2,"minecraft:swim_one_cm":2321,"minecraft:fly_one_cm":989937,"minecraft:player_kills":3,"minecraft:play_one_minute":214475,"minecraft:open_chest":5,"minecraft:crouch_one_cm":19612,"minecraft:deaths":1,"minecraft:sneak_time":8949,"minecraft:walk_under_water_one_cm":9600,"minecraft:jump":698,"minecraft:leave_game":3,"minecraft:walk_on_water_one_cm":826,"minecraft:time_since_death":199718,"minecraft:climb_one_cm":1333,"minecraft:fall_one_cm":10532},"minecraft:picked_up":{"minecraft:leather_chestplate":1,"minecraft:splash_potion":1,"minecraft:leather_leggings":2,"minecraft:structure_block":1,"minecraft:potion":1,"minecraft:sand":5,"minecraft:cake":13,"minecraft:cookie":54,"minecraft:dirt":82,"cgm:long_scope":1,"minecraft:leather_boots":2,"minecraft:oak_sign":2,"minecraft:redstone_torch":4,"minecraft:enchanted_golden_apple":5},"minecraft:used":{"minecraft:redstone_torch":4,"minecraft:black_concrete":5,"minecraft:grass_block":1,"minecraft:oak_sign":1,"securitycraft:bucket_f_lava":1,"minecraft:structure_block":1,"minecraft:warped_sign":2,"cgm:assault_rifle":7,"pfm:lime_arm_chair":1,"cgm:grenade_launcher":18,"minecraft:bedrock":5,"minecraft:potion":1,"minecraft:sand":2,"minecraft:dirt":2,"cgm:workbench":1,"minecraft:gold_block":1,"minecraft:white_concrete":1,"cgm:rifle":1,"securitycraft:reinforced_granite":9,"pfm:diorite_table_modern_dinner":1,"minecraft:blue_concrete":1,"cgm:heavy_rifle":19}},"DataVersion":2586}