{"stats":{"minecraft:used":{"cgm:grenade_launcher":14,"minecraft:dirt":2,"minecraft:sand":2,"securitycraft:reinforced_granite":9,"cgm:rifle":1,"cgm:heavy_rifle":3,"cgm:assault_rifle":7},"minecraft:dropped":{"minecraft:leather_leggings":1,"minecraft:enchanted_golden_apple":1,"pfm:furniture_book":1,"minecraft:sand":3,"minecraft:cooked_porkchop":17,"minecraft:leather_boots":1},"minecraft:custom":{"minecraft:time_since_rest":90360,"minecraft:crouch_one_cm":4434,"minecraft:play_one_minute":105093,"minecraft:sprint_one_cm":64879,"minecraft:deaths":1,"minecraft:damage_taken":360,"minecraft:walk_one_cm":138821,"minecraft:sneak_time":2965,"minecraft:drop":22,"minecraft:jump":516,"minecraft:damage_dealt":17,"minecraft:leave_game":2,"minecraft:walk_on_water_one_cm":197,"minecraft:time_since_death":90336,"minecraft:player_kills":1,"minecraft:fall_one_cm":10054,"minecraft:fly_one_cm":610472},"minecraft:picked_up":{"minecraft:leather_boots":1,"minecraft:leather_leggings":1,"minecraft:sand":5,"minecraft:dirt":18},"minecraft:mined":{"minecraft:grass":9,"minecraft:grass_block":2,"minecraft:sand":6,"minecraft:tall_grass":3}},"DataVersion":2586}