{"stats":{"minecraft:killed_by":{"minecraft:player":1},"minecraft:used":{"minecraft:golden_apple":1,"minecraft:dirt":8},"minecraft:dropped":{"minecraft:dirt":1,"pfm:furniture_book":1,"minecraft:cocoa_beans":13},"minecraft:custom":{"minecraft:time_since_rest":8190,"minecraft:play_one_minute":26668,"minecraft:crouch_one_cm":4217,"minecraft:sprint_one_cm":43599,"minecraft:deaths":1,"minecraft:damage_taken":234,"minecraft:walk_one_cm":128410,"minecraft:sneak_time":1331,"minecraft:walk_under_water_one_cm":5941,"minecraft:drop":10,"minecraft:jump":260,"minecraft:damage_dealt":11,"minecraft:time_since_death":8145,"minecraft:walk_on_water_one_cm":8494,"minecraft:chair_used":7,"minecraft:climb_one_cm":1456,"minecraft:fall_one_cm":5729,"minecraft:fly_one_cm":150423},"minecraft:picked_up":{"minecraft:cocoa_beans":14,"minecraft:golden_apple":6,"minecraft:dirt":137},"minecraft:mined":{"minecraft:grass":6,"minecraft:cocoa":2,"minecraft:vine":1,"minecraft:dirt":9,"minecraft:spruce_leaves":2}},"DataVersion":2586}