{"stats":{"minecraft:used":{"minecraft:dirt":2},"minecraft:custom":{"minecraft:jump":67,"minecraft:time_since_rest":2668,"minecraft:crouch_one_cm":414,"minecraft:play_one_minute":2668,"minecraft:walk_on_water_one_cm":128,"minecraft:sprint_one_cm":20902,"minecraft:damage_taken":150,"minecraft:time_since_death":2668,"minecraft:walk_one_cm":6648,"minecraft:sneak_time":84,"minecraft:fall_one_cm":3399,"minecraft:fly_one_cm":12026},"minecraft:picked_up":{"minecraft:dirt":2},"minecraft:mined":{"minecraft:grass":4,"minecraft:dirt":2}},"DataVersion":2586}