{"stats":{"minecraft:killed_by":{"minecraft:player":2},"minecraft:used":{"minecraft:golden_apple":3,"minecraft:dirt":8},"minecraft:dropped":{"minecraft:dirt":1,"pfm:furniture_book":1,"minecraft:cocoa_beans":13},"minecraft:custom":{"minecraft:time_since_rest":20976,"minecraft:play_one_minute":50677,"minecraft:crouch_one_cm":4217,"minecraft:damage_taken":570,"minecraft:sprint_one_cm":43599,"minecraft:damage_absorbed":40,"minecraft:deaths":2,"minecraft:walk_one_cm":128410,"minecraft:sneak_time":2336,"minecraft:walk_under_water_one_cm":5941,"minecraft:drop":10,"minecraft:jump":260,"minecraft:damage_dealt":11,"minecraft:leave_game":2,"minecraft:time_since_death":20940,"minecraft:walk_on_water_one_cm":8494,"minecraft:chair_used":7,"minecraft:climb_one_cm":1456,"minecraft:fall_one_cm":5729,"minecraft:fly_one_cm":279000},"minecraft:picked_up":{"minecraft:cocoa_beans":14,"minecraft:golden_apple":9,"minecraft:dirt":137},"minecraft:mined":{"minecraft:grass":6,"minecraft:cocoa":2,"minecraft:vine":1,"minecraft:dirt":9,"minecraft:spruce_leaves":2}},"DataVersion":2586}