{"stats":{"minecraft:dropped":{"minecraft:leather_leggings":2,"minecraft:iron_ingot":1,"minecraft:leather_chestplate":2,"minecraft:leather_boots":1},"minecraft:custom":{"minecraft:time_since_rest":14656,"minecraft:play_one_minute":26864,"minecraft:crouch_one_cm":2479,"minecraft:sprint_one_cm":113730,"minecraft:damage_taken":1145,"minecraft:walk_one_cm":154668,"minecraft:sneak_time":717,"minecraft:drop":6,"minecraft:jump":533,"minecraft:damage_dealt":801,"minecraft:time_since_death":26864,"minecraft:sleep_in_bed":2,"minecraft:fall_one_cm":1251,"minecraft:fly_one_cm":108984},"minecraft:picked_up":{"minecraft:leather_chestplate":2,"minecraft:leather_boots":3,"minecraft:cooked_porkchop":12,"minecraft:oak_sign":1,"minecraft:leather_leggings":3,"minecraft:iron_ingot":1,"minecraft:golden_apple":66}},"DataVersion":2586}