{"stats":{"minecraft:mined":{"minecraft:oak_leaves":2},"minecraft:broken":{"minecraft:leather_boots":1},"minecraft:dropped":{"minecraft:iron_ingot":1,"minecraft:leather_chestplate":2,"minecraft:leather_boots":1,"minecraft:leather_leggings":3,"minecraft:enchanted_golden_apple":6,"minecraft:black_concrete":1,"minecraft:golden_apple":3},"minecraft:custom":{"minecraft:time_since_rest":88200,"minecraft:damage_absorbed":1840,"minecraft:sprint_one_cm":528079,"minecraft:damage_taken":4696,"minecraft:walk_one_cm":626668,"minecraft:drop":17,"minecraft:damage_dealt":1446,"minecraft:chair_used":17,"minecraft:fly_one_cm":621195,"minecraft:open_chest":23,"minecraft:play_one_minute":151610,"minecraft:crouch_one_cm":13412,"minecraft:deaths":1,"minecraft:sneak_time":12161,"minecraft:walk_under_water_one_cm":165,"minecraft:jump":2766,"minecraft:leave_game":3,"minecraft:walk_on_water_one_cm":1769,"minecraft:time_since_death":88159,"minecraft:sleep_in_bed":4,"minecraft:climb_one_cm":14428,"minecraft:damage_resisted":706,"minecraft:fall_one_cm":68973},"minecraft:picked_up":{"minecraft:crafting_table":1,"minecraft:leather_chestplate":4,"minecraft:splash_potion":1,"minecraft:cooked_porkchop":12,"minecraft:leather_leggings":5,"minecraft:cake":20,"minecraft:cookie":908,"minecraft:golden_chestplate":1,"minecraft:dirt":76,"minecraft:dark_oak_planks":1,"minecraft:leather_boots":6,"minecraft:oak_sign":1,"minecraft:black_concrete":14,"minecraft:iron_ingot":1,"minecraft:stone_pickaxe":1,"minecraft:golden_apple":202,"minecraft:enchanted_golden_apple":32,"minecraft:snowball":14,"minecraft:cobblestone":3},"minecraft:used":{"minecraft:golden_apple":28,"minecraft:enchanted_golden_apple":14,"minecraft:splash_potion":1}},"DataVersion":2586}