{"stats":{"minecraft:broken":{"minecraft:leather_boots":1},"minecraft:used":{"minecraft:golden_apple":15,"minecraft:enchanted_golden_apple":6,"minecraft:splash_potion":1},"minecraft:dropped":{"minecraft:iron_ingot":1,"minecraft:leather_chestplate":2,"minecraft:leather_boots":1,"minecraft:leather_leggings":3,"minecraft:enchanted_golden_apple":4,"minecraft:black_concrete":1,"minecraft:golden_apple":1},"minecraft:custom":{"minecraft:time_since_rest":47076,"minecraft:damage_taken":4251,"minecraft:sprint_one_cm":306841,"minecraft:walk_one_cm":409000,"minecraft:damage_absorbed":1098,"minecraft:drop":13,"minecraft:damage_dealt":1355,"minecraft:chair_used":16,"minecraft:fly_one_cm":499289,"minecraft:open_chest":7,"minecraft:crouch_one_cm":10394,"minecraft:play_one_minute":110486,"minecraft:deaths":1,"minecraft:sneak_time":10671,"minecraft:walk_under_water_one_cm":165,"minecraft:jump":2083,"minecraft:leave_game":2,"minecraft:walk_on_water_one_cm":1769,"minecraft:time_since_death":47035,"minecraft:sleep_in_bed":4,"minecraft:climb_one_cm":5876,"minecraft:damage_resisted":588,"minecraft:fall_one_cm":57586},"minecraft:mined":{"minecraft:oak_leaves":2},"minecraft:picked_up":{"minecraft:crafting_table":1,"minecraft:leather_chestplate":4,"minecraft:splash_potion":1,"minecraft:cooked_porkchop":12,"minecraft:leather_leggings":5,"minecraft:cake":1,"minecraft:cookie":87,"minecraft:golden_chestplate":1,"minecraft:dirt":76,"minecraft:leather_boots":6,"minecraft:oak_sign":1,"minecraft:black_concrete":14,"minecraft:iron_ingot":1,"minecraft:golden_apple":170,"minecraft:enchanted_golden_apple":10,"minecraft:cobblestone":3}},"DataVersion":2586}