{"stats":{"minecraft:broken":{"minecraft:leather_boots":1},"minecraft:used":{"minecraft:golden_apple":3,"minecraft:enchanted_golden_apple":4},"minecraft:dropped":{"minecraft:leather_leggings":3,"minecraft:iron_ingot":1,"minecraft:leather_chestplate":2,"minecraft:leather_boots":1},"minecraft:custom":{"minecraft:damage_absorbed":653,"minecraft:time_since_rest":11454,"minecraft:play_one_minute":74864,"minecraft:crouch_one_cm":7065,"minecraft:sprint_one_cm":227620,"minecraft:damage_taken":4057,"minecraft:walk_one_cm":277701,"minecraft:sneak_time":9425,"minecraft:walk_under_water_one_cm":165,"minecraft:drop":7,"minecraft:jump":1581,"minecraft:damage_dealt":1183,"minecraft:walk_on_water_one_cm":1769,"minecraft:time_since_death":11413,"minecraft:sleep_in_bed":4,"minecraft:damage_resisted":506,"minecraft:fall_one_cm":45425,"minecraft:fly_one_cm":404868,"minecraft:deaths":1},"minecraft:mined":{"minecraft:oak_leaves":2},"minecraft:picked_up":{"minecraft:crafting_table":1,"minecraft:leather_chestplate":2,"minecraft:leather_boots":5,"minecraft:cooked_porkchop":12,"minecraft:oak_sign":1,"minecraft:leather_leggings":4,"minecraft:iron_ingot":1,"minecraft:golden_apple":130,"minecraft:enchanted_golden_apple":4,"minecraft:dirt":76,"minecraft:cobblestone":3}},"DataVersion":2586}