{"stats":{"minecraft:broken":{"minecraft:leather_boots":1},"minecraft:used":{"minecraft:golden_apple":27,"minecraft:enchanted_golden_apple":9,"minecraft:splash_potion":1},"minecraft:dropped":{"minecraft:iron_ingot":1,"minecraft:leather_chestplate":2,"minecraft:leather_boots":1,"minecraft:leather_leggings":3,"minecraft:enchanted_golden_apple":4,"minecraft:black_concrete":1,"minecraft:golden_apple":3},"minecraft:custom":{"minecraft:time_since_rest":59076,"minecraft:damage_taken":4676,"minecraft:sprint_one_cm":384080,"minecraft:walk_one_cm":438132,"minecraft:damage_absorbed":1544,"minecraft:drop":15,"minecraft:damage_dealt":1432,"minecraft:chair_used":16,"minecraft:fly_one_cm":575122,"minecraft:open_chest":23,"minecraft:crouch_one_cm":11726,"minecraft:play_one_minute":122486,"minecraft:deaths":1,"minecraft:sneak_time":11192,"minecraft:walk_under_water_one_cm":165,"minecraft:jump":2392,"minecraft:leave_game":2,"minecraft:walk_on_water_one_cm":1769,"minecraft:time_since_death":59035,"minecraft:sleep_in_bed":4,"minecraft:climb_one_cm":14428,"minecraft:damage_resisted":637,"minecraft:fall_one_cm":67149},"minecraft:mined":{"minecraft:oak_leaves":2},"minecraft:picked_up":{"minecraft:crafting_table":1,"minecraft:leather_chestplate":4,"minecraft:splash_potion":1,"minecraft:cooked_porkchop":12,"minecraft:leather_leggings":5,"minecraft:cake":16,"minecraft:cookie":908,"minecraft:golden_chestplate":1,"minecraft:dirt":76,"minecraft:leather_boots":6,"minecraft:oak_sign":1,"minecraft:black_concrete":14,"minecraft:iron_ingot":1,"minecraft:stone_pickaxe":1,"minecraft:golden_apple":202,"minecraft:enchanted_golden_apple":27,"minecraft:snowball":14,"minecraft:cobblestone":3}},"DataVersion":2586}