{"stats":{"minecraft:broken":{"minecraft:leather_boots":1},"minecraft:used":{"minecraft:golden_apple":28,"minecraft:enchanted_golden_apple":11,"minecraft:splash_potion":1},"minecraft:dropped":{"minecraft:iron_ingot":1,"minecraft:leather_chestplate":2,"minecraft:leather_boots":1,"minecraft:leather_leggings":3,"minecraft:enchanted_golden_apple":6,"minecraft:black_concrete":1,"minecraft:golden_apple":3},"minecraft:custom":{"minecraft:time_since_rest":71076,"minecraft:damage_taken":4696,"minecraft:sprint_one_cm":462705,"minecraft:walk_one_cm":536102,"minecraft:damage_absorbed":1810,"minecraft:drop":17,"minecraft:damage_dealt":1446,"minecraft:chair_used":16,"minecraft:fly_one_cm":597883,"minecraft:open_chest":23,"minecraft:crouch_one_cm":12461,"minecraft:play_one_minute":134486,"minecraft:deaths":1,"minecraft:sneak_time":11435,"minecraft:walk_under_water_one_cm":165,"minecraft:jump":2534,"minecraft:leave_game":2,"minecraft:walk_on_water_one_cm":1769,"minecraft:time_since_death":71035,"minecraft:sleep_in_bed":4,"minecraft:climb_one_cm":14428,"minecraft:damage_resisted":706,"minecraft:fall_one_cm":68973},"minecraft:mined":{"minecraft:oak_leaves":2},"minecraft:picked_up":{"minecraft:crafting_table":1,"minecraft:leather_chestplate":4,"minecraft:splash_potion":1,"minecraft:cooked_porkchop":12,"minecraft:leather_leggings":5,"minecraft:cake":20,"minecraft:cookie":908,"minecraft:golden_chestplate":1,"minecraft:dirt":76,"minecraft:dark_oak_planks":1,"minecraft:leather_boots":6,"minecraft:oak_sign":1,"minecraft:black_concrete":14,"minecraft:iron_ingot":1,"minecraft:stone_pickaxe":1,"minecraft:golden_apple":202,"minecraft:enchanted_golden_apple":29,"minecraft:snowball":14,"minecraft:cobblestone":3}},"DataVersion":2586}