{"stats":{"minecraft:mined":{"minecraft:oak_leaves":2},"minecraft:broken":{"minecraft:leather_boots":1},"minecraft:dropped":{"minecraft:iron_block":1,"minecraft:iron_ingot":1,"minecraft:leather_chestplate":2,"minecraft:golden_helmet":1,"minecraft:leather_boots":1,"minecraft:netherite_chestplate":1,"minecraft:netherite_boots":1,"minecraft:leather_leggings":3,"minecraft:enchanted_golden_apple":6,"minecraft:black_concrete":1,"minecraft:oak_sign":1,"minecraft:golden_apple":3,"minecraft:netherite_leggings":1},"minecraft:custom":{"minecraft:damage_taken":4696,"minecraft:time_since_rest":109889,"minecraft:sprint_one_cm":541267,"minecraft:damage_absorbed":1870,"minecraft:walk_one_cm":692369,"minecraft:drop":23,"minecraft:damage_dealt":1456,"minecraft:chair_used":17,"minecraft:fly_one_cm":667042,"minecraft:open_chest":23,"minecraft:play_one_minute":173299,"minecraft:crouch_one_cm":13756,"minecraft:deaths":1,"minecraft:sneak_time":12547,"minecraft:walk_under_water_one_cm":165,"minecraft:jump":2938,"minecraft:leave_game":4,"minecraft:time_since_death":109848,"minecraft:walk_on_water_one_cm":1769,"minecraft:sleep_in_bed":4,"minecraft:damage_resisted":706,"minecraft:climb_one_cm":14428,"minecraft:fall_one_cm":69384},"minecraft:picked_up":{"minecraft:golden_helmet":2,"minecraft:netherite_boots":2,"minecraft:crafting_table":1,"minecraft:leather_chestplate":4,"minecraft:splash_potion":1,"minecraft:cooked_porkchop":12,"minecraft:leather_leggings":5,"minecraft:golden_leggings":1,"minecraft:cake":20,"minecraft:cookie":908,"minecraft:golden_boots":1,"minecraft:netherite_leggings":2,"minecraft:golden_chestplate":2,"minecraft:dirt":76,"minecraft:dark_oak_planks":1,"minecraft:leather_boots":6,"minecraft:oak_sign":2,"minecraft:black_concrete":14,"minecraft:iron_ingot":1,"minecraft:iron_block":1,"minecraft:stone_pickaxe":1,"minecraft:golden_apple":202,"minecraft:netherite_chestplate":2,"minecraft:enchanted_golden_apple":32,"minecraft:snowball":14,"minecraft:cobblestone":3},"minecraft:used":{"minecraft:golden_apple":28,"minecraft:enchanted_golden_apple":14,"minecraft:splash_potion":1}},"DataVersion":2586}