{"stats":{"minecraft:broken":{"minecraft:leather_boots":1},"minecraft:used":{"minecraft:golden_apple":3},"minecraft:dropped":{"minecraft:leather_leggings":2,"minecraft:iron_ingot":1,"minecraft:leather_chestplate":2,"minecraft:leather_boots":1},"minecraft:custom":{"minecraft:damage_absorbed":123,"minecraft:time_since_rest":15769,"minecraft:play_one_minute":50864,"minecraft:crouch_one_cm":5873,"minecraft:sprint_one_cm":170552,"minecraft:damage_taken":2482,"minecraft:walk_one_cm":248204,"minecraft:sneak_time":8222,"minecraft:drop":6,"minecraft:jump":934,"minecraft:damage_dealt":1183,"minecraft:time_since_death":50864,"minecraft:sleep_in_bed":4,"minecraft:fall_one_cm":13049,"minecraft:fly_one_cm":175568},"minecraft:mined":{"minecraft:oak_leaves":2},"minecraft:picked_up":{"minecraft:leather_chestplate":2,"minecraft:leather_boots":4,"minecraft:cooked_porkchop":12,"minecraft:oak_sign":1,"minecraft:leather_leggings":3,"minecraft:iron_ingot":1,"minecraft:golden_apple":130}},"DataVersion":2586}