{"stats":{"minecraft:used":{"minecraft:golden_apple":2},"minecraft:dropped":{"minecraft:leather_leggings":2,"minecraft:iron_ingot":1,"minecraft:leather_chestplate":2,"minecraft:leather_boots":1},"minecraft:custom":{"minecraft:damage_absorbed":52,"minecraft:time_since_rest":3769,"minecraft:play_one_minute":38864,"minecraft:crouch_one_cm":2991,"minecraft:sprint_one_cm":149824,"minecraft:damage_taken":1853,"minecraft:walk_one_cm":231863,"minecraft:sneak_time":859,"minecraft:drop":6,"minecraft:jump":756,"minecraft:damage_dealt":907,"minecraft:time_since_death":38864,"minecraft:sleep_in_bed":4,"minecraft:fall_one_cm":2576,"minecraft:fly_one_cm":147092},"minecraft:picked_up":{"minecraft:leather_chestplate":2,"minecraft:leather_boots":4,"minecraft:cooked_porkchop":12,"minecraft:oak_sign":1,"minecraft:leather_leggings":3,"minecraft:iron_ingot":1,"minecraft:golden_apple":130}},"DataVersion":2586}