{"stats":{"minecraft:used":{"minecraft:enchanted_golden_apple":5,"minecraft:splash_potion":1,"minecraft:golden_apple":5},"minecraft:broken":{"minecraft:leather_boots":1},"minecraft:dropped":{"minecraft:leather_leggings":3,"minecraft:iron_ingot":1,"minecraft:leather_chestplate":2,"minecraft:enchanted_golden_apple":4,"minecraft:leather_boots":1},"minecraft:custom":{"minecraft:damage_absorbed":818,"minecraft:play_one_minute":86619,"minecraft:time_since_rest":23209,"minecraft:crouch_one_cm":8100,"minecraft:sprint_one_cm":244043,"minecraft:walk_one_cm":317767,"minecraft:deaths":1,"minecraft:sneak_time":9756,"minecraft:walk_under_water_one_cm":165,"minecraft:drop":11,"minecraft:jump":1687,"minecraft:damage_dealt":1260,"minecraft:leave_game":1,"minecraft:time_since_death":23168,"minecraft:walk_on_water_one_cm":1769,"minecraft:sleep_in_bed":4,"minecraft:chair_used":7,"minecraft:damage_resisted":548,"minecraft:fall_one_cm":47935,"minecraft:fly_one_cm":434525,"minecraft:damage_taken":4089},"minecraft:mined":{"minecraft:oak_leaves":2},"minecraft:picked_up":{"minecraft:crafting_table":1,"minecraft:leather_chestplate":3,"minecraft:leather_boots":5,"minecraft:splash_potion":1,"minecraft:cooked_porkchop":12,"minecraft:oak_sign":1,"minecraft:leather_leggings":4,"minecraft:black_concrete":14,"minecraft:iron_ingot":1,"minecraft:golden_apple":139,"minecraft:enchanted_golden_apple":9,"minecraft:dirt":76,"minecraft:cobblestone":3}},"DataVersion":2586}