{"stats":{"minecraft:used":{"minecraft:cooked_porkchop":1},"minecraft:dropped":{"pfm:furniture_book":1},"minecraft:custom":{"minecraft:jump":216,"minecraft:time_since_rest":20586,"minecraft:crouch_one_cm":30,"minecraft:play_one_minute":20586,"minecraft:leave_game":2,"minecraft:sprint_one_cm":26549,"minecraft:damage_taken":65,"minecraft:time_since_death":20586,"minecraft:walk_one_cm":45140,"minecraft:sneak_time":35,"minecraft:fall_one_cm":2624,"minecraft:drop":1,"minecraft:fly_one_cm":46979},"minecraft:picked_up":{"minecraft:cooked_porkchop":32,"minecraft:dirt":2},"minecraft:mined":{"minecraft:grass":1,"minecraft:grass_block":3}},"DataVersion":2586}