{"stats":{"minecraft:crafted":{"minecraft:oak_planks":16,"minecraft:iron_trapdoor":4,"minecraft:crafting_table":2,"minecraft:stick":8,"minecraft:iron_ingot":27},"minecraft:used":{"minecraft:golden_apple":11,"minecraft:crafting_table":2,"framedblocks:framed_slope":6,"pfm:dark_oak_gray_classic_bed":3,"minecraft:oak_log":1},"minecraft:dropped":{"minecraft:iron_ingot":9,"minecraft:iron_trapdoor":4,"minecraft:golden_apple":172,"minecraft:leather_boots":3,"minecraft:cooked_salmon":15},"minecraft:custom":{"minecraft:time_since_rest":13320,"minecraft:walk_one_cm":155477,"minecraft:play_one_minute":54907,"minecraft:crouch_one_cm":12453,"minecraft:sprint_one_cm":194336,"minecraft:damage_taken":848,"minecraft:damage_absorbed":57,"minecraft:sneak_time":5110,"minecraft:walk_under_water_one_cm":50,"minecraft:drop":26,"minecraft:jump":1383,"minecraft:damage_dealt":496,"minecraft:walk_on_water_one_cm":147,"minecraft:time_since_death":54907,"minecraft:sleep_in_bed":26,"minecraft:interact_with_crafting_table":2,"minecraft:swim_one_cm":299,"minecraft:fall_one_cm":19098,"minecraft:fly_one_cm":292175},"minecraft:picked_up":{"minecraft:leather_chestplate":1,"pfm:dark_oak_gray_classic_bed":3,"minecraft:leather_boots":3,"framedblocks:framed_slope":6,"minecraft:leather_leggings":1,"minecraft:iron_ingot":3,"minecraft:iron_block":3,"minecraft:golden_apple":170,"minecraft:oak_log":5},"minecraft:mined":{"minecraft:oak_log":5,"framedblocks:framed_slope":5,"minecraft:oak_leaves":9,"pfm:dark_oak_gray_classic_bed":3}},"DataVersion":2586}