{"stats":{"minecraft:killed_by":{"minecraft:player":1},"minecraft:crafted":{"minecraft:oak_planks":16,"minecraft:iron_trapdoor":4,"minecraft:crafting_table":2,"minecraft:stick":8,"minecraft:iron_ingot":27},"minecraft:used":{"minecraft:oak_log":1,"framedblocks:framed_slope":6,"pfm:dark_oak_gray_classic_bed":3,"minecraft:golden_apple":12,"minecraft:crafting_table":2,"minecraft:cooked_porkchop":3,"minecraft:enchanted_golden_apple":5},"minecraft:dropped":{"minecraft:iron_ingot":9,"minecraft:dirt":252,"minecraft:iron_trapdoor":4,"minecraft:leather_boots":3,"minecraft:cooked_salmon":15,"minecraft:cobblestone":2,"minecraft:golden_apple":172},"minecraft:custom":{"minecraft:time_since_rest":9459,"minecraft:sprint_one_cm":285514,"minecraft:damage_taken":1664,"minecraft:damage_absorbed":431,"minecraft:walk_one_cm":262268,"minecraft:drop":154,"minecraft:damage_dealt":592,"minecraft:chair_used":10,"minecraft:swim_one_cm":299,"minecraft:interact_with_crafting_table":2,"minecraft:fly_one_cm":628342,"minecraft:play_one_minute":88486,"minecraft:crouch_one_cm":13600,"minecraft:deaths":1,"minecraft:sneak_time":6113,"minecraft:walk_under_water_one_cm":50,"minecraft:jump":2295,"minecraft:leave_game":4,"minecraft:walk_on_water_one_cm":559,"minecraft:time_since_death":9428,"minecraft:sleep_in_bed":26,"minecraft:damage_resisted":152,"minecraft:fall_one_cm":27067},"minecraft:picked_up":{"minecraft:leather_chestplate":2,"minecraft:cooked_porkchop":12,"minecraft:leather_leggings":1,"minecraft:oak_log":5,"minecraft:dirt":327,"pfm:dark_oak_gray_classic_bed":3,"minecraft:leather_boots":4,"cgm:stun_grenade":1,"framedblocks:framed_slope":6,"minecraft:iron_ingot":3,"minecraft:iron_block":3,"minecraft:golden_apple":175,"minecraft:cobblestone":2},"minecraft:mined":{"framedblocks:framed_slope":5,"minecraft:oak_log":5,"minecraft:oak_leaves":9,"pfm:dark_oak_gray_classic_bed":3}},"DataVersion":2586}