{"stats":{"minecraft:crafted":{"minecraft:iron_trapdoor":4,"minecraft:iron_ingot":27},"minecraft:used":{"minecraft:golden_apple":6,"framedblocks:framed_slope":6,"pfm:dark_oak_gray_classic_bed":2},"minecraft:dropped":{"minecraft:iron_ingot":9,"minecraft:iron_trapdoor":4,"minecraft:golden_apple":156,"minecraft:leather_boots":1,"minecraft:cooked_salmon":15},"minecraft:custom":{"minecraft:time_since_rest":19604,"minecraft:walk_one_cm":102099,"minecraft:play_one_minute":30907,"minecraft:crouch_one_cm":4248,"minecraft:sprint_one_cm":95928,"minecraft:damage_taken":433,"minecraft:damage_absorbed":49,"minecraft:sneak_time":1417,"minecraft:drop":21,"minecraft:jump":746,"minecraft:damage_dealt":360,"minecraft:time_since_death":30907,"minecraft:sleep_in_bed":1,"minecraft:fall_one_cm":2626,"minecraft:fly_one_cm":181898},"minecraft:mined":{"framedblocks:framed_slope":5,"pfm:dark_oak_gray_classic_bed":2},"minecraft:picked_up":{"pfm:dark_oak_gray_classic_bed":2,"minecraft:leather_boots":1,"framedblocks:framed_slope":6,"minecraft:iron_block":3,"minecraft:golden_apple":156}},"DataVersion":2586}