{"stats":{"minecraft:used":{"minecraft:golden_apple":6},"minecraft:dropped":{"minecraft:golden_apple":156,"minecraft:cooked_salmon":15},"minecraft:custom":{"minecraft:jump":334,"minecraft:time_since_rest":7604,"minecraft:damage_absorbed":49,"minecraft:damage_dealt":77,"minecraft:crouch_one_cm":2860,"minecraft:play_one_minute":18907,"minecraft:sprint_one_cm":40657,"minecraft:damage_taken":207,"minecraft:time_since_death":18907,"minecraft:walk_one_cm":55959,"minecraft:sleep_in_bed":1,"minecraft:sneak_time":1117,"minecraft:drop":10,"minecraft:fall_one_cm":987,"minecraft:fly_one_cm":69644},"minecraft:picked_up":{"minecraft:golden_apple":156}},"DataVersion":2586}