{"stats":{"minecraft:crafted":{"minecraft:oak_planks":16,"minecraft:iron_trapdoor":4,"minecraft:crafting_table":2,"minecraft:stick":8,"minecraft:iron_ingot":27},"minecraft:used":{"minecraft:oak_log":1,"framedblocks:framed_slope":6,"pfm:dark_oak_gray_classic_bed":3,"minecraft:golden_apple":11,"minecraft:crafting_table":2,"minecraft:enchanted_golden_apple":5},"minecraft:dropped":{"minecraft:iron_ingot":9,"minecraft:dirt":128,"minecraft:iron_trapdoor":4,"minecraft:leather_boots":3,"minecraft:cooked_salmon":15,"minecraft:golden_apple":172},"minecraft:custom":{"minecraft:time_since_rest":25220,"minecraft:sprint_one_cm":238594,"minecraft:walk_one_cm":188137,"minecraft:damage_taken":1116,"minecraft:damage_absorbed":431,"minecraft:drop":28,"minecraft:damage_dealt":505,"minecraft:swim_one_cm":299,"minecraft:interact_with_crafting_table":2,"minecraft:fly_one_cm":383353,"minecraft:crouch_one_cm":13060,"minecraft:play_one_minute":66807,"minecraft:sneak_time":5335,"minecraft:walk_under_water_one_cm":50,"minecraft:jump":1947,"minecraft:leave_game":1,"minecraft:walk_on_water_one_cm":559,"minecraft:time_since_death":66807,"minecraft:sleep_in_bed":26,"minecraft:damage_resisted":152,"minecraft:fall_one_cm":26331},"minecraft:picked_up":{"minecraft:leather_chestplate":2,"minecraft:leather_leggings":1,"minecraft:oak_log":5,"minecraft:dirt":314,"pfm:dark_oak_gray_classic_bed":3,"minecraft:leather_boots":3,"framedblocks:framed_slope":6,"minecraft:iron_ingot":3,"minecraft:iron_block":3,"minecraft:golden_apple":170,"minecraft:cobblestone":2},"minecraft:mined":{"framedblocks:framed_slope":5,"minecraft:oak_log":5,"minecraft:oak_leaves":9,"pfm:dark_oak_gray_classic_bed":3}},"DataVersion":2586}