{"stats":{"minecraft:killed_by":{"minecraft:player":1},"minecraft:used":{"minecraft:purple_stained_glass":10,"minecraft:blue_terracotta":5,"minecraft:black_concrete":26,"minecraft:firework_rocket":5,"minecraft:potion":1,"theatrical:truss":4,"minecraft:orange_concrete":1,"cgm:shotgun":7,"cgm:pistol":5,"minecraft:iron_block":5,"minecraft:barrier":10,"minecraft:oak_sign":8,"theatrical:moving_light":1,"cgm:mini_gun":125,"cgm:heavy_rifle":1,"minecraft:splash_potion":2,"cgm:assault_rifle":19},"minecraft:custom":{"minecraft:time_since_rest":105569,"minecraft:crouch_one_cm":1676,"minecraft:play_one_minute":130136,"minecraft:sprint_one_cm":93401,"minecraft:deaths":1,"minecraft:damage_taken":516,"minecraft:walk_one_cm":147488,"minecraft:sneak_time":2008,"minecraft:walk_under_water_one_cm":30,"minecraft:aviate_one_cm":357373,"minecraft:jump":205,"minecraft:damage_dealt":70,"minecraft:leave_game":2,"minecraft:walk_on_water_one_cm":674,"minecraft:time_since_death":105514,"minecraft:climb_one_cm":59,"minecraft:fall_one_cm":659,"minecraft:fly_one_cm":344418,"minecraft:player_kills":1},"minecraft:mined":{"minecraft:grass":1,"minecraft:tall_grass":5},"minecraft:picked_up":{"minecraft:cooked_salmon":1,"theatrical:moving_light":1}},"DataVersion":2586}