{"stats":{"minecraft:killed_by":{"minecraft:player":1},"minecraft:used":{"minecraft:purple_stained_glass":10,"minecraft:water_bucket":1,"minecraft:end_rod":1,"minecraft:dark_oak_planks":1,"minecraft:iron_bars":26,"minecraft:blue_terracotta":5,"minecraft:black_concrete":26,"minecraft:black_wool":2,"pfm:jungle_classic_stool":1,"minecraft:firework_rocket":5,"theatrical:truss":4,"minecraft:orange_concrete":1,"minecraft:flint_and_steel":2,"cgm:shotgun":7,"minecraft:iron_block":35,"minecraft:grass_block":11,"cgm:pistol":65,"minecraft:barrier":10,"minecraft:oak_sign":22,"cgm:assault_rifle":19,"minecraft:netherrack":9,"minecraft:white_wool":2,"minecraft:glowstone":15,"minecraft:dirt":2,"minecraft:potion":1,"minecraft:white_stained_glass":16,"minecraft:gold_block":3,"theatrical:moving_light":1,"minecraft:white_concrete":6,"cgm:mini_gun":125,"minecraft:purple_wool":4,"cgm:heavy_rifle":1,"minecraft:splash_potion":166,"minecraft:obsidian":14},"minecraft:dropped":{"minecraft:leather_chestplate":1,"minecraft:porkchop":1,"minecraft:cooked_porkchop":132,"minecraft:leather_boots":1,"minecraft:cookie":4,"minecraft:leather_leggings":2,"minecraft:purple_wool":1,"minecraft:dark_oak_planks":1,"minecraft:oak_sign":1},"minecraft:custom":{"minecraft:time_since_rest":189569,"minecraft:sprint_one_cm":199492,"minecraft:damage_taken":524,"minecraft:walk_one_cm":317819,"minecraft:drop":144,"minecraft:damage_dealt":155,"minecraft:chair_used":2,"minecraft:fly_one_cm":660298,"minecraft:player_kills":1,"minecraft:open_chest":5,"minecraft:play_one_minute":214136,"minecraft:crouch_one_cm":4130,"minecraft:deaths":1,"minecraft:sneak_time":3395,"minecraft:walk_under_water_one_cm":30,"minecraft:aviate_one_cm":357373,"minecraft:jump":483,"minecraft:leave_game":2,"minecraft:time_since_death":189514,"minecraft:walk_on_water_one_cm":1892,"minecraft:climb_one_cm":314,"minecraft:fall_one_cm":659},"minecraft:mined":{"minecraft:grass":1,"minecraft:tall_grass":5},"minecraft:picked_up":{"minecraft:cooked_porkchop":1,"minecraft:leather_leggings":3,"minecraft:cookie":75,"theatrical:moving_light":1,"minecraft:cooked_salmon":1,"minecraft:leather_boots":1,"minecraft:golden_apple":1,"minecraft:enchanted_golden_apple":4}},"DataVersion":2586}