{"stats":{"minecraft:killed_by":{"minecraft:player":1},"minecraft:used":{"minecraft:purple_stained_glass":10,"minecraft:blue_terracotta":5,"minecraft:black_concrete":26,"minecraft:black_wool":2,"minecraft:firework_rocket":5,"theatrical:truss":4,"minecraft:orange_concrete":1,"cgm:shotgun":7,"minecraft:iron_block":35,"minecraft:grass_block":11,"cgm:pistol":44,"minecraft:barrier":10,"minecraft:oak_sign":11,"cgm:assault_rifle":19,"minecraft:potion":1,"theatrical:moving_light":1,"cgm:mini_gun":125,"cgm:heavy_rifle":1,"minecraft:splash_potion":147},"minecraft:dropped":{"minecraft:leather_chestplate":1,"minecraft:porkchop":1,"minecraft:cooked_porkchop":132,"minecraft:leather_boots":1,"minecraft:leather_leggings":2},"minecraft:custom":{"minecraft:time_since_rest":141569,"minecraft:sprint_one_cm":149373,"minecraft:damage_taken":524,"minecraft:walk_one_cm":240319,"minecraft:drop":137,"minecraft:damage_dealt":93,"minecraft:chair_used":1,"minecraft:fly_one_cm":535062,"minecraft:player_kills":1,"minecraft:play_one_minute":166136,"minecraft:crouch_one_cm":2744,"minecraft:deaths":1,"minecraft:sneak_time":2560,"minecraft:walk_under_water_one_cm":30,"minecraft:aviate_one_cm":357373,"minecraft:jump":360,"minecraft:leave_game":2,"minecraft:time_since_death":141514,"minecraft:walk_on_water_one_cm":1446,"minecraft:climb_one_cm":59,"minecraft:fall_one_cm":659},"minecraft:mined":{"minecraft:grass":1,"minecraft:tall_grass":5},"minecraft:picked_up":{"minecraft:leather_leggings":3,"theatrical:moving_light":1,"minecraft:cooked_salmon":1,"minecraft:leather_boots":1,"minecraft:golden_apple":1,"minecraft:enchanted_golden_apple":4}},"DataVersion":2586}