{"stats":{"minecraft:killed_by":{"minecraft:player":1},"minecraft:used":{"minecraft:purple_stained_glass":10,"minecraft:dark_oak_planks":1,"minecraft:iron_bars":26,"minecraft:blue_terracotta":5,"minecraft:black_concrete":26,"minecraft:black_wool":2,"pfm:jungle_classic_stool":1,"minecraft:firework_rocket":5,"theatrical:truss":4,"minecraft:orange_concrete":1,"cgm:shotgun":7,"minecraft:iron_block":35,"minecraft:grass_block":11,"cgm:pistol":58,"minecraft:barrier":10,"minecraft:oak_sign":15,"cgm:assault_rifle":19,"minecraft:white_wool":2,"minecraft:dirt":2,"minecraft:potion":1,"minecraft:white_stained_glass":3,"theatrical:moving_light":1,"minecraft:white_concrete":2,"cgm:mini_gun":125,"minecraft:purple_wool":4,"cgm:heavy_rifle":1,"minecraft:splash_potion":166,"minecraft:obsidian":14},"minecraft:dropped":{"minecraft:leather_chestplate":1,"minecraft:porkchop":1,"minecraft:cooked_porkchop":132,"minecraft:leather_boots":1,"minecraft:leather_leggings":2,"minecraft:purple_wool":1},"minecraft:custom":{"minecraft:time_since_rest":177569,"minecraft:sprint_one_cm":178563,"minecraft:damage_taken":524,"minecraft:walk_one_cm":284680,"minecraft:drop":138,"minecraft:damage_dealt":135,"minecraft:chair_used":2,"minecraft:fly_one_cm":610277,"minecraft:player_kills":1,"minecraft:open_chest":5,"minecraft:play_one_minute":202136,"minecraft:crouch_one_cm":3226,"minecraft:deaths":1,"minecraft:sneak_time":2998,"minecraft:walk_under_water_one_cm":30,"minecraft:aviate_one_cm":357373,"minecraft:jump":451,"minecraft:leave_game":2,"minecraft:time_since_death":177514,"minecraft:walk_on_water_one_cm":1446,"minecraft:climb_one_cm":314,"minecraft:fall_one_cm":659},"minecraft:mined":{"minecraft:grass":1,"minecraft:tall_grass":5},"minecraft:picked_up":{"minecraft:cooked_porkchop":1,"minecraft:leather_leggings":3,"minecraft:cookie":11,"theatrical:moving_light":1,"minecraft:cooked_salmon":1,"minecraft:leather_boots":1,"minecraft:golden_apple":1,"minecraft:enchanted_golden_apple":4}},"DataVersion":2586}