{"stats":{"minecraft:used":{"minecraft:purple_stained_glass":10,"minecraft:oak_sign":4,"theatrical:moving_light":1,"minecraft:blue_terracotta":2,"minecraft:firework_rocket":5,"minecraft:orange_concrete":1,"minecraft:iron_block":4},"minecraft:custom":{"minecraft:jump":63,"minecraft:time_since_rest":22082,"minecraft:crouch_one_cm":443,"minecraft:play_one_minute":22082,"minecraft:sprint_one_cm":22248,"minecraft:time_since_death":22082,"minecraft:walk_one_cm":35342,"minecraft:sneak_time":698,"minecraft:climb_one_cm":59,"minecraft:fly_one_cm":108478,"minecraft:aviate_one_cm":291908},"minecraft:picked_up":{"theatrical:moving_light":1},"minecraft:mined":{"minecraft:grass":1,"minecraft:tall_grass":5}},"DataVersion":2586}