{"stats":{"minecraft:killed_by":{"minecraft:player":1},"minecraft:used":{"minecraft:purple_stained_glass":10,"minecraft:blue_terracotta":2,"minecraft:black_concrete":26,"minecraft:firework_rocket":5,"minecraft:potion":1,"theatrical:truss":4,"minecraft:orange_concrete":1,"cgm:shotgun":2,"minecraft:iron_block":4,"minecraft:oak_sign":4,"theatrical:moving_light":1,"cgm:mini_gun":109,"minecraft:splash_potion":2,"cgm:assault_rifle":8},"minecraft:custom":{"minecraft:time_since_rest":54722,"minecraft:crouch_one_cm":1084,"minecraft:play_one_minute":79289,"minecraft:sprint_one_cm":43463,"minecraft:deaths":1,"minecraft:damage_taken":376,"minecraft:walk_one_cm":54425,"minecraft:sneak_time":1063,"minecraft:aviate_one_cm":357373,"minecraft:jump":139,"minecraft:leave_game":1,"minecraft:time_since_death":54667,"minecraft:climb_one_cm":59,"minecraft:fly_one_cm":206549,"minecraft:player_kills":1},"minecraft:picked_up":{"theatrical:moving_light":1},"minecraft:mined":{"minecraft:grass":1,"minecraft:tall_grass":5}},"DataVersion":2586}