{"stats":{"minecraft:mined":{"minecraft:grass":1,"minecraft:tall_grass":5},"minecraft:killed_by":{"minecraft:player":1},"minecraft:dropped":{"minecraft:leather_chestplate":1,"minecraft:porkchop":1,"minecraft:cooked_porkchop":132,"minecraft:leather_boots":1,"minecraft:chicken":1,"minecraft:cookie":4,"minecraft:leather_leggings":2,"minecraft:purple_wool":1,"minecraft:dark_oak_planks":1,"minecraft:oak_sign":1,"minecraft:end_rod":4},"minecraft:custom":{"minecraft:time_since_rest":206413,"minecraft:sprint_one_cm":221152,"minecraft:damage_taken":524,"minecraft:walk_one_cm":347530,"minecraft:interact_with_anvil":1,"minecraft:drop":149,"minecraft:damage_dealt":165,"minecraft:chair_used":4,"minecraft:fly_one_cm":675139,"minecraft:player_kills":1,"minecraft:open_chest":5,"minecraft:crouch_one_cm":4915,"minecraft:play_one_minute":230980,"minecraft:deaths":1,"minecraft:sneak_time":3852,"minecraft:walk_under_water_one_cm":1116,"minecraft:boat_one_cm":2378,"minecraft:aviate_one_cm":357373,"minecraft:jump":521,"minecraft:leave_game":3,"minecraft:walk_on_water_one_cm":1899,"minecraft:time_since_death":206358,"minecraft:climb_one_cm":314,"minecraft:fall_one_cm":659},"minecraft:picked_up":{"minecraft:cooked_porkchop":1,"minecraft:leather_leggings":3,"minecraft:cookie":75,"theatrical:moving_light":1,"minecraft:cooked_salmon":1,"minecraft:leather_boots":1,"minecraft:golden_apple":1,"minecraft:enchanted_golden_apple":4},"minecraft:used":{"minecraft:firework_rocket":5,"minecraft:end_rod":3,"minecraft:purple_stained_glass":10,"minecraft:sticky_piston":1,"minecraft:black_wool":2,"minecraft:dark_oak_planks":1,"minecraft:black_concrete":26,"minecraft:water_bucket":1,"minecraft:lever":1,"minecraft:blue_terracotta":5,"theatrical:truss":4,"minecraft:iron_bars":26,"pfm:jungle_classic_stool":1,"minecraft:orange_concrete":1,"minecraft:flint_and_steel":2,"cgm:shotgun":7,"minecraft:iron_block":35,"minecraft:grass_block":11,"cgm:pistol":67,"minecraft:barrier":14,"minecraft:oak_sign":31,"cgm:assault_rifle":19,"minecraft:netherrack":9,"minecraft:white_wool":2,"minecraft:glowstone":15,"minecraft:dirt":2,"minecraft:anvil":1,"minecraft:potion":1,"minecraft:glass_pane":4,"minecraft:white_stained_glass":16,"minecraft:oak_boat":2,"minecraft:gold_block":3,"theatrical:moving_light":1,"minecraft:white_concrete":31,"cgm:mini_gun":125,"cgm:heavy_rifle":1,"minecraft:purple_wool":4,"minecraft:splash_potion":166,"minecraft:obsidian":14}},"DataVersion":2586}