{"stats":{"minecraft:killed_by":{"minecraft:player":1},"minecraft:used":{"minecraft:purple_stained_glass":10,"minecraft:black_wool":1,"minecraft:blue_terracotta":5,"minecraft:black_concrete":26,"minecraft:firework_rocket":5,"minecraft:potion":1,"theatrical:truss":4,"minecraft:orange_concrete":1,"minecraft:grass_block":11,"cgm:shotgun":7,"cgm:pistol":9,"minecraft:iron_block":35,"minecraft:barrier":10,"minecraft:oak_sign":10,"theatrical:moving_light":1,"cgm:mini_gun":125,"cgm:heavy_rifle":1,"minecraft:splash_potion":140,"cgm:assault_rifle":19},"minecraft:dropped":{"minecraft:cooked_porkchop":132},"minecraft:custom":{"minecraft:time_since_rest":129569,"minecraft:crouch_one_cm":2685,"minecraft:play_one_minute":154136,"minecraft:sprint_one_cm":131488,"minecraft:deaths":1,"minecraft:damage_taken":516,"minecraft:walk_one_cm":198562,"minecraft:sneak_time":2523,"minecraft:walk_under_water_one_cm":30,"minecraft:drop":132,"minecraft:aviate_one_cm":357373,"minecraft:jump":324,"minecraft:damage_dealt":77,"minecraft:leave_game":2,"minecraft:walk_on_water_one_cm":1446,"minecraft:time_since_death":129514,"minecraft:climb_one_cm":59,"minecraft:fall_one_cm":659,"minecraft:fly_one_cm":515471,"minecraft:player_kills":1},"minecraft:mined":{"minecraft:grass":1,"minecraft:tall_grass":5},"minecraft:picked_up":{"minecraft:cooked_salmon":1,"theatrical:moving_light":1}},"DataVersion":2586}