{"stats":{"minecraft:killed_by":{"minecraft:player":1},"minecraft:used":{"minecraft:purple_stained_glass":10,"minecraft:blue_terracotta":5,"minecraft:black_concrete":26,"minecraft:firework_rocket":5,"minecraft:potion":1,"theatrical:truss":4,"minecraft:orange_concrete":1,"cgm:shotgun":7,"cgm:pistol":2,"minecraft:iron_block":5,"minecraft:barrier":10,"minecraft:oak_sign":7,"theatrical:moving_light":1,"cgm:mini_gun":125,"cgm:heavy_rifle":1,"minecraft:splash_potion":2,"cgm:assault_rifle":8},"minecraft:custom":{"minecraft:time_since_rest":78722,"minecraft:crouch_one_cm":1521,"minecraft:play_one_minute":103289,"minecraft:sprint_one_cm":68390,"minecraft:deaths":1,"minecraft:damage_taken":376,"minecraft:walk_one_cm":92964,"minecraft:sneak_time":1422,"minecraft:aviate_one_cm":357373,"minecraft:jump":164,"minecraft:damage_dealt":10,"minecraft:leave_game":1,"minecraft:time_since_death":78667,"minecraft:climb_one_cm":59,"minecraft:fly_one_cm":263090,"minecraft:player_kills":1},"minecraft:picked_up":{"theatrical:moving_light":1},"minecraft:mined":{"minecraft:grass":1,"minecraft:tall_grass":5}},"DataVersion":2586}