{"stats":{"minecraft:mined":{"minecraft:grass":1,"minecraft:tall_grass":5},"minecraft:killed_by":{"minecraft:player":1},"minecraft:dropped":{"minecraft:leather_chestplate":1,"minecraft:porkchop":1,"minecraft:cooked_porkchop":132,"minecraft:leather_boots":1,"minecraft:chicken":1,"minecraft:cookie":4,"minecraft:leather_leggings":2,"minecraft:purple_wool":1,"minecraft:dark_oak_planks":1,"minecraft:oak_sign":2,"minecraft:end_rod":4},"minecraft:custom":{"minecraft:time_since_rest":218413,"minecraft:sprint_one_cm":233856,"minecraft:damage_taken":524,"minecraft:walk_one_cm":370327,"minecraft:interact_with_anvil":1,"minecraft:drop":150,"minecraft:damage_dealt":165,"minecraft:chair_used":4,"minecraft:swim_one_cm":7165,"minecraft:fly_one_cm":680039,"minecraft:player_kills":2,"minecraft:open_chest":5,"minecraft:crouch_one_cm":6964,"minecraft:play_one_minute":242980,"minecraft:deaths":1,"minecraft:sneak_time":4681,"minecraft:walk_under_water_one_cm":11004,"minecraft:boat_one_cm":2378,"minecraft:aviate_one_cm":357373,"minecraft:jump":536,"minecraft:leave_game":3,"minecraft:walk_on_water_one_cm":2457,"minecraft:time_since_death":218358,"minecraft:climb_one_cm":314,"minecraft:fall_one_cm":659},"minecraft:picked_up":{"minecraft:cooked_porkchop":1,"minecraft:leather_leggings":3,"minecraft:cookie":75,"theatrical:moving_light":1,"minecraft:cooked_salmon":1,"minecraft:leather_boots":1,"minecraft:golden_apple":1,"minecraft:enchanted_golden_apple":4},"minecraft:used":{"minecraft:firework_rocket":5,"minecraft:end_rod":3,"minecraft:purple_stained_glass":10,"minecraft:sticky_piston":1,"minecraft:black_wool":2,"minecraft:dark_oak_planks":1,"minecraft:black_concrete":26,"minecraft:water_bucket":1,"minecraft:lever":1,"minecraft:blue_terracotta":5,"theatrical:truss":4,"minecraft:iron_bars":26,"pfm:jungle_classic_stool":1,"minecraft:orange_concrete":1,"minecraft:flint_and_steel":2,"cgm:shotgun":8,"minecraft:iron_block":35,"minecraft:grass_block":11,"cgm:pistol":75,"minecraft:barrier":14,"minecraft:oak_sign":34,"minecraft:stone_bricks":4,"cgm:assault_rifle":19,"minecraft:netherrack":9,"minecraft:white_wool":2,"minecraft:glowstone":15,"minecraft:dirt":2,"minecraft:anvil":1,"minecraft:potion":1,"minecraft:glass_pane":9,"minecraft:white_stained_glass":16,"minecraft:oak_boat":2,"minecraft:gold_block":3,"theatrical:moving_light":1,"cgm:rifle":3,"minecraft:white_concrete":42,"cgm:mini_gun":125,"cgm:heavy_rifle":1,"minecraft:purple_wool":4,"minecraft:splash_potion":176,"minecraft:obsidian":14}},"DataVersion":2586}