{"stats":{"minecraft:killed_by":{"minecraft:player":1},"minecraft:used":{"minecraft:purple_stained_glass":10,"minecraft:blue_terracotta":3,"minecraft:black_concrete":26,"minecraft:firework_rocket":5,"minecraft:potion":1,"theatrical:truss":4,"minecraft:orange_concrete":1,"cgm:shotgun":7,"minecraft:iron_block":4,"minecraft:oak_sign":4,"theatrical:moving_light":1,"cgm:mini_gun":125,"cgm:heavy_rifle":1,"minecraft:splash_potion":2,"cgm:assault_rifle":8},"minecraft:custom":{"minecraft:time_since_rest":66722,"minecraft:crouch_one_cm":1177,"minecraft:play_one_minute":91289,"minecraft:sprint_one_cm":48570,"minecraft:deaths":1,"minecraft:damage_taken":376,"minecraft:walk_one_cm":63283,"minecraft:sneak_time":1144,"minecraft:aviate_one_cm":357373,"minecraft:jump":147,"minecraft:leave_game":1,"minecraft:time_since_death":66667,"minecraft:climb_one_cm":59,"minecraft:fly_one_cm":237057,"minecraft:player_kills":1},"minecraft:picked_up":{"theatrical:moving_light":1},"minecraft:mined":{"minecraft:grass":1,"minecraft:tall_grass":5}},"DataVersion":2586}