{"stats":{"minecraft:used":{"minecraft:cooked_porkchop":3,"minecraft:enchanted_golden_apple":3,"minecraft:golden_apple":3},"minecraft:dropped":{"minecraft:leather_leggings":3,"minecraft:iron_ingot":3,"minecraft:dirt":31,"minecraft:leather_chestplate":1,"minecraft:iron_trapdoor":4,"minecraft:cooked_porkchop":1,"minecraft:golden_apple":64,"minecraft:leather_boots":3},"minecraft:custom":{"minecraft:play_one_minute":74976,"minecraft:crouch_one_cm":64264,"minecraft:time_since_rest":38200,"minecraft:sprint_one_cm":333298,"minecraft:damage_absorbed":316,"minecraft:damage_taken":1130,"minecraft:walk_one_cm":259027,"minecraft:sneak_time":8296,"minecraft:drop":56,"minecraft:jump":1627,"minecraft:damage_dealt":246,"minecraft:leave_game":1,"minecraft:time_since_death":74976,"minecraft:walk_on_water_one_cm":616,"minecraft:sleep_in_bed":3,"minecraft:damage_resisted":119,"minecraft:fall_one_cm":22630,"minecraft:fly_one_cm":312149},"minecraft:picked_up":{"minecraft:leather_chestplate":2,"minecraft:leather_boots":2,"minecraft:cooked_porkchop":60,"minecraft:iron_trapdoor":4,"minecraft:leather_leggings":3,"minecraft:black_concrete":14,"minecraft:iron_ingot":3,"minecraft:golden_apple":5,"minecraft:dirt":236},"minecraft:mined":{"minecraft:grass":1,"minecraft:oak_leaves":2}},"DataVersion":2586}