{"stats":{"minecraft:killed_by":{"minecraft:player":1},"minecraft:used":{"minecraft:cooked_porkchop":5,"minecraft:enchanted_golden_apple":3,"minecraft:golden_apple":3},"minecraft:dropped":{"minecraft:leather_leggings":3,"minecraft:iron_ingot":3,"minecraft:dirt":31,"minecraft:leather_chestplate":1,"minecraft:iron_trapdoor":4,"minecraft:cooked_porkchop":1,"minecraft:golden_apple":64,"minecraft:leather_boots":3},"minecraft:custom":{"minecraft:play_one_minute":98736,"minecraft:crouch_one_cm":72952,"minecraft:time_since_rest":14404,"minecraft:sprint_one_cm":376101,"minecraft:damage_taken":1468,"minecraft:walk_one_cm":318009,"minecraft:deaths":1,"minecraft:sneak_time":17308,"minecraft:drop":56,"minecraft:jump":1826,"minecraft:damage_dealt":252,"minecraft:leave_game":3,"minecraft:time_since_death":14376,"minecraft:walk_on_water_one_cm":616,"minecraft:sleep_in_bed":3,"minecraft:chair_used":7,"minecraft:damage_resisted":119,"minecraft:fall_one_cm":25939,"minecraft:fly_one_cm":402506,"minecraft:damage_absorbed":316},"minecraft:picked_up":{"minecraft:leather_chestplate":2,"minecraft:leather_boots":2,"minecraft:cooked_porkchop":73,"minecraft:iron_trapdoor":4,"minecraft:leather_leggings":4,"minecraft:black_concrete":14,"minecraft:iron_ingot":3,"minecraft:golden_apple":7,"minecraft:enchanted_golden_apple":1,"minecraft:dirt":236},"minecraft:mined":{"minecraft:grass":1,"minecraft:oak_leaves":2}},"DataVersion":2586}