{"stats":{"minecraft:used":{"minecraft:golden_apple":3},"minecraft:custom":{"minecraft:time_since_rest":14406,"minecraft:play_one_minute":51182,"minecraft:crouch_one_cm":61026,"minecraft:walk_one_cm":170369,"minecraft:sprint_one_cm":215965,"minecraft:damage_taken":833,"minecraft:damage_absorbed":24,"minecraft:sneak_time":7702,"minecraft:drop":25,"minecraft:jump":820,"minecraft:damage_dealt":208,"minecraft:walk_on_water_one_cm":96,"minecraft:time_since_death":51182,"minecraft:sleep_in_bed":3,"minecraft:damage_resisted":6,"minecraft:fall_one_cm":15383,"minecraft:fly_one_cm":159179},"minecraft:dropped":{"minecraft:iron_ingot":3,"minecraft:leather_leggings":3,"minecraft:leather_chestplate":1,"minecraft:iron_trapdoor":4,"minecraft:cooked_porkchop":1,"minecraft:golden_apple":64,"minecraft:leather_boots":3},"minecraft:picked_up":{"minecraft:leather_boots":2,"minecraft:leather_chestplate":1,"minecraft:iron_trapdoor":4,"minecraft:cooked_porkchop":5,"minecraft:leather_leggings":3,"minecraft:iron_ingot":3,"minecraft:golden_apple":5},"minecraft:mined":{"minecraft:grass":1,"minecraft:oak_leaves":2}},"DataVersion":2586}