{"stats":{"minecraft:used":{"minecraft:golden_apple":3},"minecraft:custom":{"minecraft:time_since_rest":2406,"minecraft:play_one_minute":39182,"minecraft:crouch_one_cm":5145,"minecraft:walk_one_cm":156721,"minecraft:sprint_one_cm":188302,"minecraft:damage_taken":419,"minecraft:damage_absorbed":24,"minecraft:sneak_time":1616,"minecraft:drop":25,"minecraft:jump":553,"minecraft:damage_dealt":200,"minecraft:time_since_death":39182,"minecraft:sleep_in_bed":3,"minecraft:damage_resisted":6,"minecraft:fall_one_cm":1852,"minecraft:fly_one_cm":114885},"minecraft:dropped":{"minecraft:iron_ingot":3,"minecraft:leather_leggings":3,"minecraft:leather_chestplate":1,"minecraft:iron_trapdoor":4,"minecraft:cooked_porkchop":1,"minecraft:golden_apple":64,"minecraft:leather_boots":3},"minecraft:picked_up":{"minecraft:leather_boots":2,"minecraft:leather_chestplate":1,"minecraft:iron_trapdoor":4,"minecraft:cooked_porkchop":5,"minecraft:leather_leggings":3,"minecraft:iron_ingot":3,"minecraft:golden_apple":5}},"DataVersion":2586}