{"stats":{"minecraft:used":{"minecraft:golden_apple":3},"minecraft:dropped":{"minecraft:leather_leggings":2,"minecraft:leather_chestplate":1,"minecraft:cooked_porkchop":1,"minecraft:golden_apple":64,"minecraft:leather_boots":3},"minecraft:custom":{"minecraft:time_since_rest":6968,"minecraft:play_one_minute":27182,"minecraft:crouch_one_cm":4495,"minecraft:walk_one_cm":101084,"minecraft:sprint_one_cm":133029,"minecraft:damage_taken":224,"minecraft:damage_absorbed":24,"minecraft:sneak_time":1341,"minecraft:drop":17,"minecraft:jump":354,"minecraft:damage_dealt":132,"minecraft:time_since_death":27182,"minecraft:sleep_in_bed":1,"minecraft:damage_resisted":6,"minecraft:fall_one_cm":745,"minecraft:fly_one_cm":77936},"minecraft:picked_up":{"minecraft:leather_boots":2,"minecraft:leather_chestplate":1,"minecraft:iron_trapdoor":4,"minecraft:cooked_porkchop":5,"minecraft:leather_leggings":2,"minecraft:iron_ingot":3,"minecraft:golden_apple":5}},"DataVersion":2586}