{"stats":{"minecraft:picked_up":{"minecraft:wooden_axe":2,"theatrical:generic_light":12,"minecraft:purple_stained_glass":2,"securitycraft:scanner_door_item":1,"minecraft:orange_concrete":3,"minecraft:stone_bricks":1,"minecraft:wheat_seeds":1,"minecraft:quartz_stairs":1,"minecraft:purple_concrete":1,"cgm:rifle":1,"minecraft:quartz_pillar":2,"minecraft:redstone":11,"theatrical:moving_light":6,"minecraft:blue_terracotta":1,"theatrical:power_cable":1,"minecraft:black_concrete":1,"minecraft:jungle_stairs":2,"minecraft:lever":3,"cgm:assault_rifle":1,"minecraft:iron_block":2,"minecraft:white_concrete":1,"minecraft:oak_sapling":6},"minecraft:custom":{"minecraft:play_one_minute":438271,"minecraft:leave_game":14,"minecraft:time_since_death":50277,"minecraft:climb_one_cm":4699,"minecraft:time_since_rest":50323,"minecraft:damage_taken":100,"minecraft:sprint_one_cm":259640,"minecraft:walk_one_cm":595757,"minecraft:drop":10,"minecraft:interact_with_beacon":2,"minecraft:chair_used":1,"minecraft:fly_one_cm":1788062,"minecraft:player_kills":3,"minecraft:crouch_one_cm":4516,"minecraft:deaths":10,"minecraft:sneak_time":7150,"minecraft:walk_under_water_one_cm":14416,"minecraft:jump":1602,"minecraft:walk_on_water_one_cm":12417},"minecraft:dropped":{"minecraft:wheat_seeds":1,"theatrical:moving_light":1,"minecraft:orange_concrete":1,"minecraft:iron_block":1,"theatrical:power_cable":1,"minecraft:wooden_axe":1,"minecraft:white_concrete":1,"minecraft:stone_bricks":1,"pfm:furniture_book":1,"cgm:stun_grenade":64},"minecraft:used":{"theatrical:dimmed_power_cable":9,"minecraft:water_bucket":102,"minecraft:blue_terracotta":38,"theatrical:dmx_cable":33,"framedblocks:framed_inner_corner_slope":2,"framedblocks:framed_inner_threeway_corner":1,"pfm:jungle_classic_stool":24,"theatrical:truss":4,"theatrical:dimmer_rack":3,"minecraft:orange_concrete":47,"framedblocks:framed_slope":225,"framedblocks:framed_slab":44,"framedblocks:framed_door":8,"minecraft:redstone":33,"cgm:stun_grenade":3,"framedblocks:framed_stairs":124,"framedblocks:framed_cube":103,"securitycraft:keypad_door_item":5,"pfm:blue_simple_sofa":2,"securitycraft:scanner_door_item":2,"minecraft:oak_leaves":465,"minecraft:smooth_quartz_stairs":9,"minecraft:pink_concrete":2,"minecraft:purpur_stairs":40,"minecraft:sand":5,"framedblocks:framed_inner_prism_corner":6,"minecraft:vine":9,"theatrical:socapex_cable":4,"minecraft:yellow_concrete":4,"cgm:bazooka":1,"theatrical:moving_light":15,"cgm:rifle":21,"theatrical:generic_light":19,"minecraft:milk_bucket":1,"minecraft:redstone_torch":11,"minecraft:purple_stained_glass":3,"minecraft:sticky_piston":35,"minecraft:netherite_block":6,"minecraft:lever":11,"minecraft:green_concrete":4,"minecraft:black_concrete":6,"theatrical:socapex_distribution":6,"minecraft:quartz_pillar":60,"minecraft:command_block":2,"minecraft:iron_block":53,"minecraft:grass_block":9,"minecraft:barrier":312,"minecraft:jungle_log":48,"cgm:grenade":2,"theatrical:power_cable":25,"minecraft:magenta_concrete":43,"minecraft:jungle_stairs":24,"framedblocks:framed_slab_edge":4,"securitycraft:reinforced_black_concrete":3,"cgm:assault_rifle":53,"minecraft:stone_bricks":840,"minecraft:repeater":3,"minecraft:purple_concrete":57,"framedblocks:framed_pressure_plate":5,"minecraft:lime_concrete":118,"minecraft:potion":2,"securitycraft:dirt_mine":6,"minecraft:white_stained_glass":1,"powah:energy_cell_creative":8,"powah:energy_cable_starter":19,"minecraft:white_concrete":156,"theatrical:basic_lighting_desk":11}},"DataVersion":2586}