{"stats":{"minecraft:custom":{"minecraft:time_since_rest":95021,"minecraft:damage_taken":100,"minecraft:sprint_one_cm":206368,"minecraft:walk_one_cm":518898,"minecraft:drop":7,"minecraft:interact_with_beacon":2,"minecraft:chair_used":1,"minecraft:fly_one_cm":1340143,"minecraft:player_kills":1,"minecraft:crouch_one_cm":2557,"minecraft:play_one_minute":312398,"minecraft:deaths":9,"minecraft:sneak_time":4265,"minecraft:walk_under_water_one_cm":13355,"minecraft:jump":1296,"minecraft:leave_game":9,"minecraft:walk_on_water_one_cm":10622,"minecraft:time_since_death":94979,"minecraft:climb_one_cm":4699},"minecraft:dropped":{"minecraft:wheat_seeds":1,"minecraft:wooden_axe":1,"minecraft:white_concrete":1,"minecraft:orange_concrete":1,"minecraft:stone_bricks":1,"pfm:furniture_book":1,"cgm:stun_grenade":64},"minecraft:used":{"minecraft:redstone_torch":11,"minecraft:purple_stained_glass":3,"minecraft:sticky_piston":35,"minecraft:lever":11,"minecraft:water_bucket":102,"minecraft:green_concrete":4,"minecraft:blue_terracotta":37,"minecraft:black_concrete":2,"pfm:jungle_classic_stool":24,"minecraft:quartz_pillar":60,"minecraft:orange_concrete":45,"minecraft:command_block":2,"framedblocks:framed_slab":44,"framedblocks:framed_slope":156,"minecraft:iron_block":48,"minecraft:grass_block":9,"framedblocks:framed_door":8,"minecraft:redstone":33,"minecraft:barrier":99,"minecraft:jungle_log":48,"cgm:grenade":2,"cgm:stun_grenade":3,"framedblocks:framed_slab_edge":4,"framedblocks:framed_stairs":84,"minecraft:jungle_stairs":24,"minecraft:magenta_concrete":39,"securitycraft:keypad_door_item":5,"pfm:blue_simple_sofa":2,"cgm:assault_rifle":53,"securitycraft:scanner_door_item":2,"minecraft:repeater":3,"minecraft:stone_bricks":840,"framedblocks:framed_pressure_plate":5,"minecraft:smooth_quartz_stairs":9,"minecraft:oak_leaves":465,"minecraft:pink_concrete":2,"minecraft:lime_concrete":117,"framedblocks:framed_inner_prism_corner":6,"minecraft:purple_concrete":57,"minecraft:sand":5,"minecraft:purpur_stairs":40,"minecraft:potion":2,"minecraft:vine":9,"securitycraft:dirt_mine":6,"minecraft:white_stained_glass":1,"minecraft:yellow_concrete":3,"minecraft:white_concrete":156,"cgm:rifle":7,"minecraft:milk_bucket":1},"minecraft:picked_up":{"minecraft:wooden_axe":2,"cgm:rifle":1,"minecraft:quartz_pillar":2,"minecraft:purple_stained_glass":2,"minecraft:redstone":11,"minecraft:orange_concrete":3,"securitycraft:scanner_door_item":1,"minecraft:blue_terracotta":1,"minecraft:stone_bricks":1,"minecraft:black_concrete":1,"minecraft:jungle_stairs":2,"minecraft:wheat_seeds":1,"minecraft:lever":3,"cgm:assault_rifle":1,"minecraft:iron_block":1,"minecraft:white_concrete":1,"minecraft:oak_sapling":6,"minecraft:quartz_stairs":1,"minecraft:purple_concrete":1}},"DataVersion":2586}