{"stats":{"minecraft:used":{"theatrical:dimmed_power_cable":24,"minecraft:water_bucket":102,"minecraft:blue_terracotta":44,"framedblocks:framed_inner_corner_slope":2,"theatrical:dmx_cable":99,"framedblocks:framed_inner_threeway_corner":1,"pfm:jungle_classic_stool":24,"theatrical:truss":6,"theatrical:dimmer_rack":4,"minecraft:orange_concrete":47,"framedblocks:framed_slope":227,"framedblocks:framed_slab":44,"framedblocks:framed_door":11,"minecraft:redstone":43,"cgm:stun_grenade":3,"framedblocks:framed_stairs":124,"framedblocks:framed_cube":107,"minecraft:zombie_spawn_egg":1,"securitycraft:keypad_door_item":5,"pfm:blue_simple_sofa":2,"securitycraft:scanner_door_item":2,"minecraft:oak_leaves":465,"minecraft:smooth_quartz_stairs":9,"minecraft:pink_concrete":2,"minecraft:purpur_stairs":40,"minecraft:sand":5,"minecraft:vine":9,"framedblocks:framed_inner_prism_corner":6,"theatrical:socapex_cable":9,"minecraft:yellow_concrete":4,"cgm:bazooka":1,"theatrical:moving_light":27,"cgm:rifle":21,"framedblocks:framed_collapsible_block":1,"theatrical:generic_light":29,"minecraft:milk_bucket":1,"minecraft:redstone_torch":11,"minecraft:purple_stained_glass":13,"minecraft:sticky_piston":35,"minecraft:netherite_block":6,"minecraft:lever":11,"minecraft:green_concrete":4,"minecraft:black_concrete":6,"theatrical:socapex_distribution":9,"minecraft:quartz_pillar":60,"minecraft:command_block":2,"theatrical:iwb":2,"minecraft:iron_block":68,"minecraft:grass_block":9,"minecraft:barrier":1277,"framedblocks:framed_lever":1,"minecraft:jungle_log":48,"cgm:grenade":2,"theatrical:power_cable":25,"minecraft:magenta_concrete":43,"minecraft:jungle_stairs":24,"framedblocks:framed_slab_edge":4,"securitycraft:reinforced_black_concrete":3,"cgm:assault_rifle":53,"minecraft:stone_bricks":840,"minecraft:repeater":4,"minecraft:purple_concrete":57,"framedblocks:framed_pressure_plate":5,"minecraft:lime_concrete":400,"minecraft:potion":2,"framedblocks:framed_pane":3,"securitycraft:dirt_mine":6,"minecraft:white_stained_glass":1,"powah:energy_cell_creative":29,"powah:energy_cable_starter":64,"minecraft:white_concrete":175,"theatrical:basic_lighting_desk":31},"minecraft:custom":{"minecraft:play_one_minute":601104,"minecraft:leave_game":17,"minecraft:time_since_death":69582,"minecraft:climb_one_cm":4699,"minecraft:time_since_rest":69618,"minecraft:damage_taken":100,"minecraft:sprint_one_cm":293575,"minecraft:walk_one_cm":715419,"minecraft:drop":12,"minecraft:interact_with_beacon":3,"minecraft:chair_used":1,"minecraft:fly_one_cm":2196399,"minecraft:player_kills":3,"minecraft:crouch_one_cm":18927,"minecraft:deaths":11,"minecraft:sneak_time":15856,"minecraft:walk_under_water_one_cm":14764,"minecraft:jump":1835,"minecraft:walk_on_water_one_cm":12436},"minecraft:dropped":{"theatrical:dmx_cable":1,"minecraft:wheat_seeds":1,"theatrical:moving_light":1,"minecraft:orange_concrete":1,"minecraft:purple_stained_glass":1,"minecraft:iron_block":1,"theatrical:power_cable":1,"minecraft:wooden_axe":1,"minecraft:white_concrete":1,"minecraft:stone_bricks":1,"pfm:furniture_book":1,"cgm:stun_grenade":64},"minecraft:picked_up":{"minecraft:wooden_axe":2,"minecraft:repeater":1,"theatrical:generic_light":14,"minecraft:purple_stained_glass":2,"securitycraft:scanner_door_item":1,"minecraft:orange_concrete":3,"minecraft:stone_bricks":1,"minecraft:wheat_seeds":1,"minecraft:quartz_stairs":1,"minecraft:purple_concrete":1,"cgm:rifle":1,"theatrical:dmx_cable":1,"minecraft:quartz_pillar":2,"minecraft:redstone":11,"theatrical:moving_light":20,"minecraft:blue_terracotta":1,"theatrical:power_cable":1,"minecraft:black_concrete":1,"minecraft:jungle_stairs":2,"minecraft:lever":3,"cgm:assault_rifle":1,"minecraft:iron_block":3,"minecraft:white_concrete":1,"minecraft:oak_sapling":6}},"DataVersion":2586}