{"stats":{"minecraft:dropped":{"minecraft:wheat_seeds":1,"theatrical:moving_light":1,"minecraft:orange_concrete":1,"minecraft:iron_block":1,"minecraft:wooden_axe":1,"minecraft:white_concrete":1,"minecraft:stone_bricks":1,"pfm:furniture_book":1,"cgm:stun_grenade":64},"minecraft:custom":{"minecraft:play_one_minute":391986,"minecraft:leave_game":13,"minecraft:time_since_death":3992,"minecraft:climb_one_cm":4699,"minecraft:time_since_rest":4038,"minecraft:damage_taken":100,"minecraft:sprint_one_cm":257109,"minecraft:walk_one_cm":585128,"minecraft:drop":9,"minecraft:interact_with_beacon":2,"minecraft:chair_used":1,"minecraft:fly_one_cm":1755002,"minecraft:player_kills":3,"minecraft:crouch_one_cm":4018,"minecraft:deaths":10,"minecraft:sneak_time":6060,"minecraft:walk_under_water_one_cm":14416,"minecraft:jump":1563,"minecraft:walk_on_water_one_cm":12417},"minecraft:picked_up":{"minecraft:wooden_axe":2,"theatrical:generic_light":3,"minecraft:purple_stained_glass":2,"securitycraft:scanner_door_item":1,"minecraft:orange_concrete":3,"minecraft:stone_bricks":1,"minecraft:wheat_seeds":1,"minecraft:quartz_stairs":1,"minecraft:purple_concrete":1,"cgm:rifle":1,"minecraft:quartz_pillar":2,"minecraft:redstone":11,"theatrical:moving_light":2,"minecraft:blue_terracotta":1,"minecraft:black_concrete":1,"minecraft:jungle_stairs":2,"minecraft:lever":3,"cgm:assault_rifle":1,"minecraft:iron_block":2,"minecraft:white_concrete":1,"minecraft:oak_sapling":6},"minecraft:used":{"minecraft:water_bucket":102,"minecraft:blue_terracotta":38,"minecraft:orange_concrete":47,"framedblocks:framed_inner_threeway_corner":1,"pfm:jungle_classic_stool":24,"theatrical:truss":1,"framedblocks:framed_inner_corner_slope":2,"framedblocks:framed_slope":225,"framedblocks:framed_slab":44,"framedblocks:framed_door":8,"minecraft:redstone":33,"cgm:stun_grenade":3,"framedblocks:framed_stairs":124,"framedblocks:framed_cube":103,"securitycraft:keypad_door_item":5,"pfm:blue_simple_sofa":2,"securitycraft:scanner_door_item":2,"minecraft:oak_leaves":465,"minecraft:smooth_quartz_stairs":9,"minecraft:pink_concrete":2,"minecraft:purpur_stairs":40,"minecraft:sand":5,"framedblocks:framed_inner_prism_corner":6,"minecraft:vine":9,"theatrical:socapex_cable":3,"minecraft:yellow_concrete":4,"cgm:bazooka":1,"theatrical:moving_light":1,"cgm:rifle":21,"theatrical:generic_light":5,"minecraft:milk_bucket":1,"minecraft:redstone_torch":11,"minecraft:purple_stained_glass":3,"minecraft:sticky_piston":35,"minecraft:lever":11,"minecraft:green_concrete":4,"minecraft:black_concrete":6,"minecraft:quartz_pillar":60,"minecraft:command_block":2,"minecraft:iron_block":53,"minecraft:grass_block":9,"minecraft:barrier":312,"minecraft:jungle_log":48,"cgm:grenade":2,"minecraft:magenta_concrete":43,"minecraft:jungle_stairs":24,"framedblocks:framed_slab_edge":4,"securitycraft:reinforced_black_concrete":3,"cgm:assault_rifle":53,"minecraft:stone_bricks":840,"minecraft:repeater":3,"minecraft:purple_concrete":57,"framedblocks:framed_pressure_plate":5,"minecraft:lime_concrete":118,"minecraft:potion":2,"securitycraft:dirt_mine":6,"minecraft:white_stained_glass":1,"minecraft:white_concrete":156,"theatrical:basic_lighting_desk":2}},"DataVersion":2586}