{"stats":{"minecraft:custom":{"minecraft:time_since_rest":63586,"minecraft:damage_taken":100,"minecraft:sprint_one_cm":183217,"minecraft:walk_one_cm":440444,"minecraft:drop":7,"minecraft:interact_with_beacon":2,"minecraft:chair_used":1,"minecraft:fly_one_cm":1248855,"minecraft:player_kills":1,"minecraft:crouch_one_cm":2446,"minecraft:play_one_minute":280963,"minecraft:deaths":9,"minecraft:sneak_time":3989,"minecraft:walk_under_water_one_cm":13355,"minecraft:jump":1207,"minecraft:leave_game":8,"minecraft:walk_on_water_one_cm":10622,"minecraft:time_since_death":63544,"minecraft:climb_one_cm":4699},"minecraft:dropped":{"minecraft:wheat_seeds":1,"minecraft:wooden_axe":1,"minecraft:white_concrete":1,"minecraft:orange_concrete":1,"minecraft:stone_bricks":1,"pfm:furniture_book":1,"cgm:stun_grenade":64},"minecraft:used":{"minecraft:redstone_torch":3,"minecraft:purple_stained_glass":3,"minecraft:sticky_piston":35,"minecraft:lever":7,"minecraft:water_bucket":102,"minecraft:green_concrete":4,"minecraft:blue_terracotta":34,"minecraft:black_concrete":2,"pfm:jungle_classic_stool":24,"minecraft:quartz_pillar":60,"minecraft:orange_concrete":26,"minecraft:command_block":2,"framedblocks:framed_slope":46,"minecraft:iron_block":18,"minecraft:grass_block":9,"minecraft:redstone":11,"minecraft:barrier":99,"minecraft:jungle_log":48,"cgm:grenade":2,"cgm:stun_grenade":3,"framedblocks:framed_stairs":62,"minecraft:jungle_stairs":24,"minecraft:magenta_concrete":21,"pfm:blue_simple_sofa":2,"cgm:assault_rifle":53,"securitycraft:scanner_door_item":2,"minecraft:stone_bricks":840,"minecraft:smooth_quartz_stairs":9,"minecraft:oak_leaves":465,"minecraft:pink_concrete":1,"minecraft:lime_concrete":117,"framedblocks:framed_inner_prism_corner":6,"minecraft:purple_concrete":57,"minecraft:sand":5,"minecraft:purpur_stairs":40,"minecraft:potion":2,"minecraft:vine":9,"securitycraft:dirt_mine":6,"minecraft:white_stained_glass":1,"minecraft:white_concrete":155,"cgm:rifle":7,"minecraft:milk_bucket":1},"minecraft:picked_up":{"minecraft:wooden_axe":2,"cgm:rifle":1,"minecraft:quartz_pillar":2,"minecraft:purple_stained_glass":2,"minecraft:redstone":6,"minecraft:orange_concrete":1,"securitycraft:scanner_door_item":1,"minecraft:blue_terracotta":1,"minecraft:stone_bricks":1,"minecraft:black_concrete":1,"minecraft:jungle_stairs":2,"minecraft:wheat_seeds":1,"minecraft:lever":3,"cgm:assault_rifle":1,"minecraft:iron_block":1,"minecraft:white_concrete":1,"minecraft:oak_sapling":6,"minecraft:quartz_stairs":1,"minecraft:purple_concrete":1}},"DataVersion":2586}