{"stats":{"minecraft:killed_by":{"minecraft:player":1},"minecraft:used":{"securitycraft:stone_mine":12,"minecraft:iron_bars":11,"framedblocks:framed_inner_corner_slope":2,"theatrical:dimmed_power_cable":24,"minecraft:water_bucket":102,"minecraft:blue_terracotta":52,"theatrical:dmx_cable":99,"cgm:machine_pistol":7,"theatrical:truss":6,"framedblocks:framed_inner_threeway_corner":1,"pfm:jungle_classic_stool":24,"theatrical:dimmer_rack":4,"minecraft:orange_concrete":47,"framedblocks:framed_slope":234,"framedblocks:framed_slab":44,"cgm:pistol":40,"framedblocks:framed_door":11,"minecraft:redstone":43,"minecraft:oak_sign":2,"cgm:stun_grenade":5,"framedblocks:framed_stairs":124,"minecraft:chest":2,"framedblocks:framed_cube":107,"minecraft:zombie_spawn_egg":1,"securitycraft:keypad_door_item":5,"pfm:blue_simple_sofa":2,"securitycraft:scanner_door_item":2,"minecraft:smooth_quartz_stairs":9,"minecraft:oak_leaves":465,"minecraft:white_wool":5,"minecraft:pink_concrete":2,"minecraft:sand":5,"minecraft:purpur_stairs":40,"minecraft:vine":9,"framedblocks:framed_inner_prism_corner":6,"theatrical:socapex_cable":9,"minecraft:yellow_concrete":4,"cgm:bazooka":1,"theatrical:moving_light":27,"cgm:rifle":30,"minecraft:blue_concrete":4,"framedblocks:framed_collapsible_block":1,"theatrical:generic_light":29,"minecraft:milk_bucket":1,"minecraft:redstone_torch":11,"minecraft:purple_stained_glass":13,"minecraft:sticky_piston":35,"minecraft:netherite_block":6,"minecraft:lever":12,"minecraft:green_concrete":4,"minecraft:black_concrete":34,"minecraft:firework_rocket":2,"theatrical:socapex_distribution":9,"minecraft:quartz_pillar":60,"minecraft:command_block":2,"theatrical:iwb":2,"minecraft:iron_block":81,"minecraft:grass_block":20,"framedblocks:framed_lever":1,"minecraft:barrier":1296,"minecraft:jungle_log":48,"cgm:grenade":2,"theatrical:power_cable":25,"minecraft:magenta_concrete":43,"minecraft:jungle_stairs":25,"framedblocks:framed_slab_edge":4,"securitycraft:reinforced_black_concrete":3,"pfm:dark_oak_gray_classic_bed":2,"cgm:assault_rifle":64,"minecraft:stone_bricks":840,"minecraft:repeater":4,"minecraft:purple_concrete":57,"framedblocks:framed_pressure_plate":5,"minecraft:lime_concrete":400,"minecraft:potion":2,"framedblocks:framed_pane":3,"securitycraft:dirt_mine":43,"minecraft:white_stained_glass":1,"powah:energy_cell_creative":29,"minecraft:trapped_chest":1,"powah:energy_cable_starter":64,"minecraft:white_concrete":175,"cgm:mini_gun":81,"minecraft:purple_wool":2,"cgm:heavy_rifle":29,"minecraft:splash_potion":103,"theatrical:basic_lighting_desk":31},"minecraft:custom":{"minecraft:play_one_minute":886286,"minecraft:leave_game":25,"minecraft:time_since_death":176331,"minecraft:climb_one_cm":4824,"minecraft:time_since_rest":176357,"minecraft:damage_taken":417,"minecraft:sprint_one_cm":451064,"minecraft:walk_one_cm":1233503,"minecraft:trigger_trapped_chest":1,"minecraft:drop":244,"minecraft:damage_dealt":311,"minecraft:interact_with_beacon":3,"minecraft:chair_used":1,"minecraft:fly_one_cm":3241092,"minecraft:player_kills":11,"minecraft:open_chest":2,"minecraft:crouch_one_cm":27059,"minecraft:deaths":12,"minecraft:sneak_time":21184,"minecraft:walk_under_water_one_cm":20021,"minecraft:jump":2518,"minecraft:walk_on_water_one_cm":14312},"minecraft:dropped":{"theatrical:dmx_cable":1,"minecraft:wheat_seeds":1,"theatrical:moving_light":1,"minecraft:cooked_porkchop":71,"minecraft:orange_concrete":1,"minecraft:cookie":145,"minecraft:enchanted_golden_apple":2,"minecraft:golden_apple":65,"minecraft:purple_stained_glass":1,"minecraft:iron_block":1,"theatrical:power_cable":1,"minecraft:wooden_axe":1,"minecraft:cake":18,"minecraft:white_concrete":1,"minecraft:stone_bricks":1,"pfm:furniture_book":1,"cgm:stun_grenade":64},"minecraft:picked_up":{"minecraft:wooden_axe":2,"minecraft:barrier":2,"minecraft:leather_chestplate":2,"minecraft:repeater":1,"theatrical:generic_light":14,"minecraft:purple_stained_glass":2,"minecraft:dirt":135,"minecraft:elytra":3,"securitycraft:scanner_door_item":1,"minecraft:orange_concrete":3,"minecraft:leather_boots":1,"framedblocks:framed_slope":1,"minecraft:stone_bricks":1,"minecraft:wheat_seeds":1,"minecraft:enchanted_golden_apple":2,"minecraft:quartz_stairs":1,"minecraft:purple_concrete":1,"minecraft:cooked_porkchop":7,"cgm:rifle":3,"theatrical:dmx_cable":1,"minecraft:cookie":17,"minecraft:quartz_pillar":2,"minecraft:redstone":11,"theatrical:moving_light":21,"minecraft:firework_rocket":2,"cgm:stun_grenade":2,"minecraft:blue_terracotta":2,"theatrical:power_cable":1,"minecraft:black_concrete":3,"minecraft:jungle_stairs":2,"minecraft:lever":5,"cgm:assault_rifle":1,"minecraft:iron_block":4,"theatrical:truss":2,"minecraft:golden_apple":3,"minecraft:white_concrete":1,"minecraft:oak_sapling":6,"minecraft:cobblestone":3}},"DataVersion":2586}