{"stats":{"minecraft:used":{"minecraft:redstone_torch":11,"minecraft:purple_stained_glass":3,"minecraft:sticky_piston":35,"minecraft:water_bucket":102,"minecraft:lever":11,"minecraft:green_concrete":4,"minecraft:blue_terracotta":37,"minecraft:black_concrete":2,"pfm:jungle_classic_stool":24,"minecraft:quartz_pillar":60,"minecraft:orange_concrete":45,"minecraft:command_block":2,"minecraft:iron_block":52,"framedblocks:framed_slab":44,"framedblocks:framed_slope":156,"minecraft:grass_block":9,"framedblocks:framed_door":8,"minecraft:redstone":33,"minecraft:barrier":99,"minecraft:jungle_log":48,"cgm:grenade":2,"cgm:stun_grenade":3,"minecraft:magenta_concrete":39,"framedblocks:framed_stairs":84,"minecraft:jungle_stairs":24,"framedblocks:framed_slab_edge":4,"securitycraft:keypad_door_item":5,"pfm:blue_simple_sofa":2,"cgm:assault_rifle":53,"securitycraft:scanner_door_item":2,"minecraft:pink_concrete":2,"minecraft:stone_bricks":840,"minecraft:repeater":3,"minecraft:smooth_quartz_stairs":9,"minecraft:oak_leaves":465,"minecraft:purple_concrete":57,"minecraft:potion":2,"minecraft:sand":5,"minecraft:purpur_stairs":40,"framedblocks:framed_pressure_plate":5,"minecraft:lime_concrete":117,"minecraft:vine":9,"framedblocks:framed_inner_prism_corner":6,"securitycraft:dirt_mine":6,"minecraft:white_stained_glass":1,"minecraft:yellow_concrete":3,"minecraft:white_concrete":156,"cgm:rifle":7,"minecraft:milk_bucket":1},"minecraft:picked_up":{"minecraft:wooden_axe":2,"cgm:rifle":1,"minecraft:quartz_pillar":2,"minecraft:purple_stained_glass":2,"minecraft:redstone":11,"minecraft:orange_concrete":3,"securitycraft:scanner_door_item":1,"minecraft:blue_terracotta":1,"minecraft:stone_bricks":1,"minecraft:black_concrete":1,"minecraft:jungle_stairs":2,"minecraft:wheat_seeds":1,"minecraft:lever":3,"cgm:assault_rifle":1,"minecraft:iron_block":2,"minecraft:white_concrete":1,"minecraft:oak_sapling":6,"minecraft:quartz_stairs":1,"minecraft:purple_concrete":1},"minecraft:custom":{"minecraft:time_since_rest":100571,"minecraft:damage_taken":100,"minecraft:sprint_one_cm":214483,"minecraft:walk_one_cm":525423,"minecraft:drop":8,"minecraft:interact_with_beacon":2,"minecraft:chair_used":1,"minecraft:fly_one_cm":1373890,"minecraft:player_kills":1,"minecraft:crouch_one_cm":2815,"minecraft:play_one_minute":317948,"minecraft:deaths":9,"minecraft:sneak_time":4397,"minecraft:walk_under_water_one_cm":13355,"minecraft:jump":1326,"minecraft:leave_game":9,"minecraft:walk_on_water_one_cm":10622,"minecraft:time_since_death":100529,"minecraft:climb_one_cm":4699},"minecraft:dropped":{"minecraft:iron_block":1,"minecraft:wheat_seeds":1,"minecraft:wooden_axe":1,"minecraft:white_concrete":1,"minecraft:orange_concrete":1,"minecraft:stone_bricks":1,"pfm:furniture_book":1,"cgm:stun_grenade":64}},"DataVersion":2586}