{"stats":{"minecraft:used":{"minecraft:iron_block":1,"minecraft:oak_sign":1,"minecraft:cake":4},"minecraft:dropped":{"minecraft:leather_leggings":2,"minecraft:leather_chestplate":2,"cgm:heavy_rifle":1,"minecraft:cooked_porkchop":158,"minecraft:leather_boots":2,"minecraft:cooked_salmon":15},"minecraft:custom":{"minecraft:time_since_rest":85648,"minecraft:play_one_minute":85648,"minecraft:crouch_one_cm":150,"minecraft:sprint_one_cm":44393,"minecraft:walk_one_cm":66817,"minecraft:sneak_time":174,"minecraft:drop":53,"minecraft:jump":110,"minecraft:eat_cake_slice":1,"minecraft:damage_dealt":8,"minecraft:time_since_death":85648,"minecraft:fly_one_cm":119980},"minecraft:picked_up":{"minecraft:leather_boots":1,"minecraft:cooked_porkchop":10,"minecraft:golden_apple":21,"cgm:heavy_rifle":1}},"DataVersion":2586}