{"stats":{"minecraft:used":{"minecraft:black_concrete":40,"theatrical:truss":6,"minecraft:potion":2,"minecraft:iron_block":18,"minecraft:oak_sign":1,"minecraft:blue_concrete":56,"minecraft:cake":4,"cgm:heavy_rifle":3},"minecraft:custom":{"minecraft:time_since_rest":54743,"minecraft:play_one_minute":145648,"minecraft:crouch_one_cm":2221,"minecraft:sprint_one_cm":85828,"minecraft:deaths":1,"minecraft:damage_taken":260,"minecraft:walk_one_cm":137296,"minecraft:sneak_time":2451,"minecraft:drop":61,"minecraft:jump":286,"minecraft:eat_cake_slice":1,"minecraft:damage_dealt":18,"minecraft:time_since_death":54717,"minecraft:chair_used":2,"minecraft:climb_one_cm":542,"minecraft:fall_one_cm":3139,"minecraft:fly_one_cm":475748},"minecraft:dropped":{"minecraft:potion":1,"minecraft:leather_leggings":2,"minecraft:enchanted_golden_apple":4,"minecraft:leather_chestplate":2,"cgm:heavy_rifle":1,"minecraft:cooked_porkchop":158,"minecraft:golden_apple":66,"minecraft:leather_boots":2,"minecraft:cooked_salmon":15},"minecraft:picked_up":{"minecraft:leather_chestplate":3,"minecraft:leather_boots":4,"minecraft:cooked_porkchop":10,"minecraft:leather_leggings":2,"minecraft:golden_apple":496,"cgm:heavy_rifle":2,"minecraft:enchanted_golden_apple":3,"minecraft:dirt":25,"minecraft:cobblestone":3}},"DataVersion":2586}