{"stats":{"minecraft:used":{"minecraft:black_concrete":40,"theatrical:truss":6,"minecraft:potion":2,"minecraft:iron_block":18,"minecraft:oak_sign":1,"minecraft:blue_concrete":56,"minecraft:cake":4,"cgm:heavy_rifle":1},"minecraft:custom":{"minecraft:time_since_rest":42743,"minecraft:play_one_minute":133648,"minecraft:crouch_one_cm":2140,"minecraft:sprint_one_cm":73667,"minecraft:deaths":1,"minecraft:damage_taken":260,"minecraft:walk_one_cm":118258,"minecraft:sneak_time":2418,"minecraft:drop":57,"minecraft:jump":206,"minecraft:eat_cake_slice":1,"minecraft:damage_dealt":18,"minecraft:time_since_death":42717,"minecraft:chair_used":1,"minecraft:climb_one_cm":316,"minecraft:fall_one_cm":3139,"minecraft:fly_one_cm":461974},"minecraft:dropped":{"minecraft:potion":1,"minecraft:leather_leggings":2,"minecraft:enchanted_golden_apple":2,"minecraft:leather_chestplate":2,"cgm:heavy_rifle":1,"minecraft:cooked_porkchop":158,"minecraft:golden_apple":64,"minecraft:leather_boots":2,"minecraft:cooked_salmon":15},"minecraft:picked_up":{"minecraft:leather_chestplate":3,"minecraft:leather_boots":4,"minecraft:cooked_porkchop":10,"minecraft:leather_leggings":2,"minecraft:golden_apple":495,"cgm:heavy_rifle":2,"minecraft:enchanted_golden_apple":3,"minecraft:dirt":12,"minecraft:cobblestone":3}},"DataVersion":2586}