{"stats":{"minecraft:used":{"minecraft:white_wool":1,"minecraft:black_concrete":40,"theatrical:truss":6,"minecraft:potion":3,"minecraft:iron_block":18,"minecraft:oak_sign":1,"minecraft:white_concrete":1,"minecraft:blue_concrete":56,"minecraft:cake":4,"cgm:heavy_rifle":5},"minecraft:custom":{"minecraft:time_since_rest":66743,"minecraft:play_one_minute":157648,"minecraft:crouch_one_cm":2683,"minecraft:sprint_one_cm":90434,"minecraft:deaths":1,"minecraft:damage_taken":260,"minecraft:walk_one_cm":144737,"minecraft:sneak_time":2612,"minecraft:drop":460,"minecraft:jump":301,"minecraft:eat_cake_slice":1,"minecraft:damage_dealt":26,"minecraft:time_since_death":66717,"minecraft:chair_used":2,"minecraft:climb_one_cm":558,"minecraft:fall_one_cm":3139,"minecraft:fly_one_cm":701142,"minecraft:open_chest":2},"minecraft:dropped":{"minecraft:potion":1,"minecraft:leather_leggings":3,"minecraft:enchanted_golden_apple":4,"minecraft:leather_chestplate":3,"cgm:heavy_rifle":1,"minecraft:cake":9,"minecraft:cooked_porkchop":420,"minecraft:golden_apple":95,"minecraft:leather_boots":3,"minecraft:cookie":371,"minecraft:cooked_salmon":15},"minecraft:picked_up":{"minecraft:leather_chestplate":3,"minecraft:leather_boots":4,"minecraft:cooked_porkchop":10,"minecraft:leather_leggings":2,"minecraft:golden_apple":496,"cgm:heavy_rifle":2,"minecraft:enchanted_golden_apple":3,"minecraft:dirt":25,"minecraft:cobblestone":3}},"DataVersion":2586}