{"stats":{"minecraft:used":{"minecraft:iron_block":18,"minecraft:oak_sign":1,"minecraft:cake":4},"minecraft:dropped":{"minecraft:leather_leggings":2,"minecraft:leather_chestplate":2,"cgm:heavy_rifle":1,"minecraft:cooked_porkchop":158,"minecraft:leather_boots":2,"minecraft:cooked_salmon":15},"minecraft:custom":{"minecraft:time_since_rest":18743,"minecraft:play_one_minute":109648,"minecraft:crouch_one_cm":1432,"minecraft:sprint_one_cm":53424,"minecraft:deaths":1,"minecraft:damage_taken":260,"minecraft:walk_one_cm":78252,"minecraft:sneak_time":2131,"minecraft:drop":53,"minecraft:jump":134,"minecraft:eat_cake_slice":1,"minecraft:damage_dealt":18,"minecraft:time_since_death":18717,"minecraft:fall_one_cm":3139,"minecraft:fly_one_cm":398115},"minecraft:picked_up":{"minecraft:leather_chestplate":1,"minecraft:leather_boots":2,"minecraft:cooked_porkchop":10,"minecraft:leather_leggings":1,"minecraft:golden_apple":21,"cgm:heavy_rifle":2}},"DataVersion":2586}