{"stats":{"minecraft:used":{"minecraft:black_concrete":40,"theatrical:truss":6,"minecraft:iron_block":18,"minecraft:oak_sign":1,"minecraft:stone_bricks":4,"minecraft:white_wool":1,"minecraft:dirt":10,"minecraft:potion":3,"minecraft:white_concrete":1,"minecraft:cake":4,"minecraft:blue_concrete":56,"cgm:heavy_rifle":5},"minecraft:dropped":{"minecraft:leather_chestplate":3,"minecraft:cake":19,"minecraft:cooked_porkchop":420,"minecraft:leather_boots":3,"minecraft:cooked_salmon":15,"minecraft:cookie":1203,"minecraft:potion":1,"minecraft:leather_leggings":3,"minecraft:enchanted_golden_apple":4,"cgm:heavy_rifle":1,"minecraft:golden_apple":97},"minecraft:custom":{"minecraft:time_since_rest":77711,"minecraft:sprint_one_cm":100521,"minecraft:damage_taken":260,"minecraft:walk_one_cm":159877,"minecraft:drop":1304,"minecraft:damage_dealt":36,"minecraft:chair_used":2,"minecraft:fly_one_cm":904506,"minecraft:open_chest":43,"minecraft:crouch_one_cm":2852,"minecraft:play_one_minute":168616,"minecraft:deaths":1,"minecraft:sneak_time":2679,"minecraft:jump":337,"minecraft:eat_cake_slice":1,"minecraft:leave_game":1,"minecraft:time_since_death":77685,"minecraft:climb_one_cm":558,"minecraft:fall_one_cm":3139},"minecraft:picked_up":{"minecraft:leather_chestplate":3,"minecraft:cooked_porkchop":10,"minecraft:leather_leggings":2,"minecraft:cookie":8,"cgm:heavy_rifle":2,"minecraft:dirt":25,"minecraft:leather_boots":4,"minecraft:golden_apple":498,"minecraft:enchanted_golden_apple":3,"minecraft:cobblestone":3}},"DataVersion":2586}