{"stats":{"minecraft:used":{"minecraft:black_concrete":11,"minecraft:potion":1,"minecraft:iron_block":18,"minecraft:oak_sign":1,"minecraft:blue_concrete":56,"minecraft:cake":4},"minecraft:dropped":{"minecraft:leather_leggings":2,"minecraft:leather_chestplate":2,"cgm:heavy_rifle":1,"minecraft:cooked_porkchop":158,"minecraft:leather_boots":2,"minecraft:cooked_salmon":15},"minecraft:custom":{"minecraft:time_since_rest":30743,"minecraft:play_one_minute":121648,"minecraft:crouch_one_cm":1563,"minecraft:sprint_one_cm":64942,"minecraft:deaths":1,"minecraft:damage_taken":260,"minecraft:walk_one_cm":90287,"minecraft:sneak_time":2282,"minecraft:drop":53,"minecraft:jump":167,"minecraft:eat_cake_slice":1,"minecraft:damage_dealt":18,"minecraft:time_since_death":30717,"minecraft:fall_one_cm":3139,"minecraft:fly_one_cm":429869},"minecraft:picked_up":{"minecraft:leather_chestplate":2,"minecraft:leather_boots":3,"minecraft:cooked_porkchop":10,"minecraft:leather_leggings":2,"minecraft:golden_apple":21,"cgm:heavy_rifle":2,"minecraft:enchanted_golden_apple":3,"minecraft:dirt":12,"minecraft:cobblestone":3}},"DataVersion":2586}