{"stats":{"minecraft:used":{"minecraft:oak_sign":1,"minecraft:cake":4,"minecraft:iron_block":1},"minecraft:dropped":{"minecraft:leather_leggings":2,"minecraft:leather_chestplate":2,"minecraft:cooked_porkchop":158,"minecraft:leather_boots":2,"minecraft:cooked_salmon":15},"minecraft:custom":{"minecraft:jump":105,"minecraft:eat_cake_slice":1,"minecraft:time_since_rest":73648,"minecraft:damage_dealt":8,"minecraft:crouch_one_cm":150,"minecraft:play_one_minute":73648,"minecraft:sprint_one_cm":38830,"minecraft:time_since_death":73648,"minecraft:walk_one_cm":59953,"minecraft:sneak_time":174,"minecraft:drop":52,"minecraft:fly_one_cm":111829},"minecraft:picked_up":{"minecraft:golden_apple":20,"minecraft:cooked_porkchop":10,"minecraft:leather_boots":1}},"DataVersion":2586}