{"stats":{"minecraft:used":{"minecraft:oak_sign":1,"minecraft:cake":4,"minecraft:iron_block":1},"minecraft:dropped":{"minecraft:cooked_porkchop":158},"minecraft:custom":{"minecraft:jump":44,"minecraft:eat_cake_slice":1,"minecraft:time_since_rest":49648,"minecraft:crouch_one_cm":136,"minecraft:play_one_minute":49648,"minecraft:sprint_one_cm":8251,"minecraft:time_since_death":49648,"minecraft:walk_one_cm":21820,"minecraft:sneak_time":130,"minecraft:drop":45,"minecraft:fly_one_cm":63929},"minecraft:picked_up":{"minecraft:cooked_porkchop":10}},"DataVersion":2586}