{"stats":{"minecraft:used":{"minecraft:stone_bricks":79,"minecraft:black_concrete":1,"minecraft:sand":529,"minecraft:oak_sign":1,"minecraft:orange_concrete":1,"cgm:pistol":15,"cgm:shotgun":2,"minecraft:heavy_weighted_pressure_plate":5,"minecraft:grass_block":3,"minecraft:iron_block":271,"minecraft:cooked_porkchop":2,"minecraft:dispenser":3,"minecraft:redstone":1,"minecraft:white_stained_glass":14,"minecraft:quartz_block":4,"minecraft:grass_path":514,"minecraft:white_concrete":1472,"minecraft:stone":18,"minecraft:polished_granite":4,"securitycraft:keypad_door_item":1,"cgm:heavy_rifle":1,"minecraft:quartz_stairs":127},"minecraft:dropped":{"minecraft:iron_block":1},"minecraft:custom":{"minecraft:time_since_rest":286476,"minecraft:crouch_one_cm":10279,"minecraft:play_one_minute":307733,"minecraft:sprint_one_cm":118531,"minecraft:damage_taken":257,"minecraft:walk_one_cm":535949,"minecraft:sneak_time":12054,"minecraft:walk_under_water_one_cm":193,"minecraft:drop":1,"minecraft:jump":1027,"minecraft:damage_dealt":402,"minecraft:leave_game":8,"minecraft:walk_on_water_one_cm":1034,"minecraft:time_since_death":307733,"minecraft:sleep_in_bed":1,"minecraft:player_kills":2,"minecraft:fall_one_cm":971,"minecraft:fly_one_cm":3723324,"minecraft:inspect_dispenser":5},"minecraft:picked_up":{"minecraft:splash_potion":1,"minecraft:golden_shovel":1,"minecraft:sand":28}},"DataVersion":2586}