{"stats":{"minecraft:used":{"minecraft:water_bucket":4,"minecraft:blue_terracotta":1,"minecraft:black_concrete":21,"minecraft:orange_concrete":1,"minecraft:quartz_block":4,"cgm:shotgun":3,"minecraft:heavy_weighted_pressure_plate":5,"minecraft:iron_block":282,"minecraft:grass_block":4,"cgm:pistol":15,"minecraft:dispenser":3,"minecraft:redstone":1,"minecraft:barrier":2,"minecraft:oak_sign":1,"minecraft:polished_granite":4,"minecraft:stone":18,"securitycraft:keypad_door_item":1,"minecraft:quartz_stairs":127,"minecraft:stone_bricks":79,"minecraft:dirt":1,"minecraft:sand":529,"minecraft:potion":1,"minecraft:cooked_porkchop":2,"minecraft:birch_sign":1,"minecraft:white_stained_glass":14,"minecraft:grass_path":514,"minecraft:white_concrete":1472,"cgm:heavy_rifle":1,"minecraft:purple_wool":6,"minecraft:milk_bucket":1},"minecraft:dropped":{"minecraft:iron_block":1},"minecraft:custom":{"minecraft:time_since_rest":382476,"minecraft:sprint_one_cm":149733,"minecraft:walk_one_cm":834464,"minecraft:damage_taken":377,"minecraft:drop":1,"minecraft:damage_dealt":420,"minecraft:fly_one_cm":4049073,"minecraft:player_kills":2,"minecraft:play_one_minute":403733,"minecraft:crouch_one_cm":16049,"minecraft:sneak_time":14308,"minecraft:walk_under_water_one_cm":193,"minecraft:jump":1095,"minecraft:leave_game":8,"minecraft:time_since_death":403733,"minecraft:walk_on_water_one_cm":1034,"minecraft:sleep_in_bed":1,"minecraft:fall_one_cm":1476,"minecraft:inspect_dispenser":5},"minecraft:picked_up":{"minecraft:cocoa_beans":1,"minecraft:splash_potion":1,"minecraft:golden_shovel":1,"minecraft:sand":28,"minecraft:leather_boots":1,"minecraft:golden_apple":4}},"DataVersion":2586}