{"stats":{"minecraft:used":{"minecraft:stone_bricks":79,"minecraft:sand":529,"minecraft:heavy_weighted_pressure_plate":5,"minecraft:grass_block":2,"minecraft:iron_block":256,"minecraft:cooked_porkchop":2,"minecraft:dispenser":3,"minecraft:redstone":1,"minecraft:white_stained_glass":14,"minecraft:quartz_block":4,"minecraft:grass_path":514,"minecraft:stone":18,"minecraft:white_concrete":1472,"minecraft:polished_granite":4,"securitycraft:keypad_door_item":1,"minecraft:quartz_stairs":127},"minecraft:custom":{"minecraft:time_since_rest":191402,"minecraft:crouch_one_cm":6600,"minecraft:play_one_minute":212659,"minecraft:sprint_one_cm":70390,"minecraft:damage_taken":257,"minecraft:walk_one_cm":377604,"minecraft:sneak_time":10067,"minecraft:jump":830,"minecraft:damage_dealt":402,"minecraft:leave_game":8,"minecraft:time_since_death":212659,"minecraft:sleep_in_bed":1,"minecraft:player_kills":2,"minecraft:fall_one_cm":971,"minecraft:fly_one_cm":3021751,"minecraft:inspect_dispenser":5},"minecraft:picked_up":{"minecraft:splash_potion":1,"minecraft:golden_shovel":1,"minecraft:sand":28}},"DataVersion":2586}