{"stats":{"minecraft:crafted":{"minecraft:wooden_sword":1,"minecraft:oak_planks":8,"minecraft:crafting_table":1,"minecraft:stick":4},"minecraft:broken":{"minecraft:leather_boots":1,"minecraft:leather_chestplate":1,"minecraft:leather_leggings":1},"minecraft:used":{"minecraft:golden_apple":5,"minecraft:wooden_sword":4,"minecraft:crafting_table":1,"minecraft:iron_block":1,"framedblocks:framed_slope":2},"minecraft:dropped":{"minecraft:iron_ingot":1,"minecraft:oak_sapling":1},"minecraft:custom":{"minecraft:time_since_rest":38601,"minecraft:play_one_minute":53500,"minecraft:crouch_one_cm":22137,"minecraft:walk_one_cm":245011,"minecraft:sprint_one_cm":120551,"minecraft:damage_taken":1904,"minecraft:damage_absorbed":109,"minecraft:sneak_time":7341,"minecraft:drop":2,"minecraft:jump":899,"minecraft:damage_dealt":3404,"minecraft:time_since_death":53500,"minecraft:sleep_in_bed":2,"minecraft:interact_with_crafting_table":1,"minecraft:fall_one_cm":10905,"minecraft:fly_one_cm":137048},"minecraft:mined":{"minecraft:oak_log":2,"framedblocks:framed_slope":2,"minecraft:oak_leaves":17},"minecraft:picked_up":{"minecraft:stick":1,"framedblocks:framed_slope":2,"minecraft:cooked_porkchop":23,"minecraft:iron_ingot":1,"minecraft:iron_block":1,"minecraft:oak_log":2,"minecraft:golden_apple":2,"minecraft:oak_sapling":1,"minecraft:cobblestone":5}},"DataVersion":2586}