{"stats":{"minecraft:killed_by":{"minecraft:player":1},"minecraft:crafted":{"minecraft:wooden_sword":1,"minecraft:oak_planks":8,"minecraft:crafting_table":1,"minecraft:stick":4},"minecraft:broken":{"minecraft:leather_boots":1,"minecraft:leather_chestplate":1,"minecraft:leather_leggings":1},"minecraft:used":{"minecraft:iron_block":1,"framedblocks:framed_slope":2,"minecraft:golden_apple":5,"minecraft:wooden_sword":4,"minecraft:crafting_table":1,"minecraft:enchanted_golden_apple":2},"minecraft:dropped":{"minecraft:iron_ingot":1,"minecraft:oak_sapling":1},"minecraft:custom":{"minecraft:time_since_rest":5850,"minecraft:sprint_one_cm":151841,"minecraft:damage_absorbed":382,"minecraft:damage_taken":4021,"minecraft:walk_one_cm":269282,"minecraft:drop":2,"minecraft:damage_dealt":3484,"minecraft:interact_with_crafting_table":1,"minecraft:player_kills":1,"minecraft:fly_one_cm":420174,"minecraft:crouch_one_cm":29923,"minecraft:play_one_minute":70874,"minecraft:deaths":2,"minecraft:sneak_time":8826,"minecraft:walk_under_water_one_cm":348,"minecraft:jump":1379,"minecraft:leave_game":1,"minecraft:time_since_death":5739,"minecraft:walk_on_water_one_cm":138,"minecraft:sleep_in_bed":2,"minecraft:damage_resisted":150,"minecraft:fall_one_cm":32457},"minecraft:mined":{"framedblocks:framed_slope":2,"minecraft:oak_log":2,"minecraft:oak_leaves":17},"minecraft:picked_up":{"minecraft:stick":1,"minecraft:cooked_porkchop":23,"minecraft:oak_log":2,"minecraft:dirt":55,"framedblocks:framed_slope":2,"minecraft:iron_ingot":1,"minecraft:iron_block":1,"minecraft:golden_apple":2,"minecraft:oak_sapling":1,"minecraft:cobblestone":39}},"DataVersion":2586}