{"stats":{"minecraft:used":{"minecraft:golden_apple":3},"minecraft:custom":{"minecraft:jump":131,"minecraft:time_since_rest":2601,"minecraft:damage_dealt":287,"minecraft:crouch_one_cm":2695,"minecraft:play_one_minute":17500,"minecraft:damage_absorbed":28,"minecraft:sprint_one_cm":23445,"minecraft:damage_taken":138,"minecraft:time_since_death":17500,"minecraft:walk_one_cm":68495,"minecraft:sleep_in_bed":2,"minecraft:sneak_time":483,"minecraft:fly_one_cm":26992},"minecraft:picked_up":{"minecraft:cooked_porkchop":23}},"DataVersion":2586}