{"stats":{"minecraft:used":{"minecraft:golden_apple":2},"minecraft:dropped":{"minecraft:leather_chestplate":1,"minecraft:leather_leggings":2,"minecraft:golden_apple":64,"minecraft:leather_boots":2},"minecraft:custom":{"minecraft:jump":136,"minecraft:time_since_rest":2572,"minecraft:damage_absorbed":41,"minecraft:damage_dealt":165,"minecraft:play_one_minute":17672,"minecraft:sprint_one_cm":38272,"minecraft:damage_taken":265,"minecraft:time_since_death":17672,"minecraft:walk_one_cm":38856,"minecraft:sleep_in_bed":1,"minecraft:drop":6,"minecraft:fly_one_cm":41430},"minecraft:picked_up":{"minecraft:leather_chestplate":1,"minecraft:leather_boots":2,"minecraft:cooked_porkchop":16,"minecraft:leather_leggings":2,"minecraft:golden_apple":67}},"DataVersion":2586}