{"stats":{"minecraft:used":{"minecraft:golden_apple":2,"minecraft:iron_block":1},"minecraft:dropped":{"minecraft:leather_leggings":3,"minecraft:iron_ingot":3,"minecraft:leather_chestplate":2,"minecraft:golden_apple":64,"minecraft:leather_boots":2},"minecraft:custom":{"minecraft:play_one_minute":41743,"minecraft:time_since_rest":26643,"minecraft:crouch_one_cm":427,"minecraft:sprint_one_cm":74093,"minecraft:damage_absorbed":48,"minecraft:damage_taken":851,"minecraft:walk_one_cm":95626,"minecraft:sneak_time":3138,"minecraft:drop":11,"minecraft:jump":399,"minecraft:damage_dealt":381,"minecraft:leave_game":1,"minecraft:time_since_death":41743,"minecraft:sleep_in_bed":1,"minecraft:damage_resisted":6,"minecraft:fall_one_cm":3377,"minecraft:fly_one_cm":86550},"minecraft:mined":{"framedblocks:framed_slope":2},"minecraft:picked_up":{"minecraft:leather_chestplate":2,"minecraft:leather_boots":2,"minecraft:cooked_porkchop":16,"framedblocks:framed_slope":1,"minecraft:leather_leggings":3,"minecraft:iron_ingot":3,"minecraft:iron_block":1,"minecraft:golden_apple":67}},"DataVersion":2586}