{"stats":{"minecraft:used":{"minecraft:golden_apple":2,"minecraft:iron_block":1},"minecraft:custom":{"minecraft:time_since_rest":16465,"minecraft:crouch_one_cm":312,"minecraft:walk_one_cm":83890,"minecraft:play_one_minute":31565,"minecraft:sprint_one_cm":64274,"minecraft:damage_taken":641,"minecraft:damage_absorbed":48,"minecraft:sneak_time":64,"minecraft:drop":11,"minecraft:jump":337,"minecraft:damage_dealt":371,"minecraft:leave_game":1,"minecraft:time_since_death":31565,"minecraft:sleep_in_bed":1,"minecraft:damage_resisted":6,"minecraft:fall_one_cm":1717,"minecraft:fly_one_cm":79836},"minecraft:dropped":{"minecraft:iron_ingot":3,"minecraft:leather_leggings":3,"minecraft:leather_chestplate":2,"minecraft:leather_boots":2,"minecraft:golden_apple":64},"minecraft:picked_up":{"minecraft:leather_boots":2,"minecraft:leather_chestplate":2,"framedblocks:framed_slope":1,"minecraft:cooked_porkchop":16,"minecraft:leather_leggings":3,"minecraft:iron_ingot":3,"minecraft:iron_block":1,"minecraft:golden_apple":67},"minecraft:mined":{"framedblocks:framed_slope":2}},"DataVersion":2586}