{"stats":{"minecraft:killed_by":{"minecraft:player":1},"minecraft:used":{"minecraft:golden_apple":2,"minecraft:iron_block":1,"minecraft:enchanted_golden_apple":2},"minecraft:dropped":{"minecraft:leather_leggings":3,"minecraft:iron_ingot":3,"minecraft:leather_chestplate":2,"minecraft:golden_apple":64,"minecraft:leather_boots":2},"minecraft:custom":{"minecraft:play_one_minute":53743,"minecraft:time_since_rest":11507,"minecraft:crouch_one_cm":525,"minecraft:sprint_one_cm":101830,"minecraft:damage_absorbed":145,"minecraft:damage_taken":1125,"minecraft:walk_one_cm":124436,"minecraft:sneak_time":3153,"minecraft:drop":11,"minecraft:jump":781,"minecraft:damage_dealt":396,"minecraft:leave_game":1,"minecraft:walk_on_water_one_cm":162,"minecraft:time_since_death":11456,"minecraft:sleep_in_bed":1,"minecraft:damage_resisted":31,"minecraft:fall_one_cm":5598,"minecraft:fly_one_cm":138899,"minecraft:deaths":1},"minecraft:mined":{"framedblocks:framed_slope":2,"minecraft:fire":10},"minecraft:picked_up":{"minecraft:leather_chestplate":2,"minecraft:leather_boots":2,"minecraft:cooked_porkchop":16,"framedblocks:framed_slope":1,"minecraft:leather_leggings":3,"minecraft:iron_ingot":3,"minecraft:iron_block":1,"minecraft:golden_apple":67}},"DataVersion":2586}