{"stats":{"minecraft:used":{"minecraft:golden_apple":2},"minecraft:dropped":{"minecraft:leather_chestplate":1,"minecraft:leather_boots":2},"minecraft:custom":{"minecraft:jump":363,"minecraft:crouch_one_cm":54,"minecraft:time_since_rest":3571,"minecraft:damage_absorbed":34,"minecraft:damage_dealt":401,"minecraft:play_one_minute":35894,"minecraft:sprint_one_cm":115554,"minecraft:damage_taken":520,"minecraft:time_since_death":35894,"minecraft:walk_one_cm":105656,"minecraft:sleep_in_bed":3,"minecraft:sneak_time":73,"minecraft:fall_one_cm":418,"minecraft:drop":3,"minecraft:fly_one_cm":57420,"minecraft:walk_on_water_one_cm":128},"minecraft:picked_up":{"minecraft:leather_chestplate":2,"minecraft:leather_boots":2}},"DataVersion":2586}