{"stats":{"minecraft:used":{"minecraft:oak_log":1,"minecraft:golden_apple":4,"minecraft:dirt":15},"minecraft:dropped":{"minecraft:leather_chestplate":1,"minecraft:leather_boots":2},"minecraft:custom":{"minecraft:time_since_rest":15571,"minecraft:walk_one_cm":133614,"minecraft:play_one_minute":47894,"minecraft:crouch_one_cm":221,"minecraft:sprint_one_cm":124149,"minecraft:damage_taken":833,"minecraft:damage_absorbed":114,"minecraft:sneak_time":4517,"minecraft:drop":3,"minecraft:jump":497,"minecraft:damage_dealt":401,"minecraft:walk_on_water_one_cm":292,"minecraft:time_since_death":47894,"minecraft:sleep_in_bed":3,"minecraft:fall_one_cm":5100,"minecraft:fly_one_cm":60205},"minecraft:picked_up":{"minecraft:leather_boots":2,"minecraft:leather_chestplate":2,"minecraft:oak_log":2,"minecraft:dirt":22},"minecraft:mined":{"minecraft:oak_log":2,"minecraft:grass_block":14,"minecraft:dirt":8,"minecraft:oak_leaves":14}},"DataVersion":2586}