{"stats":{"minecraft:used":{"minecraft:oak_log":1,"minecraft:golden_apple":4,"minecraft:dirt":15,"minecraft:enchanted_golden_apple":2},"minecraft:dropped":{"minecraft:leather_chestplate":1,"minecraft:leather_boots":2},"minecraft:custom":{"minecraft:time_since_rest":27571,"minecraft:walk_one_cm":186823,"minecraft:play_one_minute":59894,"minecraft:crouch_one_cm":602,"minecraft:sprint_one_cm":170588,"minecraft:damage_taken":1080,"minecraft:damage_absorbed":222,"minecraft:sneak_time":4575,"minecraft:drop":3,"minecraft:jump":881,"minecraft:damage_dealt":429,"minecraft:walk_on_water_one_cm":677,"minecraft:time_since_death":59894,"minecraft:sleep_in_bed":3,"minecraft:damage_resisted":45,"minecraft:fall_one_cm":11356,"minecraft:fly_one_cm":92604},"minecraft:picked_up":{"minecraft:leather_boots":2,"minecraft:leather_chestplate":2,"minecraft:oak_log":2,"minecraft:dirt":70},"minecraft:mined":{"minecraft:oak_log":2,"minecraft:grass_block":14,"minecraft:dirt":8,"minecraft:oak_leaves":14}},"DataVersion":2586}