{"stats":{"minecraft:used":{"minecraft:golden_apple":1},"minecraft:dropped":{"minecraft:leather_chestplate":1,"minecraft:leather_boots":2},"minecraft:custom":{"minecraft:jump":229,"minecraft:crouch_one_cm":52,"minecraft:time_since_rest":16305,"minecraft:damage_absorbed":12,"minecraft:damage_dealt":175,"minecraft:play_one_minute":23894,"minecraft:sprint_one_cm":78374,"minecraft:damage_taken":351,"minecraft:time_since_death":23894,"minecraft:walk_one_cm":54403,"minecraft:sleep_in_bed":1,"minecraft:sneak_time":40,"minecraft:fall_one_cm":209,"minecraft:drop":3,"minecraft:fly_one_cm":41678},"minecraft:picked_up":{"minecraft:leather_chestplate":2,"minecraft:leather_boots":2}},"DataVersion":2586}