{"stats":{"minecraft:killed_by":{"minecraft:player":1},"minecraft:used":{"minecraft:golden_apple":4,"minecraft:oak_log":1,"minecraft:dirt":15,"minecraft:cooked_porkchop":2,"minecraft:enchanted_golden_apple":2},"minecraft:dropped":{"minecraft:leather_chestplate":1,"minecraft:leather_boots":2},"minecraft:custom":{"minecraft:time_since_rest":9603,"minecraft:damage_absorbed":222,"minecraft:crouch_one_cm":602,"minecraft:play_one_minute":83592,"minecraft:sprint_one_cm":200226,"minecraft:damage_taken":1483,"minecraft:walk_one_cm":246023,"minecraft:sneak_time":4613,"minecraft:drop":3,"minecraft:jump":1004,"minecraft:damage_dealt":434,"minecraft:leave_game":1,"minecraft:walk_on_water_one_cm":677,"minecraft:time_since_death":9556,"minecraft:sleep_in_bed":3,"minecraft:damage_resisted":45,"minecraft:fall_one_cm":13614,"minecraft:fly_one_cm":159484,"minecraft:deaths":1},"minecraft:mined":{"minecraft:grass_block":14,"minecraft:oak_log":2,"minecraft:dirt":8,"minecraft:oak_leaves":14},"minecraft:picked_up":{"minecraft:leather_chestplate":3,"minecraft:leather_boots":2,"minecraft:cooked_porkchop":81,"minecraft:leather_leggings":1,"minecraft:oak_log":2,"minecraft:dirt":136}},"DataVersion":2586}