{"stats":{"minecraft:used":{"minecraft:golden_apple":4,"minecraft:oak_log":1,"minecraft:dirt":15,"minecraft:cooked_porkchop":2,"minecraft:enchanted_golden_apple":2},"minecraft:dropped":{"minecraft:leather_chestplate":1,"minecraft:leather_boots":2},"minecraft:custom":{"minecraft:time_since_rest":39269,"minecraft:damage_absorbed":222,"minecraft:crouch_one_cm":602,"minecraft:play_one_minute":71592,"minecraft:sprint_one_cm":195394,"minecraft:damage_taken":1186,"minecraft:walk_one_cm":220174,"minecraft:sneak_time":4606,"minecraft:drop":3,"minecraft:jump":930,"minecraft:damage_dealt":434,"minecraft:leave_game":1,"minecraft:walk_on_water_one_cm":677,"minecraft:time_since_death":71592,"minecraft:sleep_in_bed":3,"minecraft:damage_resisted":45,"minecraft:fall_one_cm":12323,"minecraft:fly_one_cm":109060},"minecraft:mined":{"minecraft:grass_block":14,"minecraft:oak_log":2,"minecraft:dirt":8,"minecraft:oak_leaves":14},"minecraft:picked_up":{"minecraft:leather_chestplate":2,"minecraft:leather_boots":2,"minecraft:cooked_porkchop":30,"minecraft:oak_log":2,"minecraft:dirt":72}},"DataVersion":2586}