{"stats":{"minecraft:used":{"minecraft:golden_apple":1},"minecraft:dropped":{"minecraft:leather_boots":1},"minecraft:custom":{"minecraft:jump":53,"minecraft:time_since_rest":4305,"minecraft:damage_absorbed":12,"minecraft:damage_dealt":61,"minecraft:play_one_minute":11894,"minecraft:sprint_one_cm":32812,"minecraft:damage_taken":93,"minecraft:time_since_death":11894,"minecraft:walk_one_cm":19094,"minecraft:sleep_in_bed":1,"minecraft:drop":1,"minecraft:fly_one_cm":14706},"minecraft:picked_up":{"minecraft:leather_boots":1}},"DataVersion":2586}