{"stats":{"minecraft:killed_by":{"minecraft:player":1},"minecraft:used":{"minecraft:oak_log":1,"minecraft:golden_apple":10,"minecraft:dirt":15,"minecraft:cooked_porkchop":4,"minecraft:enchanted_golden_apple":4},"minecraft:dropped":{"minecraft:leather_chestplate":2,"minecraft:cooked_porkchop":34,"minecraft:leather_boots":2,"minecraft:cookie":1,"minecraft:black_concrete":1,"minecraft:golden_apple":16},"minecraft:custom":{"minecraft:time_since_rest":57603,"minecraft:sprint_one_cm":330828,"minecraft:walk_one_cm":507074,"minecraft:damage_taken":1756,"minecraft:damage_absorbed":420,"minecraft:drop":56,"minecraft:damage_dealt":458,"minecraft:fly_one_cm":189719,"minecraft:open_chest":38,"minecraft:play_one_minute":131592,"minecraft:crouch_one_cm":724,"minecraft:deaths":1,"minecraft:sneak_time":4645,"minecraft:jump":1225,"minecraft:leave_game":1,"minecraft:time_since_death":57556,"minecraft:walk_on_water_one_cm":677,"minecraft:sleep_in_bed":3,"minecraft:damage_resisted":69,"minecraft:climb_one_cm":6530,"minecraft:fall_one_cm":19423},"minecraft:mined":{"minecraft:grass_block":14,"minecraft:oak_log":2,"minecraft:dirt":8,"minecraft:oak_leaves":14},"minecraft:picked_up":{"minecraft:cooked_beef":8,"minecraft:leather_chestplate":3,"minecraft:cooked_porkchop":82,"minecraft:leather_leggings":2,"minecraft:wooden_pickaxe":1,"minecraft:cake":1,"minecraft:oak_log":2,"minecraft:cookie":898,"minecraft:golden_chestplate":1,"minecraft:dirt":136,"minecraft:leather_boots":2,"minecraft:black_concrete":1,"minecraft:golden_apple":85,"minecraft:enchanted_golden_apple":4}},"DataVersion":2586}