{"stats":{"minecraft:killed_by":{"minecraft:player":1},"minecraft:used":{"minecraft:golden_apple":6,"minecraft:oak_log":1,"minecraft:dirt":15,"minecraft:cooked_porkchop":2,"minecraft:enchanted_golden_apple":3},"minecraft:dropped":{"minecraft:leather_chestplate":2,"minecraft:black_concrete":1,"minecraft:cooked_porkchop":21,"minecraft:golden_apple":3,"minecraft:leather_boots":2},"minecraft:custom":{"minecraft:time_since_rest":33603,"minecraft:damage_absorbed":330,"minecraft:crouch_one_cm":724,"minecraft:play_one_minute":107592,"minecraft:sprint_one_cm":268067,"minecraft:damage_taken":1645,"minecraft:walk_one_cm":326971,"minecraft:sneak_time":4635,"minecraft:drop":29,"minecraft:jump":1113,"minecraft:damage_dealt":442,"minecraft:leave_game":1,"minecraft:walk_on_water_one_cm":677,"minecraft:time_since_death":33556,"minecraft:sleep_in_bed":3,"minecraft:climb_one_cm":1846,"minecraft:damage_resisted":69,"minecraft:fall_one_cm":16400,"minecraft:fly_one_cm":177838,"minecraft:open_chest":3,"minecraft:deaths":1},"minecraft:mined":{"minecraft:grass_block":14,"minecraft:oak_log":2,"minecraft:dirt":8,"minecraft:oak_leaves":14},"minecraft:picked_up":{"minecraft:leather_chestplate":3,"minecraft:leather_boots":2,"minecraft:cooked_porkchop":81,"minecraft:leather_leggings":1,"minecraft:black_concrete":1,"minecraft:golden_apple":13,"minecraft:oak_log":2,"minecraft:cookie":146,"minecraft:enchanted_golden_apple":2,"minecraft:cooked_beef":8,"minecraft:golden_chestplate":1,"minecraft:dirt":136}},"DataVersion":2586}