{"stats":{"minecraft:killed_by":{"minecraft:player":1},"minecraft:used":{"minecraft:firework_rocket":1,"minecraft:dark_oak_sign":1,"minecraft:oak_sign":6,"minecraft:lingering_potion":1,"minecraft:splash_potion":21,"theatrical:generic_light":1},"minecraft:custom":{"minecraft:time_since_rest":5614,"minecraft:sprint_one_cm":73832,"minecraft:damage_taken":843,"minecraft:walk_one_cm":238297,"minecraft:drop":83,"minecraft:damage_dealt":164,"minecraft:swim_one_cm":1589,"minecraft:fly_one_cm":344622,"minecraft:crouch_one_cm":1460,"minecraft:play_one_minute":134454,"minecraft:deaths":1,"minecraft:sneak_time":792,"minecraft:walk_under_water_one_cm":209,"minecraft:jump":750,"minecraft:leave_game":1,"minecraft:time_since_death":5202,"minecraft:walk_on_water_one_cm":253,"minecraft:fall_one_cm":1706},"minecraft:dropped":{"theatrical:truss":1,"cgm:rifle":1,"minecraft:iron_block":1,"minecraft:dirt":1,"minecraft:leather_chestplate":7,"minecraft:blue_terracotta":1,"minecraft:lever":1,"framedblocks:framed_slope":1,"minecraft:leather_boots":8,"minecraft:barrier":2,"minecraft:leather_leggings":8,"pfm:furniture_book":3,"minecraft:black_concrete":1,"cgm:stun_grenade":1,"minecraft:elytra":1,"minecraft:golden_apple":45,"minecraft:firework_rocket":1},"minecraft:picked_up":{"minecraft:leather_chestplate":1,"minecraft:barrier":2,"cgm:rifle":1,"minecraft:leather_leggings":2,"theatrical:generic_light":1,"minecraft:elytra":1,"minecraft:leather_boots":2,"cgm:stun_grenade":1,"minecraft:firework_rocket":1,"minecraft:blue_terracotta":1,"framedblocks:framed_slope":1,"minecraft:black_concrete":1,"minecraft:lever":1,"theatrical:truss":1,"minecraft:iron_block":1,"minecraft:golden_apple":5,"pfm:furniture_book":3}},"DataVersion":2586}