{"stats":{"minecraft:killed_by":{"minecraft:player":3},"minecraft:used":{"minecraft:firework_rocket":1,"minecraft:dark_oak_sign":1,"minecraft:oak_sign":7,"cgm:stun_grenade":1,"minecraft:golden_apple":2,"minecraft:lingering_potion":1,"minecraft:enchanted_golden_apple":3,"minecraft:splash_potion":25,"theatrical:generic_light":1},"minecraft:custom":{"minecraft:time_since_rest":22174,"minecraft:damage_absorbed":314,"minecraft:sprint_one_cm":141278,"minecraft:damage_taken":5576,"minecraft:walk_one_cm":337397,"minecraft:drop":114,"minecraft:damage_dealt":172,"minecraft:swim_one_cm":1912,"minecraft:fly_one_cm":768187,"minecraft:crouch_one_cm":2643,"minecraft:play_one_minute":182454,"minecraft:deaths":6,"minecraft:sneak_time":1498,"minecraft:walk_under_water_one_cm":280,"minecraft:jump":1448,"minecraft:leave_game":1,"minecraft:time_since_death":22148,"minecraft:walk_on_water_one_cm":424,"minecraft:climb_one_cm":198,"minecraft:damage_resisted":171,"minecraft:fall_one_cm":50814},"minecraft:dropped":{"theatrical:truss":1,"cgm:rifle":1,"minecraft:iron_block":1,"minecraft:dirt":1,"minecraft:leather_chestplate":7,"minecraft:blue_terracotta":1,"minecraft:lever":1,"minecraft:cocoa_beans":1,"framedblocks:framed_slope":1,"minecraft:leather_boots":8,"cgm:bazooka":1,"minecraft:barrier":2,"minecraft:leather_leggings":8,"cgm:missile":1,"pfm:furniture_book":3,"minecraft:black_concrete":1,"cgm:stun_grenade":3,"minecraft:elytra":1,"minecraft:splash_potion":1,"minecraft:golden_apple":637,"minecraft:firework_rocket":1},"minecraft:mined":{"minecraft:oak_sign":1},"minecraft:picked_up":{"minecraft:cocoa_beans":1,"minecraft:leather_chestplate":1,"minecraft:barrier":2,"cgm:rifle":1,"minecraft:leather_leggings":2,"theatrical:generic_light":1,"cgm:missile":1,"minecraft:elytra":1,"minecraft:leather_boots":2,"cgm:stun_grenade":2,"minecraft:firework_rocket":1,"minecraft:blue_terracotta":1,"framedblocks:framed_slope":1,"minecraft:oak_sign":1,"minecraft:black_concrete":1,"minecraft:lever":1,"theatrical:truss":1,"minecraft:iron_block":1,"minecraft:golden_apple":5,"pfm:furniture_book":3}},"DataVersion":2586}