{"stats":{"minecraft:killed_by":{"minecraft:player":4},"minecraft:used":{"minecraft:end_rod":1,"cgm:machine_pistol":9,"minecraft:dark_oak_sign":1,"minecraft:oak_sign":7,"cgm:stun_grenade":9,"minecraft:golden_apple":2,"minecraft:lingering_potion":24,"minecraft:snowball":94,"minecraft:cake":1,"theatrical:generic_light":1,"minecraft:sticky_piston":1,"minecraft:firework_rocket":1,"pfm:light_wood_modern_stool":9,"minecraft:potion":2,"minecraft:enchanted_golden_apple":3,"minecraft:splash_potion":46,"minecraft:experience_bottle":31},"minecraft:custom":{"minecraft:play_one_minute":241724,"minecraft:leave_game":1,"minecraft:time_since_death":27159,"minecraft:damage_resisted":171,"minecraft:climb_one_cm":3890,"minecraft:time_since_rest":27185,"minecraft:sprint_one_cm":201023,"minecraft:walk_one_cm":468179,"minecraft:damage_taken":6046,"minecraft:damage_absorbed":314,"minecraft:drop":423,"minecraft:damage_dealt":172,"minecraft:chair_used":2,"minecraft:swim_one_cm":1912,"minecraft:fly_one_cm":1389420,"minecraft:open_chest":16,"minecraft:crouch_one_cm":3216,"minecraft:sneak_time":2285,"minecraft:deaths":7,"minecraft:walk_under_water_one_cm":2320,"minecraft:jump":2082,"minecraft:walk_on_water_one_cm":656,"minecraft:fall_one_cm":52657},"minecraft:dropped":{"cgm:rifle":1,"minecraft:blue_terracotta":1,"minecraft:lever":1,"minecraft:cooked_beef":8,"minecraft:oak_log":2,"framedblocks:framed_slope":1,"minecraft:cocoa_beans":1,"minecraft:cooked_porkchop":7,"minecraft:barrier":2,"minecraft:cookie":1023,"cgm:missile":1,"minecraft:enchanted_golden_apple":5,"minecraft:elytra":1,"minecraft:golden_apple":639,"theatrical:truss":1,"minecraft:iron_block":1,"minecraft:leather_chestplate":9,"minecraft:dirt":13,"minecraft:cake":9,"minecraft:lingering_potion":1,"minecraft:leather_boots":9,"cgm:bazooka":1,"minecraft:snowball":16,"minecraft:leather_leggings":12,"pfm:furniture_book":4,"minecraft:black_concrete":1,"cgm:stun_grenade":50,"minecraft:splash_potion":3,"minecraft:firework_rocket":1},"minecraft:mined":{"minecraft:oak_sign":1},"minecraft:picked_up":{"minecraft:cocoa_beans":1,"minecraft:barrier":2,"minecraft:leather_chestplate":3,"minecraft:leather_leggings":6,"theatrical:generic_light":1,"cgm:missile":1,"minecraft:oak_log":2,"minecraft:dirt":12,"minecraft:elytra":1,"minecraft:leather_boots":3,"framedblocks:framed_slope":1,"minecraft:oak_sign":1,"minecraft:enchanted_golden_apple":5,"minecraft:cooked_porkchop":7,"cgm:rifle":1,"minecraft:cake":4,"minecraft:cookie":128,"minecraft:firework_rocket":1,"cgm:stun_grenade":3,"minecraft:blue_terracotta":1,"minecraft:black_concrete":1,"minecraft:lever":1,"theatrical:truss":1,"minecraft:iron_block":1,"minecraft:golden_apple":7,"pfm:furniture_book":4}},"DataVersion":2586}