{"stats":{"minecraft:killed_by":{"minecraft:player":3},"minecraft:used":{"minecraft:firework_rocket":1,"minecraft:dark_oak_sign":1,"minecraft:oak_sign":7,"cgm:stun_grenade":5,"minecraft:golden_apple":2,"minecraft:lingering_potion":1,"minecraft:enchanted_golden_apple":3,"minecraft:splash_potion":34,"theatrical:generic_light":1},"minecraft:custom":{"minecraft:time_since_rest":34174,"minecraft:damage_absorbed":314,"minecraft:sprint_one_cm":145541,"minecraft:damage_taken":5576,"minecraft:walk_one_cm":363760,"minecraft:drop":136,"minecraft:damage_dealt":172,"minecraft:chair_used":1,"minecraft:swim_one_cm":1912,"minecraft:fly_one_cm":775419,"minecraft:crouch_one_cm":2832,"minecraft:play_one_minute":194454,"minecraft:deaths":6,"minecraft:sneak_time":1551,"minecraft:walk_under_water_one_cm":280,"minecraft:jump":1591,"minecraft:leave_game":1,"minecraft:time_since_death":34148,"minecraft:walk_on_water_one_cm":424,"minecraft:climb_one_cm":392,"minecraft:damage_resisted":171,"minecraft:fall_one_cm":50814},"minecraft:dropped":{"theatrical:truss":1,"cgm:rifle":1,"minecraft:iron_block":1,"minecraft:dirt":13,"minecraft:leather_chestplate":9,"minecraft:blue_terracotta":1,"minecraft:lever":1,"minecraft:oak_log":2,"minecraft:cocoa_beans":1,"framedblocks:framed_slope":1,"minecraft:cooked_porkchop":7,"minecraft:leather_boots":9,"minecraft:snowball":2,"cgm:bazooka":1,"minecraft:barrier":2,"minecraft:leather_leggings":12,"cgm:missile":1,"pfm:furniture_book":4,"minecraft:black_concrete":1,"cgm:stun_grenade":9,"minecraft:elytra":1,"minecraft:splash_potion":1,"minecraft:golden_apple":639,"minecraft:firework_rocket":1},"minecraft:mined":{"minecraft:oak_sign":1},"minecraft:picked_up":{"minecraft:cocoa_beans":1,"minecraft:leather_chestplate":3,"minecraft:barrier":2,"minecraft:cooked_porkchop":7,"cgm:rifle":1,"minecraft:leather_leggings":6,"theatrical:generic_light":1,"cgm:missile":1,"minecraft:oak_log":2,"minecraft:dirt":12,"minecraft:elytra":1,"minecraft:leather_boots":3,"cgm:stun_grenade":3,"minecraft:firework_rocket":1,"minecraft:blue_terracotta":1,"framedblocks:framed_slope":1,"minecraft:oak_sign":1,"minecraft:black_concrete":1,"minecraft:lever":1,"theatrical:truss":1,"minecraft:iron_block":1,"minecraft:golden_apple":7,"pfm:furniture_book":4}},"DataVersion":2586}