{"stats":{"minecraft:killed_by":{"minecraft:player":4},"minecraft:used":{"cgm:machine_pistol":2,"minecraft:firework_rocket":1,"minecraft:dark_oak_sign":1,"minecraft:oak_sign":7,"cgm:stun_grenade":5,"minecraft:golden_apple":2,"minecraft:lingering_potion":1,"minecraft:snowball":94,"minecraft:enchanted_golden_apple":3,"minecraft:splash_potion":35,"theatrical:generic_light":1},"minecraft:custom":{"minecraft:time_since_rest":3915,"minecraft:damage_absorbed":314,"minecraft:sprint_one_cm":170363,"minecraft:damage_taken":5866,"minecraft:walk_one_cm":390822,"minecraft:drop":377,"minecraft:damage_dealt":172,"minecraft:chair_used":1,"minecraft:swim_one_cm":1912,"minecraft:fly_one_cm":1177333,"minecraft:open_chest":16,"minecraft:crouch_one_cm":3022,"minecraft:play_one_minute":218454,"minecraft:deaths":7,"minecraft:sneak_time":1993,"minecraft:walk_under_water_one_cm":280,"minecraft:jump":1863,"minecraft:leave_game":1,"minecraft:time_since_death":3889,"minecraft:walk_on_water_one_cm":424,"minecraft:climb_one_cm":3364,"minecraft:damage_resisted":171,"minecraft:fall_one_cm":52657},"minecraft:dropped":{"theatrical:truss":1,"cgm:rifle":1,"minecraft:iron_block":1,"minecraft:dirt":13,"minecraft:leather_chestplate":9,"minecraft:blue_terracotta":1,"minecraft:lever":1,"minecraft:cooked_beef":8,"minecraft:oak_log":2,"minecraft:cocoa_beans":1,"framedblocks:framed_slope":1,"minecraft:cake":8,"minecraft:cooked_porkchop":7,"minecraft:leather_boots":9,"minecraft:snowball":16,"cgm:bazooka":1,"minecraft:enchanted_golden_apple":5,"minecraft:cookie":959,"minecraft:barrier":2,"minecraft:leather_leggings":12,"cgm:missile":1,"pfm:furniture_book":4,"minecraft:black_concrete":1,"cgm:stun_grenade":9,"minecraft:elytra":1,"minecraft:splash_potion":1,"minecraft:golden_apple":639,"minecraft:firework_rocket":1},"minecraft:mined":{"minecraft:oak_sign":1},"minecraft:picked_up":{"minecraft:cocoa_beans":1,"minecraft:leather_chestplate":3,"minecraft:barrier":2,"minecraft:cooked_porkchop":7,"cgm:rifle":1,"minecraft:leather_leggings":6,"theatrical:generic_light":1,"cgm:missile":1,"minecraft:cake":3,"minecraft:oak_log":2,"minecraft:cookie":64,"minecraft:dirt":12,"minecraft:elytra":1,"minecraft:leather_boots":3,"cgm:stun_grenade":3,"minecraft:firework_rocket":1,"minecraft:blue_terracotta":1,"framedblocks:framed_slope":1,"minecraft:oak_sign":1,"minecraft:black_concrete":1,"minecraft:lever":1,"theatrical:truss":1,"minecraft:iron_block":1,"minecraft:golden_apple":7,"minecraft:enchanted_golden_apple":5,"pfm:furniture_book":4}},"DataVersion":2586}