{"stats":{"minecraft:dropped":{"pfm:furniture_book":1},"minecraft:custom":{"minecraft:jump":69,"minecraft:time_since_rest":14454,"minecraft:crouch_one_cm":8,"minecraft:play_one_minute":14454,"minecraft:leave_game":1,"minecraft:sprint_one_cm":11224,"minecraft:damage_taken":70,"minecraft:time_since_death":14454,"minecraft:walk_one_cm":36998,"minecraft:sneak_time":19,"minecraft:drop":1,"minecraft:fall_one_cm":1228,"minecraft:fly_one_cm":13789},"minecraft:picked_up":{"pfm:furniture_book":1}},"DataVersion":2586}