{"stats":{"minecraft:used":{"minecraft:firework_rocket":1,"minecraft:dark_oak_sign":1,"minecraft:oak_sign":6,"theatrical:generic_light":1},"minecraft:custom":{"minecraft:time_since_rest":110454,"minecraft:sprint_one_cm":48455,"minecraft:damage_taken":70,"minecraft:walk_one_cm":175558,"minecraft:drop":68,"minecraft:swim_one_cm":1589,"minecraft:fly_one_cm":248152,"minecraft:crouch_one_cm":1460,"minecraft:play_one_minute":110454,"minecraft:sneak_time":689,"minecraft:walk_under_water_one_cm":209,"minecraft:jump":504,"minecraft:leave_game":1,"minecraft:time_since_death":110454,"minecraft:walk_on_water_one_cm":253,"minecraft:fall_one_cm":1228},"minecraft:dropped":{"theatrical:truss":1,"cgm:rifle":1,"minecraft:iron_block":1,"minecraft:dirt":1,"minecraft:leather_chestplate":2,"minecraft:blue_terracotta":1,"minecraft:lever":1,"framedblocks:framed_slope":1,"minecraft:leather_boots":3,"minecraft:barrier":2,"minecraft:leather_leggings":3,"pfm:furniture_book":3,"minecraft:black_concrete":1,"cgm:stun_grenade":1,"minecraft:elytra":1,"minecraft:golden_apple":45,"minecraft:firework_rocket":1},"minecraft:picked_up":{"minecraft:barrier":2,"cgm:rifle":1,"theatrical:generic_light":1,"minecraft:elytra":1,"cgm:stun_grenade":1,"minecraft:firework_rocket":1,"minecraft:blue_terracotta":1,"framedblocks:framed_slope":1,"minecraft:black_concrete":1,"minecraft:lever":1,"theatrical:truss":1,"minecraft:iron_block":1,"minecraft:golden_apple":5,"pfm:furniture_book":3}},"DataVersion":2586}