{"stats":{"minecraft:used":{"minecraft:firework_rocket":1,"minecraft:dark_oak_sign":1,"minecraft:oak_sign":1,"theatrical:generic_light":1},"minecraft:custom":{"minecraft:time_since_rest":98454,"minecraft:sneak_time":252,"minecraft:play_one_minute":98454,"minecraft:crouch_one_cm":151,"minecraft:sprint_one_cm":32384,"minecraft:damage_taken":70,"minecraft:walk_one_cm":131344,"minecraft:walk_under_water_one_cm":209,"minecraft:drop":14,"minecraft:jump":376,"minecraft:leave_game":1,"minecraft:walk_on_water_one_cm":253,"minecraft:time_since_death":98454,"minecraft:swim_one_cm":1589,"minecraft:fall_one_cm":1228,"minecraft:fly_one_cm":222373},"minecraft:dropped":{"minecraft:barrier":2,"cgm:rifle":1,"minecraft:iron_block":1,"minecraft:blue_terracotta":1,"pfm:furniture_book":3,"minecraft:lever":1,"minecraft:black_concrete":1,"framedblocks:framed_slope":1,"cgm:stun_grenade":1,"minecraft:elytra":1,"theatrical:truss":1,"minecraft:firework_rocket":1},"minecraft:picked_up":{"minecraft:barrier":2,"minecraft:firework_rocket":1,"cgm:stun_grenade":1,"framedblocks:framed_slope":1,"minecraft:blue_terracotta":1,"cgm:rifle":1,"theatrical:generic_light":1,"minecraft:black_concrete":1,"minecraft:lever":1,"theatrical:truss":1,"minecraft:iron_block":1,"pfm:furniture_book":3,"minecraft:elytra":1}},"DataVersion":2586}