{"stats":{"minecraft:used":{"minecraft:golden_apple":4,"framedblocks:framed_slope":1},"minecraft:custom":{"minecraft:jump":99,"minecraft:time_since_rest":6781,"minecraft:crouch_one_cm":7266,"minecraft:play_one_minute":16370,"minecraft:walk_one_cm":30698,"minecraft:leave_game":1,"minecraft:sprint_one_cm":21895,"minecraft:damage_taken":371,"minecraft:time_since_death":16370,"minecraft:damage_absorbed":35,"minecraft:sleep_in_bed":1,"minecraft:sneak_time":2133,"minecraft:fly_one_cm":19113},"minecraft:mined":{"framedblocks:framed_slope":1},"minecraft:picked_up":{"minecraft:iron_block":1,"minecraft:leather_chestplate":1,"framedblocks:framed_slope":1}},"DataVersion":2586}