{"stats":{"minecraft:killed_by":{"minecraft:player":2},"minecraft:crafted":{"minecraft:oak_planks":4,"minecraft:crafting_table":1},"minecraft:used":{"framedblocks:framed_slope":1,"minecraft:cookie":20,"minecraft:golden_apple":12,"minecraft:dirt":13,"minecraft:crafting_table":1,"minecraft:cooked_porkchop":5,"cgm:rifle":3,"minecraft:cooked_beef":4,"minecraft:enchanted_golden_apple":10},"minecraft:custom":{"minecraft:time_since_rest":2027,"minecraft:damage_absorbed":615,"minecraft:damage_taken":2477,"minecraft:sprint_one_cm":367250,"minecraft:walk_one_cm":289415,"minecraft:drop":23,"minecraft:damage_dealt":130,"minecraft:chair_used":2,"minecraft:interact_with_crafting_table":1,"minecraft:fly_one_cm":422203,"minecraft:player_kills":1,"minecraft:open_chest":33,"minecraft:play_one_minute":123771,"minecraft:crouch_one_cm":49616,"minecraft:deaths":2,"minecraft:sneak_time":14811,"minecraft:jump":1905,"minecraft:leave_game":4,"minecraft:time_since_death":1981,"minecraft:walk_on_water_one_cm":378,"minecraft:sleep_in_bed":5,"minecraft:climb_one_cm":16737,"minecraft:damage_resisted":176,"minecraft:fall_one_cm":30693},"minecraft:dropped":{"cgm:rifle":1,"minecraft:dirt":61,"minecraft:cake":3,"minecraft:cooked_porkchop":17,"minecraft:cobblestone":3,"minecraft:blue_concrete":32,"minecraft:dark_oak_planks":1},"minecraft:mined":{"framedblocks:framed_slope":1,"minecraft:crafting_table":1,"minecraft:dirt":20,"minecraft:oak_leaves":1},"minecraft:picked_up":{"minecraft:crafting_table":1,"minecraft:leather_chestplate":1,"minecraft:cooked_beef":6,"minecraft:splash_potion":1,"minecraft:cooked_porkchop":27,"cgm:rifle":1,"minecraft:oak_log":1,"minecraft:cake":9,"minecraft:cookie":1196,"minecraft:blue_concrete":32,"minecraft:dirt":139,"minecraft:dark_oak_planks":1,"minecraft:leather_boots":1,"framedblocks:framed_slope":1,"minecraft:diamond_chestplate":1,"minecraft:netherite_helmet":1,"minecraft:iron_block":1,"minecraft:cooked_chicken":14,"minecraft:enchanted_golden_apple":9,"minecraft:cobblestone":3}},"DataVersion":2586}