{"stats":{"minecraft:used":{"minecraft:golden_apple":12,"minecraft:dirt":13,"framedblocks:framed_slope":1,"minecraft:cooked_porkchop":2,"cgm:rifle":3,"minecraft:enchanted_golden_apple":9},"minecraft:custom":{"minecraft:time_since_rest":36833,"minecraft:damage_absorbed":455,"minecraft:play_one_minute":63936,"minecraft:crouch_one_cm":39390,"minecraft:sprint_one_cm":189610,"minecraft:damage_taken":1077,"minecraft:walk_one_cm":175102,"minecraft:sneak_time":11852,"minecraft:drop":19,"minecraft:jump":1049,"minecraft:damage_dealt":30,"minecraft:leave_game":3,"minecraft:time_since_death":63936,"minecraft:walk_on_water_one_cm":378,"minecraft:sleep_in_bed":5,"minecraft:damage_resisted":90,"minecraft:fly_one_cm":218084,"minecraft:fall_one_cm":15405,"minecraft:player_kills":1},"minecraft:dropped":{"cgm:rifle":1,"minecraft:cobblestone":3,"minecraft:dirt":61,"minecraft:blue_concrete":32,"minecraft:cooked_porkchop":17},"minecraft:picked_up":{"minecraft:leather_chestplate":1,"minecraft:cooked_porkchop":24,"framedblocks:framed_slope":1,"cgm:rifle":1,"minecraft:iron_block":1,"minecraft:enchanted_golden_apple":4,"minecraft:blue_concrete":32,"minecraft:dirt":139,"minecraft:cobblestone":3},"minecraft:mined":{"framedblocks:framed_slope":1,"minecraft:dirt":20,"minecraft:oak_leaves":1}},"DataVersion":2586}