{"stats":{"minecraft:used":{"minecraft:golden_apple":9,"framedblocks:framed_slope":1},"minecraft:custom":{"minecraft:jump":308,"minecraft:time_since_rest":1267,"minecraft:crouch_one_cm":9286,"minecraft:play_one_minute":28370,"minecraft:walk_one_cm":71082,"minecraft:leave_game":1,"minecraft:sprint_one_cm":57939,"minecraft:damage_taken":609,"minecraft:time_since_death":28370,"minecraft:damage_absorbed":143,"minecraft:sleep_in_bed":5,"minecraft:sneak_time":2676,"minecraft:fall_one_cm":418,"minecraft:fly_one_cm":66900,"minecraft:damage_dealt":16},"minecraft:mined":{"framedblocks:framed_slope":1,"minecraft:oak_leaves":1},"minecraft:picked_up":{"minecraft:iron_block":1,"minecraft:leather_chestplate":1,"framedblocks:framed_slope":1}},"DataVersion":2586}