{"stats":{"minecraft:killed_by":{"minecraft:player":1},"minecraft:crafted":{"minecraft:oak_planks":4,"minecraft:crafting_table":1},"minecraft:used":{"framedblocks:framed_slope":1,"minecraft:cookie":20,"minecraft:golden_apple":12,"minecraft:dirt":13,"minecraft:crafting_table":1,"minecraft:cooked_porkchop":5,"minecraft:cooked_beef":3,"cgm:rifle":3,"minecraft:enchanted_golden_apple":10},"minecraft:custom":{"minecraft:time_since_rest":45603,"minecraft:sprint_one_cm":342810,"minecraft:walk_one_cm":248781,"minecraft:damage_taken":2187,"minecraft:damage_absorbed":615,"minecraft:drop":19,"minecraft:damage_dealt":130,"minecraft:chair_used":2,"minecraft:interact_with_crafting_table":1,"minecraft:fly_one_cm":391080,"minecraft:player_kills":1,"minecraft:open_chest":33,"minecraft:crouch_one_cm":48082,"minecraft:play_one_minute":111936,"minecraft:deaths":1,"minecraft:sneak_time":14454,"minecraft:jump":1668,"minecraft:leave_game":3,"minecraft:walk_on_water_one_cm":378,"minecraft:time_since_death":45570,"minecraft:sleep_in_bed":5,"minecraft:climb_one_cm":16737,"minecraft:damage_resisted":176,"minecraft:fall_one_cm":30424},"minecraft:dropped":{"cgm:rifle":1,"minecraft:dirt":61,"minecraft:cooked_porkchop":17,"minecraft:cobblestone":3,"minecraft:blue_concrete":32},"minecraft:mined":{"framedblocks:framed_slope":1,"minecraft:crafting_table":1,"minecraft:dirt":20,"minecraft:oak_leaves":1},"minecraft:picked_up":{"minecraft:cooked_beef":1,"minecraft:crafting_table":1,"minecraft:leather_chestplate":1,"minecraft:cooked_porkchop":27,"cgm:rifle":1,"minecraft:cake":9,"minecraft:oak_log":1,"minecraft:cookie":1196,"minecraft:blue_concrete":32,"minecraft:dirt":139,"minecraft:leather_boots":1,"framedblocks:framed_slope":1,"minecraft:diamond_chestplate":1,"minecraft:netherite_helmet":1,"minecraft:iron_block":1,"minecraft:cooked_chicken":14,"minecraft:enchanted_golden_apple":9,"minecraft:cobblestone":3}},"DataVersion":2586}