{"stats":{"minecraft:killed_by":{"minecraft:player":1},"minecraft:crafted":{"minecraft:oak_planks":4,"minecraft:crafting_table":1},"minecraft:used":{"framedblocks:framed_slope":1,"minecraft:golden_apple":12,"minecraft:dirt":13,"minecraft:crafting_table":1,"minecraft:cooked_porkchop":2,"cgm:rifle":3,"minecraft:enchanted_golden_apple":9},"minecraft:custom":{"minecraft:time_since_rest":9603,"minecraft:sprint_one_cm":220181,"minecraft:walk_one_cm":190031,"minecraft:damage_taken":1574,"minecraft:damage_absorbed":455,"minecraft:drop":19,"minecraft:damage_dealt":40,"minecraft:chair_used":2,"minecraft:interact_with_crafting_table":1,"minecraft:fly_one_cm":234401,"minecraft:player_kills":1,"minecraft:crouch_one_cm":42322,"minecraft:play_one_minute":75936,"minecraft:deaths":1,"minecraft:sneak_time":12584,"minecraft:jump":1095,"minecraft:leave_game":3,"minecraft:walk_on_water_one_cm":378,"minecraft:time_since_death":9570,"minecraft:sleep_in_bed":5,"minecraft:damage_resisted":94,"minecraft:fall_one_cm":15616},"minecraft:dropped":{"cgm:rifle":1,"minecraft:dirt":61,"minecraft:cooked_porkchop":17,"minecraft:cobblestone":3,"minecraft:blue_concrete":32},"minecraft:mined":{"framedblocks:framed_slope":1,"minecraft:crafting_table":1,"minecraft:dirt":20,"minecraft:oak_leaves":1},"minecraft:picked_up":{"minecraft:crafting_table":1,"minecraft:leather_chestplate":1,"minecraft:cooked_porkchop":24,"cgm:rifle":1,"minecraft:oak_log":1,"minecraft:blue_concrete":32,"minecraft:dirt":139,"minecraft:leather_boots":1,"framedblocks:framed_slope":1,"minecraft:iron_block":1,"minecraft:enchanted_golden_apple":4,"minecraft:cobblestone":3}},"DataVersion":2586}