{"stats":{"minecraft:used":{"minecraft:golden_apple":12,"minecraft:dirt":13,"framedblocks:framed_slope":1,"cgm:rifle":3,"minecraft:enchanted_golden_apple":8},"minecraft:custom":{"minecraft:time_since_rest":24998,"minecraft:crouch_one_cm":37445,"minecraft:play_one_minute":52101,"minecraft:sprint_one_cm":119537,"minecraft:damage_taken":931,"minecraft:damage_absorbed":455,"minecraft:walk_one_cm":130356,"minecraft:sneak_time":11218,"minecraft:drop":3,"minecraft:jump":831,"minecraft:damage_dealt":24,"minecraft:leave_game":2,"minecraft:walk_on_water_one_cm":378,"minecraft:time_since_death":52101,"minecraft:sleep_in_bed":5,"minecraft:damage_resisted":75,"minecraft:fall_one_cm":14324,"minecraft:fly_one_cm":155632,"minecraft:player_kills":1},"minecraft:dropped":{"cgm:rifle":1,"minecraft:cobblestone":3,"minecraft:dirt":57},"minecraft:picked_up":{"minecraft:leather_chestplate":1,"framedblocks:framed_slope":1,"cgm:rifle":1,"minecraft:iron_block":1,"minecraft:enchanted_golden_apple":4,"minecraft:dirt":72,"minecraft:cobblestone":3},"minecraft:mined":{"framedblocks:framed_slope":1,"minecraft:dirt":20,"minecraft:oak_leaves":1}},"DataVersion":2586}