{"stats":{"minecraft:used":{"minecraft:golden_apple":1},"minecraft:custom":{"minecraft:jump":13,"minecraft:time_since_rest":5452,"minecraft:damage_absorbed":8,"minecraft:sprint_one_cm":439,"minecraft:crouch_one_cm":31,"minecraft:play_one_minute":5452,"minecraft:damage_taken":96,"minecraft:time_since_death":5452,"minecraft:walk_one_cm":7052,"minecraft:sneak_time":18,"minecraft:fall_one_cm":209,"minecraft:fly_one_cm":1400},"minecraft:picked_up":{"minecraft:leather_boots":1,"minecraft:leather_chestplate":1,"minecraft:leather_leggings":1}},"DataVersion":2586}