{"stats":{"minecraft:used":{"minecraft:golden_apple":1},"minecraft:custom":{"minecraft:jump":110,"minecraft:damage_dealt":15,"minecraft:time_since_rest":17452,"minecraft:damage_absorbed":8,"minecraft:sprint_one_cm":15903,"minecraft:crouch_one_cm":1923,"minecraft:play_one_minute":17452,"minecraft:damage_taken":218,"minecraft:time_since_death":17452,"minecraft:walk_one_cm":89919,"minecraft:sneak_time":286,"minecraft:fall_one_cm":209,"minecraft:fly_one_cm":15169},"minecraft:picked_up":{"minecraft:iron_ingot":1,"minecraft:leather_boots":1,"minecraft:leather_chestplate":1,"minecraft:leather_leggings":1}},"DataVersion":2586}