{"stats":{"minecraft:mined":{"minecraft:birch_log":2,"minecraft:crafting_table":2,"minecraft:oak_log":2},"minecraft:broken":{"minecraft:wooden_axe":1},"minecraft:killed_by":{"minecraft:player":1},"minecraft:dropped":{"minecraft:dirt":133,"minecraft:leather_chestplate":3,"minecraft:lever":5,"minecraft:crafting_table":1,"minecraft:cooked_porkchop":32,"minecraft:poisonous_potato":1,"minecraft:cobblestone":2,"minecraft:cookie":433,"minecraft:leather_leggings":1,"minecraft:oak_planks":10,"pfm:furniture_book":1,"minecraft:stone_pickaxe":1,"minecraft:wooden_pickaxe":1,"minecraft:black_concrete":31,"minecraft:stick":8},"minecraft:custom":{"minecraft:time_since_rest":32959,"minecraft:sprint_one_cm":263305,"minecraft:damage_absorbed":255,"minecraft:damage_taken":1609,"minecraft:walk_one_cm":817848,"minecraft:drop":73,"minecraft:damage_dealt":288,"minecraft:chair_used":10,"minecraft:swim_one_cm":536,"minecraft:interact_with_crafting_table":2,"minecraft:fly_one_cm":399036,"minecraft:open_chest":21,"minecraft:play_one_minute":144773,"minecraft:crouch_one_cm":27907,"minecraft:deaths":1,"minecraft:sneak_time":9159,"minecraft:walk_under_water_one_cm":16,"minecraft:jump":1552,"minecraft:leave_game":3,"minecraft:time_since_death":32926,"minecraft:walk_on_water_one_cm":810,"minecraft:climb_one_cm":7065,"minecraft:damage_resisted":98,"minecraft:fall_one_cm":26832},"minecraft:crafted":{"minecraft:oak_planks":8,"minecraft:leather_leggings":1,"minecraft:stick":8,"minecraft:wooden_pickaxe":1,"minecraft:leather_chestplate":1,"minecraft:wooden_axe":1,"minecraft:birch_planks":8},"minecraft:picked_up":{"minecraft:birch_log":2,"minecraft:stick":4,"minecraft:crafting_table":2,"minecraft:leather_chestplate":4,"minecraft:milk_bucket":1,"minecraft:cooked_porkchop":138,"minecraft:leather_leggings":6,"minecraft:poisonous_potato":2,"minecraft:oak_log":2,"minecraft:cake":10,"minecraft:cookie":1232,"minecraft:dirt":133,"minecraft:leather_boots":2,"minecraft:diamond_chestplate":3,"minecraft:black_concrete":31,"minecraft:lever":6,"minecraft:iron_ingot":1,"minecraft:stone_pickaxe":1,"minecraft:cooked_chicken":64,"minecraft:golden_apple":13,"minecraft:end_rod":2,"pfm:furniture_book":1,"minecraft:oak_planks":4,"minecraft:snowball":2,"minecraft:cobblestone":2},"minecraft:used":{"minecraft:wooden_axe":31,"minecraft:cookie":17,"minecraft:golden_apple":6,"minecraft:crafting_table":1,"minecraft:cooked_porkchop":5,"minecraft:snowball":2,"minecraft:enchanted_golden_apple":4}},"DataVersion":2586}