{"stats":{"minecraft:crafted":{"minecraft:oak_planks":8,"minecraft:birch_planks":8,"minecraft:stick":8,"minecraft:wooden_pickaxe":1,"minecraft:wooden_axe":1},"minecraft:used":{"minecraft:wooden_axe":3,"minecraft:golden_apple":6,"minecraft:crafting_table":1},"minecraft:custom":{"minecraft:time_since_rest":41452,"minecraft:walk_one_cm":241454,"minecraft:play_one_minute":41452,"minecraft:crouch_one_cm":19937,"minecraft:sprint_one_cm":27976,"minecraft:damage_taken":617,"minecraft:damage_absorbed":56,"minecraft:sneak_time":5068,"minecraft:walk_under_water_one_cm":16,"minecraft:jump":302,"minecraft:damage_dealt":15,"minecraft:walk_on_water_one_cm":223,"minecraft:time_since_death":41452,"minecraft:interact_with_crafting_table":2,"minecraft:swim_one_cm":536,"minecraft:fall_one_cm":6787,"minecraft:fly_one_cm":19521},"minecraft:picked_up":{"minecraft:birch_log":2,"minecraft:crafting_table":2,"minecraft:leather_chestplate":1,"minecraft:leather_boots":2,"minecraft:leather_leggings":4,"minecraft:iron_ingot":1,"minecraft:oak_log":2},"minecraft:mined":{"minecraft:oak_log":2,"minecraft:birch_log":2,"minecraft:crafting_table":2}},"DataVersion":2586}