{"stats":{"minecraft:crafted":{"minecraft:oak_planks":8,"minecraft:birch_planks":8,"minecraft:stick":8,"minecraft:wooden_pickaxe":1,"minecraft:wooden_axe":1},"minecraft:used":{"minecraft:wooden_axe":21,"minecraft:golden_apple":6,"minecraft:crafting_table":1,"minecraft:enchanted_golden_apple":4},"minecraft:custom":{"minecraft:time_since_rest":64088,"minecraft:damage_absorbed":255,"minecraft:play_one_minute":64088,"minecraft:crouch_one_cm":21619,"minecraft:sprint_one_cm":65199,"minecraft:damage_taken":939,"minecraft:walk_one_cm":340852,"minecraft:sneak_time":5825,"minecraft:walk_under_water_one_cm":16,"minecraft:jump":753,"minecraft:damage_dealt":53,"minecraft:leave_game":1,"minecraft:time_since_death":64088,"minecraft:walk_on_water_one_cm":810,"minecraft:damage_resisted":98,"minecraft:swim_one_cm":536,"minecraft:interact_with_crafting_table":2,"minecraft:fall_one_cm":16444,"minecraft:fly_one_cm":88204},"minecraft:mined":{"minecraft:oak_log":2,"minecraft:birch_log":2,"minecraft:crafting_table":2},"minecraft:picked_up":{"minecraft:birch_log":2,"minecraft:crafting_table":2,"minecraft:leather_chestplate":1,"minecraft:leather_boots":2,"minecraft:leather_leggings":4,"minecraft:iron_ingot":1,"minecraft:stone_pickaxe":1,"minecraft:oak_log":2,"minecraft:dirt":18,"minecraft:cobblestone":2}},"DataVersion":2586}