{"stats":{"minecraft:killed_by":{"minecraft:player":1},"minecraft:crafted":{"minecraft:oak_planks":8,"minecraft:leather_leggings":1,"minecraft:stick":8,"minecraft:wooden_pickaxe":1,"minecraft:leather_chestplate":1,"minecraft:wooden_axe":1,"minecraft:birch_planks":8},"minecraft:broken":{"minecraft:wooden_axe":1},"minecraft:used":{"minecraft:wooden_axe":31,"minecraft:cookie":17,"minecraft:golden_apple":6,"minecraft:crafting_table":1,"minecraft:cooked_porkchop":5,"minecraft:snowball":2,"minecraft:enchanted_golden_apple":4},"minecraft:dropped":{"minecraft:dirt":133,"minecraft:leather_chestplate":3,"minecraft:crafting_table":1,"minecraft:cooked_porkchop":10,"minecraft:cookie":433,"minecraft:cobblestone":2,"minecraft:leather_leggings":1,"minecraft:oak_planks":10,"pfm:furniture_book":1,"minecraft:stone_pickaxe":1,"minecraft:wooden_pickaxe":1,"minecraft:black_concrete":31,"minecraft:stick":8},"minecraft:custom":{"minecraft:time_since_rest":274,"minecraft:sprint_one_cm":206327,"minecraft:walk_one_cm":579238,"minecraft:damage_taken":1503,"minecraft:damage_absorbed":255,"minecraft:drop":45,"minecraft:damage_dealt":288,"minecraft:chair_used":9,"minecraft:interact_with_crafting_table":2,"minecraft:swim_one_cm":536,"minecraft:fly_one_cm":273300,"minecraft:open_chest":21,"minecraft:crouch_one_cm":27773,"minecraft:play_one_minute":112088,"minecraft:deaths":1,"minecraft:sneak_time":8228,"minecraft:walk_under_water_one_cm":16,"minecraft:jump":1455,"minecraft:leave_game":1,"minecraft:walk_on_water_one_cm":810,"minecraft:time_since_death":241,"minecraft:climb_one_cm":7065,"minecraft:damage_resisted":98,"minecraft:fall_one_cm":26426},"minecraft:mined":{"minecraft:birch_log":2,"minecraft:crafting_table":2,"minecraft:oak_log":2},"minecraft:picked_up":{"minecraft:birch_log":2,"minecraft:stick":4,"minecraft:milk_bucket":1,"minecraft:crafting_table":2,"minecraft:leather_chestplate":4,"minecraft:cooked_porkchop":106,"minecraft:leather_leggings":6,"minecraft:cake":10,"minecraft:oak_log":2,"minecraft:cookie":1232,"minecraft:dirt":133,"minecraft:leather_boots":2,"minecraft:diamond_chestplate":3,"minecraft:black_concrete":31,"minecraft:iron_ingot":1,"minecraft:stone_pickaxe":1,"minecraft:cooked_chicken":64,"minecraft:golden_apple":13,"pfm:furniture_book":1,"minecraft:oak_planks":4,"minecraft:snowball":2,"minecraft:cobblestone":2}},"DataVersion":2586}