{"stats":{"minecraft:used":{"minecraft:golden_apple":4},"minecraft:custom":{"minecraft:jump":144,"minecraft:damage_dealt":15,"minecraft:time_since_rest":29452,"minecraft:damage_absorbed":8,"minecraft:sprint_one_cm":19331,"minecraft:crouch_one_cm":4077,"minecraft:play_one_minute":29452,"minecraft:damage_taken":312,"minecraft:time_since_death":29452,"minecraft:walk_one_cm":171349,"minecraft:sneak_time":793,"minecraft:walk_under_water_one_cm":16,"minecraft:swim_one_cm":536,"minecraft:fall_one_cm":209,"minecraft:fly_one_cm":15957,"minecraft:walk_on_water_one_cm":223},"minecraft:picked_up":{"minecraft:iron_ingot":1,"minecraft:leather_boots":2,"minecraft:leather_chestplate":1,"minecraft:leather_leggings":4}},"DataVersion":2586}