{"stats":{"minecraft:crafted":{"minecraft:oak_planks":8,"minecraft:birch_planks":8,"minecraft:stick":8,"minecraft:wooden_pickaxe":1,"minecraft:wooden_axe":1},"minecraft:used":{"minecraft:wooden_axe":21,"minecraft:golden_apple":6,"minecraft:crafting_table":1,"minecraft:enchanted_golden_apple":4},"minecraft:custom":{"minecraft:time_since_rest":53452,"minecraft:walk_one_cm":299595,"minecraft:play_one_minute":53452,"minecraft:crouch_one_cm":21619,"minecraft:sprint_one_cm":59259,"minecraft:damage_taken":843,"minecraft:damage_absorbed":255,"minecraft:sneak_time":5825,"minecraft:walk_under_water_one_cm":16,"minecraft:jump":728,"minecraft:damage_dealt":53,"minecraft:walk_on_water_one_cm":810,"minecraft:time_since_death":53452,"minecraft:damage_resisted":96,"minecraft:interact_with_crafting_table":2,"minecraft:swim_one_cm":536,"minecraft:fall_one_cm":15477,"minecraft:fly_one_cm":68181},"minecraft:picked_up":{"minecraft:birch_log":2,"minecraft:crafting_table":2,"minecraft:leather_chestplate":1,"minecraft:leather_boots":2,"minecraft:leather_leggings":4,"minecraft:iron_ingot":1,"minecraft:stone_pickaxe":1,"minecraft:oak_log":2,"minecraft:dirt":9},"minecraft:mined":{"minecraft:oak_log":2,"minecraft:birch_log":2,"minecraft:crafting_table":2}},"DataVersion":2586}