{"stats":{"minecraft:crafted":{"minecraft:oak_planks":8,"minecraft:leather_leggings":1,"minecraft:stick":8,"minecraft:wooden_pickaxe":1,"minecraft:leather_chestplate":1,"minecraft:wooden_axe":1,"minecraft:birch_planks":8},"minecraft:used":{"minecraft:wooden_axe":21,"minecraft:golden_apple":6,"minecraft:crafting_table":1,"minecraft:cooked_porkchop":2,"minecraft:enchanted_golden_apple":4},"minecraft:dropped":{"minecraft:leather_chestplate":1,"minecraft:cooked_porkchop":10,"minecraft:leather_leggings":1,"pfm:furniture_book":1},"minecraft:custom":{"minecraft:time_since_rest":88088,"minecraft:sprint_one_cm":69238,"minecraft:walk_one_cm":467505,"minecraft:damage_taken":987,"minecraft:damage_absorbed":255,"minecraft:drop":13,"minecraft:damage_dealt":53,"minecraft:chair_used":9,"minecraft:interact_with_crafting_table":2,"minecraft:swim_one_cm":536,"minecraft:fly_one_cm":98356,"minecraft:crouch_one_cm":25175,"minecraft:play_one_minute":88088,"minecraft:sneak_time":7053,"minecraft:walk_under_water_one_cm":16,"minecraft:jump":887,"minecraft:leave_game":1,"minecraft:walk_on_water_one_cm":810,"minecraft:time_since_death":88088,"minecraft:damage_resisted":98,"minecraft:fall_one_cm":19410},"minecraft:mined":{"minecraft:birch_log":2,"minecraft:crafting_table":2,"minecraft:oak_log":2},"minecraft:picked_up":{"minecraft:birch_log":2,"minecraft:crafting_table":2,"minecraft:leather_chestplate":3,"minecraft:cooked_porkchop":40,"minecraft:leather_leggings":5,"minecraft:oak_log":2,"minecraft:dirt":133,"minecraft:leather_boots":2,"minecraft:black_concrete":31,"minecraft:iron_ingot":1,"minecraft:stone_pickaxe":1,"minecraft:golden_apple":13,"pfm:furniture_book":1,"minecraft:oak_planks":4,"minecraft:snowball":2,"minecraft:cobblestone":2}},"DataVersion":2586}