{"stats":{"minecraft:crafted":{"minecraft:oak_planks":8,"minecraft:leather_leggings":1,"minecraft:stick":8,"minecraft:wooden_pickaxe":1,"minecraft:leather_chestplate":1,"minecraft:wooden_axe":1,"minecraft:birch_planks":8},"minecraft:used":{"minecraft:wooden_axe":22,"minecraft:golden_apple":6,"minecraft:crafting_table":1,"minecraft:cooked_porkchop":3,"minecraft:snowball":2,"minecraft:enchanted_golden_apple":4},"minecraft:dropped":{"minecraft:leather_chestplate":1,"minecraft:cooked_porkchop":10,"minecraft:leather_leggings":1,"pfm:furniture_book":1},"minecraft:custom":{"minecraft:time_since_rest":100088,"minecraft:sprint_one_cm":125496,"minecraft:walk_one_cm":536531,"minecraft:damage_taken":1097,"minecraft:damage_absorbed":255,"minecraft:drop":13,"minecraft:damage_dealt":113,"minecraft:chair_used":9,"minecraft:interact_with_crafting_table":2,"minecraft:swim_one_cm":536,"minecraft:fly_one_cm":154615,"minecraft:open_chest":1,"minecraft:crouch_one_cm":26469,"minecraft:play_one_minute":100088,"minecraft:sneak_time":7675,"minecraft:walk_under_water_one_cm":16,"minecraft:jump":1112,"minecraft:leave_game":1,"minecraft:walk_on_water_one_cm":810,"minecraft:time_since_death":100088,"minecraft:climb_one_cm":3322,"minecraft:damage_resisted":98,"minecraft:fall_one_cm":22323},"minecraft:mined":{"minecraft:birch_log":2,"minecraft:crafting_table":2,"minecraft:oak_log":2},"minecraft:picked_up":{"minecraft:birch_log":2,"minecraft:milk_bucket":1,"minecraft:crafting_table":2,"minecraft:leather_chestplate":4,"minecraft:cooked_porkchop":104,"minecraft:leather_leggings":6,"minecraft:cake":4,"minecraft:oak_log":2,"minecraft:cookie":227,"minecraft:dirt":133,"minecraft:leather_boots":2,"minecraft:diamond_chestplate":3,"minecraft:black_concrete":31,"minecraft:iron_ingot":1,"minecraft:stone_pickaxe":1,"minecraft:golden_apple":13,"pfm:furniture_book":1,"minecraft:oak_planks":4,"minecraft:snowball":2,"minecraft:cobblestone":2}},"DataVersion":2586}