{"stats":{"minecraft:used":{"minecraft:golden_apple":5},"minecraft:dropped":{"minecraft:leather_leggings":1,"minecraft:leather_boots":1},"minecraft:custom":{"minecraft:time_since_rest":3867,"minecraft:deaths":1,"minecraft:play_one_minute":48692,"minecraft:crouch_one_cm":5499,"minecraft:walk_one_cm":190969,"minecraft:sprint_one_cm":23867,"minecraft:damage_taken":623,"minecraft:damage_absorbed":85,"minecraft:sneak_time":1799,"minecraft:walk_under_water_one_cm":32959,"minecraft:drop":2,"minecraft:jump":413,"minecraft:damage_dealt":26,"minecraft:leave_game":1,"minecraft:time_since_death":3760,"minecraft:walk_on_water_one_cm":24505,"minecraft:sleep_in_bed":2,"minecraft:fall_one_cm":6401,"minecraft:fly_one_cm":95168},"minecraft:mined":{"minecraft:oak_leaves":10},"minecraft:picked_up":{"minecraft:leather_boots":1,"minecraft:leather_leggings":1,"minecraft:oak_sapling":1}},"DataVersion":2586}