{"stats":{"minecraft:used":{"minecraft:golden_apple":2},"minecraft:custom":{"minecraft:jump":44,"minecraft:time_since_rest":5676,"minecraft:damage_dealt":8,"minecraft:crouch_one_cm":1808,"minecraft:play_one_minute":7457,"minecraft:damage_absorbed":10,"minecraft:sprint_one_cm":1611,"minecraft:damage_taken":106,"minecraft:time_since_death":7457,"minecraft:walk_one_cm":29477,"minecraft:sleep_in_bed":1,"minecraft:sneak_time":764,"minecraft:fall_one_cm":211,"minecraft:fly_one_cm":6543},"minecraft:picked_up":{"minecraft:leather_boots":1,"minecraft:leather_leggings":1}},"DataVersion":2586}