{"stats":{"minecraft:used":{"minecraft:golden_apple":2},"minecraft:dropped":{"minecraft:leather_leggings":1,"minecraft:leather_boots":1},"minecraft:custom":{"minecraft:jump":184,"minecraft:time_since_rest":7330,"minecraft:damage_dealt":18,"minecraft:crouch_one_cm":1808,"minecraft:play_one_minute":19457,"minecraft:damage_absorbed":10,"minecraft:sprint_one_cm":2903,"minecraft:damage_taken":179,"minecraft:time_since_death":19457,"minecraft:walk_one_cm":75230,"minecraft:sleep_in_bed":2,"minecraft:sneak_time":767,"minecraft:drop":2,"minecraft:fall_one_cm":420,"minecraft:fly_one_cm":18773},"minecraft:picked_up":{"minecraft:leather_boots":1,"minecraft:leather_leggings":1}},"DataVersion":2586}