{"stats":{"minecraft:used":{"minecraft:golden_apple":5,"framedblocks:framed_slope":3},"minecraft:custom":{"minecraft:time_since_rest":13600,"minecraft:play_one_minute":47107,"minecraft:crouch_one_cm":2678,"minecraft:sprint_one_cm":170822,"minecraft:damage_taken":560,"minecraft:damage_absorbed":43,"minecraft:walk_one_cm":97338,"minecraft:sneak_time":564,"minecraft:walk_under_water_one_cm":389,"minecraft:drop":15,"minecraft:jump":1032,"minecraft:damage_dealt":647,"minecraft:leave_game":1,"minecraft:time_since_death":47107,"minecraft:walk_on_water_one_cm":772,"minecraft:sleep_in_bed":7,"minecraft:fall_one_cm":5775,"minecraft:fly_one_cm":192005},"minecraft:dropped":{"minecraft:leather_leggings":1,"minecraft:leather_chestplate":1,"minecraft:wheat_seeds":2,"minecraft:golden_apple":63,"minecraft:leather_boots":1},"minecraft:mined":{"framedblocks:framed_slope":4,"minecraft:oak_leaves":1,"minecraft:grass":1,"minecraft:oak_log":2},"minecraft:picked_up":{"minecraft:cooked_salmon":15,"minecraft:leather_chestplate":1,"minecraft:leather_boots":1,"minecraft:iron_trapdoor":4,"framedblocks:framed_slope":3,"minecraft:leather_leggings":1,"minecraft:wheat_seeds":2,"minecraft:iron_block":3,"minecraft:oak_log":2}},"DataVersion":2586}