{"stats":{"minecraft:used":{"minecraft:golden_apple":8,"framedblocks:framed_slope":3},"minecraft:custom":{"minecraft:time_since_rest":25600,"minecraft:play_one_minute":59107,"minecraft:crouch_one_cm":2679,"minecraft:sprint_one_cm":205545,"minecraft:damage_taken":797,"minecraft:damage_absorbed":160,"minecraft:walk_one_cm":126827,"minecraft:sneak_time":598,"minecraft:walk_under_water_one_cm":389,"minecraft:drop":20,"minecraft:jump":1240,"minecraft:damage_dealt":699,"minecraft:leave_game":1,"minecraft:time_since_death":59107,"minecraft:walk_on_water_one_cm":772,"minecraft:sleep_in_bed":7,"minecraft:chair_used":6,"minecraft:player_kills":1,"minecraft:fall_one_cm":6599,"minecraft:fly_one_cm":249385},"minecraft:dropped":{"minecraft:leather_leggings":2,"minecraft:leather_chestplate":2,"minecraft:wheat_seeds":2,"minecraft:black_concrete":15,"minecraft:golden_apple":63,"minecraft:leather_boots":1,"minecraft:enchanted_golden_apple":5},"minecraft:mined":{"framedblocks:framed_slope":4,"minecraft:oak_leaves":5,"minecraft:grass":1,"minecraft:oak_log":2},"minecraft:picked_up":{"minecraft:cooked_salmon":15,"minecraft:leather_chestplate":2,"minecraft:leather_boots":1,"minecraft:iron_trapdoor":4,"framedblocks:framed_slope":3,"minecraft:leather_leggings":2,"minecraft:black_concrete":15,"minecraft:wheat_seeds":2,"minecraft:iron_block":3,"minecraft:golden_apple":1,"minecraft:oak_log":2,"pfm:furniture_book":1,"minecraft:enchanted_golden_apple":7}},"DataVersion":2586}