{"stats":{"minecraft:used":{"minecraft:golden_apple":1,"framedblocks:framed_slope":3},"minecraft:custom":{"minecraft:time_since_rest":19355,"minecraft:play_one_minute":22774,"minecraft:crouch_one_cm":1262,"minecraft:sprint_one_cm":46808,"minecraft:damage_taken":212,"minecraft:walk_one_cm":30125,"minecraft:sneak_time":213,"minecraft:drop":13,"minecraft:jump":396,"minecraft:damage_dealt":424,"minecraft:time_since_death":22774,"minecraft:sleep_in_bed":2,"minecraft:fall_one_cm":209,"minecraft:fly_one_cm":82664},"minecraft:dropped":{"minecraft:leather_leggings":1,"minecraft:leather_chestplate":1,"minecraft:golden_apple":63,"minecraft:leather_boots":1},"minecraft:mined":{"framedblocks:framed_slope":4},"minecraft:picked_up":{"minecraft:cooked_salmon":15,"minecraft:leather_boots":1,"minecraft:leather_chestplate":1,"framedblocks:framed_slope":3,"minecraft:leather_leggings":1,"minecraft:iron_block":3}},"DataVersion":2586}