{"stats":{"minecraft:killed_by":{"minecraft:player":1},"minecraft:broken":{"minecraft:leather_boots":1},"minecraft:used":{"framedblocks:framed_slope":3,"minecraft:golden_apple":8},"minecraft:dropped":{"minecraft:leather_chestplate":2,"minecraft:wheat_seeds":2,"minecraft:leather_boots":1,"minecraft:leather_leggings":2,"minecraft:enchanted_golden_apple":5,"minecraft:black_concrete":15,"minecraft:golden_apple":63},"minecraft:custom":{"minecraft:time_since_rest":9382,"minecraft:sprint_one_cm":205545,"minecraft:walk_one_cm":126827,"minecraft:damage_taken":1155,"minecraft:damage_absorbed":160,"minecraft:drop":20,"minecraft:damage_dealt":699,"minecraft:chair_used":6,"minecraft:fly_one_cm":383379,"minecraft:player_kills":1,"minecraft:crouch_one_cm":2679,"minecraft:play_one_minute":71107,"minecraft:deaths":1,"minecraft:sneak_time":976,"minecraft:walk_under_water_one_cm":389,"minecraft:jump":1240,"minecraft:leave_game":1,"minecraft:walk_on_water_one_cm":772,"minecraft:time_since_death":9352,"minecraft:sleep_in_bed":7,"minecraft:fall_one_cm":6599},"minecraft:picked_up":{"minecraft:leather_chestplate":2,"minecraft:iron_trapdoor":4,"minecraft:leather_leggings":2,"minecraft:oak_log":2,"minecraft:cooked_salmon":15,"minecraft:leather_boots":1,"framedblocks:framed_slope":3,"minecraft:black_concrete":15,"minecraft:wheat_seeds":2,"minecraft:iron_block":3,"minecraft:golden_apple":1,"pfm:furniture_book":1,"minecraft:enchanted_golden_apple":7},"minecraft:mined":{"framedblocks:framed_slope":4,"minecraft:grass":1,"minecraft:oak_log":2,"minecraft:oak_leaves":5}},"DataVersion":2586}