{"stats":{"minecraft:used":{"minecraft:golden_apple":1},"minecraft:dropped":{"minecraft:golden_apple":63},"minecraft:custom":{"minecraft:jump":73,"minecraft:time_since_rest":7355,"minecraft:damage_dealt":201,"minecraft:crouch_one_cm":948,"minecraft:play_one_minute":10774,"minecraft:damage_taken":117,"minecraft:sprint_one_cm":16157,"minecraft:time_since_death":10774,"minecraft:walk_one_cm":11251,"minecraft:sleep_in_bed":2,"minecraft:sneak_time":143,"minecraft:drop":10,"minecraft:fly_one_cm":18070},"minecraft:picked_up":{"minecraft:cooked_salmon":15}},"DataVersion":2586}