{"stats":{"minecraft:used":{"minecraft:golden_apple":2,"framedblocks:framed_slope":3},"minecraft:dropped":{"minecraft:leather_leggings":1,"minecraft:leather_chestplate":1,"minecraft:golden_apple":63,"minecraft:leather_boots":1},"minecraft:custom":{"minecraft:damage_absorbed":3,"minecraft:time_since_rest":1267,"minecraft:play_one_minute":34774,"minecraft:crouch_one_cm":2678,"minecraft:sprint_one_cm":86312,"minecraft:damage_taken":360,"minecraft:walk_one_cm":59023,"minecraft:sneak_time":563,"minecraft:drop":13,"minecraft:jump":684,"minecraft:damage_dealt":637,"minecraft:time_since_death":34774,"minecraft:sleep_in_bed":7,"minecraft:fall_one_cm":418,"minecraft:fly_one_cm":140484},"minecraft:mined":{"framedblocks:framed_slope":4},"minecraft:picked_up":{"minecraft:cooked_salmon":15,"minecraft:leather_boots":1,"minecraft:leather_chestplate":1,"minecraft:iron_trapdoor":4,"framedblocks:framed_slope":3,"minecraft:leather_leggings":1,"minecraft:iron_block":3}},"DataVersion":2586}