{
  "__COMMENT1": "To apply this configuration to all newly generated worlds",
  "__COMMENT2": "please place this configuration file into your config directory",
  "__COMMENT3": "with the following name: cpm-server-default.json",
  "player_scaling": {
    "7ab57868-a897-392c-87f4-93522e50ed6e": {},
    "1328c359-cddb-33f1-b554-2a8d5b031859": {},
    "d0a353a6-c282-33ac-bfb3-66ea56ce3923": {
      "scale": 1.0,
      "eyeHeight": 1.0,
      "hitboxW": 1.0,
      "hitboxH": 1.0,
      "thirdPerson": 1.0,
      "viewBonning": 1.0,
      "motion": 1.0,
      "stepHeight": 1.0,
      "flight": 1.0,
      "fdmg": 1.0,
      "reach": 1.0,
      "msp": 1.0,
      "asp": 1.0,
      "akb": 1.0,
      "attack": 1.0,
      "defense": 1.0,
      "health": 1.0,
      "mob_vis": 1.0,
      "width": 1.0,
      "height": 1.0,
      "jump_height": 1.0,
      "proj_dmg": 1.0,
      "exp_dmg": 1.0,
      "kbr": 1.0
    },
    "d79c996f-bc67-349b-a4c0-050ef6afe4f3": {},
    "cc02d22e-5cc3-3a27-a290-42f77a4498d1": {
      "flight": 1.0,
      "mob_vis": 1.0,
      "motion": 1.0,
      "reach": 1.0,
      "scale": 1.0,
      "health": 1.0,
      "jump_height": 1.0,
      "proj_dmg": 1.0,
      "msp": 1.0,
      "viewBonning": 1.0,
      "exp_dmg": 1.0,
      "hitboxH": 1.0,
      "defense": 1.0,
      "attack": 1.0,
      "fdmg": 1.0,
      "eyeHeight": 1.0,
      "width": 1.0,
      "akb": 1.0,
      "hitboxW": 1.0,
      "thirdPerson": 1.0,
      "kbr": 1.0,
      "stepHeight": 1.0,
      "asp": 1.0,
      "height": 1.0
    },
    "e9a4ac05-439a-3095-8d11-85b4df68457f": {},
    "8b6898a3-2b07-3e1f-90d1-8e26e8e800b3": {},
    "d573ded0-7b08-3f65-adcc-6052bcfb3918": {},
    "b6aa7566-6b0b-3b5f-9155-f025ca782350": {},
    "c4cd75cd-6c43-3beb-b355-b92cbca5e5c8": {},
    "0dff9a5b-2e76-3dfa-984f-664b62464c3c": {},
    "6622ebee-ba18-3ed8-bcc1-75bb5eaccffc": {},
    "4209aee2-fb7a-3e5c-8886-a0902d0564e3": {},
    "d95976a3-0fc3-3f8e-8bcc-9e82ebe7e110": {},
    "2d9fd94b-fa79-3cba-9808-1011b0b86778": {
      "flight": 1.0,
      "mob_vis": 1.0,
      "motion": 1.0,
      "reach": 1.0,
      "scale": 1.0,
      "health": 1.0,
      "jump_height": 1.0,
      "proj_dmg": 1.0,
      "msp": 1.0,
      "viewBonning": 1.0,
      "exp_dmg": 1.0,
      "hitboxH": 1.0,
      "defense": 1.0,
      "attack": 1.0,
      "fdmg": 1.0,
      "eyeHeight": 1.0,
      "width": 1.0,
      "akb": 1.0,
      "hitboxW": 1.0,
      "thirdPerson": 1.0,
      "kbr": 1.0,
      "stepHeight": 1.0,
      "asp": 1.0,
      "height": 1.0
    },
    "446ecd9e-c418-3505-a8a9-a9c927d5f4bc": {},
    "da7ff70c-f2d5-3fe4-a888-035df0f63ebb": {},
    "ccda039a-0fff-39aa-a71e-42f27462549a": {},
    "04dd0c35-9aec-3867-bf9c-c5a65e836403": {},
    "a76e4726-137b-3846-b710-11bb01a0f7e4": {},
    "31e2b496-c833-3439-bd9e-a4bc97591807": {},
    "ddd87a95-eb4b-37e6-8acf-23e705f67318": {},
    "ff8bf7e9-8b05-3dd0-8b43-0345793a8920": {},
    "034ee385-a0a9-31e8-8184-f6eaa89fbe3f": {},
    "fa6a5111-12a5-36ce-b7b9-aa58adc92289": {},
    "f76fc182-3581-32b1-8f33-153201e26038": {},
    "6c88d03d-ea0b-3e19-801b-1c469851db98": {},
    "ea12b558-d463-3fa1-b95d-3015dbe73800": {},
    "4aa30cc6-d636-3372-8438-d04cb3ae7714": {},
    "14865c9c-1d1c-3384-af6f-aca8d174522b": {},
    "2330f091-9a9b-3358-b6e5-f1d15dd16efd": {
      "flight": 1.0,
      "mob_vis": 1.0,
      "motion": 1.0,
      "reach": 1.0,
      "scale": 1.0,
      "health": 1.0,
      "jump_height": 1.0,
      "proj_dmg": 1.0,
      "msp": 1.0,
      "viewBonning": 1.0,
      "exp_dmg": 1.0,
      "hitboxH": 1.0,
      "defense": 1.0,
      "attack": 1.0,
      "fdmg": 1.0,
      "eyeHeight": 1.0,
      "width": 1.0,
      "akb": 1.0,
      "hitboxW": 1.0,
      "thirdPerson": 1.0,
      "kbr": 1.0,
      "stepHeight": 1.0,
      "asp": 1.0,
      "height": 1.0
    },
    "94b59423-9d84-35fa-922c-cd5ae5d73c78": {}
  },
  "skins": {},
  "player_scaling_settings": {},
  "scaling_settings": {
    "projectile_dmg": {},
    "mining_speed": {},
    "motion": {},
    "third_person": {},
    "hitbox_width": {},
    "eye_height": {},
    "mob_visibility": {},
    "flight_speed": {},
    "knockback_resist": {},
    "reach": {},
    "health": {},
    "jump_height": {},
    "attack_speed": {},
    "explosion_dmg": {},
    "view_bobbing": {},
    "defense": {},
    "attack_knockback": {},
    "step_height": {},
    "width": {},
    "hitbox_height": {},
    "attack_dmg": {},
    "fall_damage": {},
    "entity": {},
    "height": {}
  }
}