{
  "minecraft:husbandry/balanced_diet": {
    "criteria": {
      "apple": "2024-11-16 00:20:54 +0000",
      "golden_apple": "2024-11-16 00:19:19 +0000"
    },
    "done": false
  },
  "pfm:grant_book_on_first_join": {
    "criteria": {
      "tick": "2024-11-16 00:16:03 +0000"
    },
    "done": true
  },
  "minecraft:husbandry/root": {
    "criteria": {
      "consumed_item": "2024-11-16 00:19:19 +0000"
    },
    "done": true
  },
  "minecraft:adventure/adventuring_time": {
    "criteria": {
      "minecraft:taiga": "2024-11-16 00:19:41 +0000",
      "minecraft:beach": "2024-11-16 00:16:57 +0000",
      "minecraft:river": "2024-11-16 00:16:58 +0000",
      "minecraft:wooded_hills": "2024-11-16 00:17:54 +0000",
      "minecraft:plains": "2024-11-16 00:16:03 +0000"
    },
    "done": false
  },
  "DataVersion": 2586
}