{
  "minecraft:adventure/sleep_in_bed": {
    "criteria": {
      "slept_in_bed": "2024-11-16 00:00:32 +0000"
    },
    "done": true
  },
  "pfm:grant_book_on_first_join": {
    "criteria": {
      "tick": "2024-11-15 23:57:40 +0000"
    },
    "done": true
  },
  "minecraft:husbandry/root": {
    "criteria": {
      "consumed_item": "2024-11-16 00:08:55 +0000"
    },
    "done": true
  },
  "minecraft:recipes/transportation/dark_oak_boat": {
    "criteria": {
      "in_water": "2024-11-16 00:16:38 +0000"
    },
    "done": true
  },
  "minecraft:recipes/transportation/birch_boat": {
    "criteria": {
      "in_water": "2024-11-16 00:16:38 +0000"
    },
    "done": true
  },
  "minecraft:recipes/decorations/chest": {
    "criteria": {
      "has_lots_of_items": "2024-11-16 01:14:00 +0000"
    },
    "done": true
  },
  "minecraft:recipes/misc/gold_nugget_from_smelting": {
    "criteria": {
      "has_golden_chestplate": "2024-11-16 01:08:22 +0000"
    },
    "done": true
  },
  "minecraft:story/root": {
    "criteria": {
      "crafting_table": "2024-11-16 01:18:08 +0000"
    },
    "done": true
  },
  "minecraft:recipes/transportation/acacia_boat": {
    "criteria": {
      "in_water": "2024-11-16 00:16:38 +0000"
    },
    "done": true
  },
  "minecraft:recipes/transportation/oak_boat": {
    "criteria": {
      "in_water": "2024-11-16 00:16:38 +0000"
    },
    "done": true
  },
  "minecraft:husbandry/balanced_diet": {
    "criteria": {
      "cooked_porkchop": "2024-11-16 00:43:33 +0000",
      "cooked_beef": "2024-11-16 01:16:42 +0000",
      "golden_apple": "2024-11-16 00:08:55 +0000",
      "cookie": "2024-11-16 01:34:25 +0000",
      "cooked_chicken": "2024-11-16 01:14:05 +0000",
      "enchanted_golden_apple": "2024-11-16 00:28:41 +0000"
    },
    "done": false
  },
  "minecraft:recipes/misc/mojang_banner_pattern": {
    "criteria": {
      "has_enchanted_golden_apple": "2024-11-16 00:28:38 +0000"
    },
    "done": true
  },
  "minecraft:adventure/root": {
    "criteria": {
      "killed_by_something": "2024-11-15 23:58:00 +0000"
    },
    "done": true
  },
  "minecraft:recipes/transportation/jungle_boat": {
    "criteria": {
      "in_water": "2024-11-16 00:16:38 +0000"
    },
    "done": true
  },
  "minecraft:recipes/transportation/spruce_boat": {
    "criteria": {
      "in_water": "2024-11-16 00:16:38 +0000"
    },
    "done": true
  },
  "pfm:recipes/pfm.furniture/xbox_fridge": {
    "criteria": {
      "has_black_concrete": "2024-11-16 01:17:20 +0000"
    },
    "done": true
  },
  "minecraft:recipes/misc/gold_nugget_from_blasting": {
    "criteria": {
      "has_golden_chestplate": "2024-11-16 01:08:22 +0000"
    },
    "done": true
  },
  "minecraft:adventure/adventuring_time": {
    "criteria": {
      "minecraft:taiga": "2024-11-16 00:17:24 +0000",
      "minecraft:taiga_hills": "2024-11-16 00:31:10 +0000",
      "minecraft:warm_ocean": "2024-11-16 01:31:07 +0000",
      "minecraft:deep_lukewarm_ocean": "2024-11-16 00:34:52 +0000",
      "minecraft:beach": "2024-11-16 00:15:49 +0000",
      "minecraft:river": "2024-11-16 00:15:51 +0000",
      "minecraft:lukewarm_ocean": "2024-11-16 00:39:52 +0000",
      "minecraft:wooded_hills": "2024-11-16 00:16:11 +0000",
      "minecraft:stone_shore": "2024-11-16 01:32:14 +0000",
      "minecraft:plains": "2024-11-15 23:57:40 +0000"
    },
    "done": false
  },
  "DataVersion": 2586
}