{
  "securitycraft:recipes/securitycraft/reinforced_purple_stained_glass_pane_from_dye": {
    "criteria": {
      "has_glass": "2024-11-13 20:46:36 +0000"
    },
    "done": true
  },
  "minecraft:recipes/tools/wooden_axe": {
    "criteria": {
      "has_stick": "2024-11-09 01:36:07 +0000"
    },
    "done": true
  },
  "securitycraft:recipes/securitycraft/reinforced_cyan_stained_glass": {
    "criteria": {
      "has_glass": "2024-11-13 20:46:36 +0000"
    },
    "done": true
  },
  "pfm:recipes/pfm.furniture/white_mirror": {
    "criteria": {
      "has_white_concrete": "2024-11-13 20:46:34 +0000"
    },
    "done": true
  },
  "pfm:recipes/pfm.furniture/white_modern_pendant": {
    "criteria": {
      "has_white_concrete": "2024-11-13 20:46:34 +0000"
    },
    "done": true
  },
  "securitycraft:recipes/securitycraft/reinforced_green_stained_glass_pane_from_dye": {
    "criteria": {
      "has_glass": "2024-11-13 20:46:36 +0000"
    },
    "done": true
  },
  "minecraft:recipes/building_blocks/chiseled_stone_bricks": {
    "criteria": {
      "has_stone_bricks": "2024-11-09 00:47:28 +0000"
    },
    "done": true
  },
  "minecraft:recipes/building_blocks/stone_brick_slab_from_stone_bricks_stonecutting": {
    "criteria": {
      "has_stone_bricks": "2024-11-09 00:47:28 +0000"
    },
    "done": true
  },
  "minecraft:recipes/decorations/stone_brick_wall_from_stone_bricks_stonecutting": {
    "criteria": {
      "has_stone_bricks": "2024-11-09 00:47:28 +0000"
    },
    "done": true
  },
  "pfm:recipes/pfm.furniture/smooth_stone_kitchen_drawer": {
    "criteria": {
      "has_planks": "2024-11-13 20:46:34 +0000"
    },
    "done": true
  },
  "minecraft:recipes/decorations/campfire": {
    "criteria": {
      "has_stick": "2024-11-09 01:36:07 +0000"
    },
    "done": true
  },
  "minecraft:recipes/building_blocks/chiseled_stone_bricks_from_stone_bricks_stonecutting": {
    "criteria": {
      "has_stone_bricks": "2024-11-09 00:47:28 +0000"
    },
    "done": true
  },
  "securitycraft:recipes/securitycraft/reinforced_green_stained_glass": {
    "criteria": {
      "has_glass": "2024-11-13 20:46:36 +0000"
    },
    "done": true
  },
  "securitycraft:recipes/securitycraft/reinforced_red_stained_glass_pane_from_dye": {
    "criteria": {
      "has_glass": "2024-11-13 20:46:36 +0000"
    },
    "done": true
  },
  "minecraft:recipes/decorations/ladder": {
    "criteria": {
      "has_stick": "2024-11-09 01:36:07 +0000"
    },
    "done": true
  },
  "securitycraft:recipes/securitycraft/reinforced_light_blue_stained_glass_pane_from_dye": {
    "criteria": {
      "has_glass": "2024-11-13 20:46:36 +0000"
    },
    "done": true
  },
  "minecraft:recipes/decorations/chest": {
    "criteria": {
      "has_lots_of_items": "2024-11-09 01:17:36 +0000"
    },
    "done": true
  },
  "securitycraft:recipes/securitycraft/reinforced_glass_pane": {
    "criteria": {
      "has_glass": "2024-11-13 20:46:36 +0000"
    },
    "done": true
  },
  "securitycraft:recipes/securitycraft/reinforced_red_stained_glass_pane_from_glass": {
    "criteria": {
      "has_glass": "2024-11-13 20:46:36 +0000"
    },
    "done": true
  },
  "minecraft:recipes/decorations/painting": {
    "criteria": {
      "has_wool": "2024-11-15 01:14:42 +0000"
    },
    "done": true
  },
  "pfm:recipes/pfm.furniture/basic_plate": {
    "criteria": {
      "has_white_concrete": "2024-11-13 20:46:34 +0000"
    },
    "done": true
  },
  "securitycraft:recipes/securitycraft/reinforced_brown_stained_glass_pane_from_glass": {
    "criteria": {
      "has_glass": "2024-11-13 20:46:36 +0000"
    },
    "done": true
  },
  "framedblocks:recipes/framed_blocks/framed_double_corner": {
    "criteria": {
      "hasFramedCorner": "2024-11-14 18:40:13 +0000"
    },
    "done": true
  },
  "minecraft:recipes/tools/wooden_shovel": {
    "criteria": {
      "has_stick": "2024-11-09 01:36:07 +0000"
    },
    "done": true
  },
  "securitycraft:recipes/securitycraft/reinforced_black_stained_glass_pane_from_dye": {
    "criteria": {
      "has_glass": "2024-11-13 20:46:36 +0000"
    },
    "done": true
  },
  "securitycraft:recipes/securitycraft/reinforced_black_stained_glass_pane_from_glass": {
    "criteria": {
      "has_glass": "2024-11-13 20:46:36 +0000"
    },
    "done": true
  },
  "minecraft:recipes/decorations/blue_glazed_terracotta": {
    "criteria": {
      "has_blue_terracotta": "2024-11-09 01:16:00 +0000"
    },
    "done": true
  },
  "securitycraft:recipes/securitycraft/reinforced_orange_stained_glass": {
    "criteria": {
      "has_glass": "2024-11-13 20:46:36 +0000"
    },
    "done": true
  },
  "cgm:recipes/cgm/advanced_bullet": {
    "criteria": {
      "has_gunpowder": "2024-11-13 20:44:10 +0000"
    },
    "done": true
  },
  "securitycraft:recipes/securitycraft/reinforced_orange_stained_glass_pane_from_glass": {
    "criteria": {
      "has_glass": "2024-11-13 20:46:36 +0000"
    },
    "done": true
  },
  "minecraft:recipes/decorations/black_carpet": {
    "criteria": {
      "has_black_wool": "2024-11-15 01:14:42 +0000"
    },
    "done": true
  },
  "pfm:recipes/pfm.furniture/white_fridge": {
    "criteria": {
      "has_white_concrete": "2024-11-13 20:46:34 +0000"
    },
    "done": true
  },
  "securitycraft:recipes/securitycraft/reinforced_yellow_stained_glass_pane_from_dye": {
    "criteria": {
      "has_glass": "2024-11-13 20:46:36 +0000"
    },
    "done": true
  },
  "minecraft:recipes/transportation/spruce_boat": {
    "criteria": {
      "in_water": "2024-11-13 20:47:42 +0000"
    },
    "done": true
  },
  "securitycraft:recipes/securitycraft/reinforced_light_blue_stained_glass": {
    "criteria": {
      "has_glass": "2024-11-13 20:46:36 +0000"
    },
    "done": true
  },
  "minecraft:recipes/building_blocks/cracked_stone_bricks": {
    "criteria": {
      "has_stone_bricks": "2024-11-09 00:47:28 +0000"
    },
    "done": true
  },
  "pfm:recipes/pfm.furniture/smooth_stone_kitchen_sink": {
    "criteria": {
      "has_planks": "2024-11-13 20:46:34 +0000"
    },
    "done": true
  },
  "framedblocks:recipes/framed_blocks/framed_sloped_prism": {
    "criteria": {
      "hasFramedCorner": "2024-11-14 18:40:13 +0000"
    },
    "done": true
  },
  "pfm:recipes/pfm.furniture/oak_chair_classic_black": {
    "criteria": {
      "oak_chair_classic_black": "2024-11-15 01:14:42 +0000"
    },
    "done": true
  },
  "minecraft:recipes/combat/wooden_sword": {
    "criteria": {
      "has_stick": "2024-11-09 01:36:07 +0000"
    },
    "done": true
  },
  "minecraft:recipes/redstone/dispenser": {
    "criteria": {
      "has_bow": "2024-11-09 01:18:06 +0000"
    },
    "done": true
  },
  "securitycraft:recipes/securitycraft/reinforced_blue_stained_glass_pane_from_dye": {
    "criteria": {
      "has_glass": "2024-11-13 20:46:36 +0000"
    },
    "done": true
  },
  "pfm:recipes/pfm.furniture/concrete_kitchen_drawer": {
    "criteria": {
      "has_planks": "2024-11-13 20:46:34 +0000"
    },
    "done": true
  },
  "minecraft:recipes/tools/wooden_hoe": {
    "criteria": {
      "has_stick": "2024-11-09 01:36:07 +0000"
    },
    "done": true
  },
  "cgm:recipes/cgm/basic_bullet": {
    "criteria": {
      "has_gunpowder": "2024-11-13 20:44:10 +0000"
    },
    "done": true
  },
  "securitycraft:recipes/securitycraft/reinforced_light_gray_stained_glass": {
    "criteria": {
      "has_glass": "2024-11-13 20:46:36 +0000"
    },
    "done": true
  },
  "minecraft:recipes/decorations/black_banner": {
    "criteria": {
      "has_black_wool": "2024-11-15 01:14:42 +0000"
    },
    "done": true
  },
  "securitycraft:recipes/securitycraft/reinforced_black_stained_glass": {
    "criteria": {
      "has_glass": "2024-11-13 20:46:36 +0000"
    },
    "done": true
  },
  "pfm:recipes/pfm.furniture/smooth_stone_kitchen_counter_oven": {
    "criteria": {
      "has_planks": "2024-11-13 20:46:34 +0000"
    },
    "done": true
  },
  "minecraft:recipes/misc/bone_meal": {
    "criteria": {
      "has_bone": "2024-11-09 01:16:35 +0000"
    },
    "done": true
  },
  "securitycraft:recipes/securitycraft/reinforced_white_stained_glass_pane_from_glass": {
    "criteria": {
      "has_glass": "2024-11-13 20:46:36 +0000"
    },
    "done": true
  },
  "minecraft:recipes/building_blocks/stone_brick_stairs_from_stone_bricks_stonecutting": {
    "criteria": {
      "has_stone_bricks": "2024-11-09 00:47:28 +0000"
    },
    "done": true
  },
  "securitycraft:recipes/securitycraft/reinforced_light_blue_stained_glass_pane_from_glass": {
    "criteria": {
      "has_glass": "2024-11-13 20:46:36 +0000"
    },
    "done": true
  },
  "pfm:recipes/pfm.furniture/white_freezer": {
    "criteria": {
      "has_white_concrete": "2024-11-13 20:46:34 +0000"
    },
    "done": true
  },
  "pfm:recipes/pfm.furniture/white_stove": {
    "criteria": {
      "has_white_concrete": "2024-11-13 20:46:34 +0000"
    },
    "done": true
  },
  "securitycraft:recipes/securitycraft/reinforced_red_stained_glass": {
    "criteria": {
      "has_glass": "2024-11-13 20:46:36 +0000"
    },
    "done": true
  },
  "pfm:recipes/pfm.furniture/concrete_kitchen_wall_small_drawer": {
    "criteria": {
      "has_planks": "2024-11-13 20:46:34 +0000"
    },
    "done": true
  },
  "minecraft:recipes/combat/crossbow": {
    "criteria": {
      "has_stick": "2024-11-09 01:36:07 +0000"
    },
    "done": true
  },
  "cgm:recipes/cgm/shell": {
    "criteria": {
      "has_gunpowder": "2024-11-13 20:44:10 +0000"
    },
    "done": true
  },
  "securitycraft:recipes/securitycraft/reinforced_lime_stained_glass": {
    "criteria": {
      "has_glass": "2024-11-13 20:46:36 +0000"
    },
    "done": true
  },
  "pfm:recipes/pfm.furniture/white_modern_stool": {
    "criteria": {
      "has_planks": "2024-11-13 20:46:34 +0000"
    },
    "done": true
  },
  "securitycraft:recipes/securitycraft/reinforced_blue_stained_glass_pane_from_glass": {
    "criteria": {
      "has_glass": "2024-11-13 20:46:36 +0000"
    },
    "done": true
  },
  "securitycraft:recipes/securitycraft/reinforced_blue_stained_glass": {
    "criteria": {
      "has_glass": "2024-11-13 20:46:36 +0000"
    },
    "done": true
  },
  "minecraft:recipes/redstone/tnt": {
    "criteria": {
      "has_gunpowder": "2024-11-09 01:16:15 +0000"
    },
    "done": true
  },
  "pfm:grant_book_on_first_join": {
    "criteria": {
      "tick": "2024-11-09 00:01:06 +0000"
    },
    "done": true
  },
  "securitycraft:recipes/securitycraft/reinforced_light_gray_stained_glass_pane_from_dye": {
    "criteria": {
      "has_glass": "2024-11-13 20:46:36 +0000"
    },
    "done": true
  },
  "securitycraft:recipes/securitycraft/reinforced_brown_stained_glass": {
    "criteria": {
      "has_glass": "2024-11-13 20:46:36 +0000"
    },
    "done": true
  },
  "minecraft:adventure/kill_a_mob": {
    "criteria": {
      "minecraft:creeper": "2024-11-09 01:16:15 +0000"
    },
    "done": true
  },
  "securitycraft:recipes/securitycraft/reinforced_white_stained_glass_pane_from_dye": {
    "criteria": {
      "has_glass": "2024-11-13 20:46:36 +0000"
    },
    "done": true
  },
  "cgm:recipes/cgm/grenade": {
    "criteria": {
      "has_gunpowder": "2024-11-13 20:44:10 +0000"
    },
    "done": true
  },
  "securitycraft:recipes/securitycraft/reinforced_orange_stained_glass_pane_from_dye": {
    "criteria": {
      "has_glass": "2024-11-13 20:46:36 +0000"
    },
    "done": true
  },
  "securitycraft:recipes/securitycraft/reinforced_magenta_stained_glass": {
    "criteria": {
      "has_glass": "2024-11-13 20:46:36 +0000"
    },
    "done": true
  },
  "pfm:recipes/pfm.furniture/concrete_kitchen_wall_counter": {
    "criteria": {
      "has_planks": "2024-11-13 20:46:34 +0000"
    },
    "done": true
  },
  "securitycraft:recipes/securitycraft/reinforced_green_stained_glass_pane_from_glass": {
    "criteria": {
      "has_glass": "2024-11-13 20:46:36 +0000"
    },
    "done": true
  },
  "pfm:recipes/pfm.furniture/concrete_kitchen_counter": {
    "criteria": {
      "has_planks": "2024-11-13 20:46:34 +0000"
    },
    "done": true
  },
  "securitycraft:recipes/securitycraft/reinforced_pink_stained_glass": {
    "criteria": {
      "has_glass": "2024-11-13 20:46:36 +0000"
    },
    "done": true
  },
  "cgm:recipes/cgm/missile": {
    "criteria": {
      "has_gunpowder": "2024-11-13 20:44:10 +0000"
    },
    "done": true
  },
  "minecraft:adventure/adventuring_time": {
    "criteria": {
      "minecraft:deep_lukewarm_ocean": "2024-11-09 22:24:01 +0000",
      "minecraft:beach": "2024-11-09 01:36:50 +0000",
      "minecraft:river": "2024-11-09 04:02:38 +0000",
      "minecraft:lukewarm_ocean": "2024-11-09 04:02:42 +0000",
      "minecraft:wooded_hills": "2024-11-09 22:24:17 +0000",
      "minecraft:plains": "2024-11-09 00:01:07 +0000"
    },
    "done": false
  },
  "securitycraft:recipes/securitycraft/reinforced_gray_stained_glass_pane_from_glass": {
    "criteria": {
      "has_glass": "2024-11-13 20:46:36 +0000"
    },
    "done": true
  },
  "securitycraft:recipes/securitycraft/reinforced_purple_stained_glass": {
    "criteria": {
      "has_glass": "2024-11-13 20:46:36 +0000"
    },
    "done": true
  },
  "minecraft:recipes/tools/wooden_pickaxe": {
    "criteria": {
      "has_stick": "2024-11-09 01:36:07 +0000"
    },
    "done": true
  },
  "pfm:recipes/pfm.furniture/black_shower_towel": {
    "criteria": {
      "has_black_wool": "2024-11-15 01:14:42 +0000"
    },
    "done": true
  },
  "securitycraft:recipes/securitycraft/reinforced_gray_stained_glass_pane_from_dye": {
    "criteria": {
      "has_glass": "2024-11-13 20:46:36 +0000"
    },
    "done": true
  },
  "minecraft:recipes/building_blocks/stone_brick_slab": {
    "criteria": {
      "has_stone_bricks": "2024-11-09 00:47:28 +0000"
    },
    "done": true
  },
  "minecraft:recipes/transportation/birch_boat": {
    "criteria": {
      "in_water": "2024-11-13 20:47:42 +0000"
    },
    "done": true
  },
  "securitycraft:recipes/securitycraft/reinforced_purple_stained_glass_pane_from_glass": {
    "criteria": {
      "has_glass": "2024-11-13 20:46:36 +0000"
    },
    "done": true
  },
  "securitycraft:recipes/securitycraft/sonic_security_system": {
    "criteria": {
      "has_stick": "2024-11-09 01:36:07 +0000"
    },
    "done": true
  },
  "securitycraft:recipes/securitycraft/reinforced_brown_stained_glass_pane_from_dye": {
    "criteria": {
      "has_glass": "2024-11-13 20:46:36 +0000"
    },
    "done": true
  },
  "minecraft:recipes/transportation/acacia_boat": {
    "criteria": {
      "in_water": "2024-11-13 20:47:42 +0000"
    },
    "done": true
  },
  "securitycraft:recipes/securitycraft/reinforced_pink_stained_glass_pane_from_dye": {
    "criteria": {
      "has_glass": "2024-11-13 20:46:36 +0000"
    },
    "done": true
  },
  "pfm:recipes/pfm.furniture/smooth_stone_kitchen_counter": {
    "criteria": {
      "has_planks": "2024-11-13 20:46:34 +0000"
    },
    "done": true
  },
  "minecraft:adventure/root": {
    "criteria": {
      "killed_by_something": "2024-11-09 00:22:57 +0000"
    },
    "done": true
  },
  "pfm:recipes/pfm.furniture/smooth_stone_kitchen_wall_drawer": {
    "criteria": {
      "has_planks": "2024-11-13 20:46:34 +0000"
    },
    "done": true
  },
  "securitycraft:recipes/securitycraft/motion_activated_light": {
    "criteria": {
      "has_stick": "2024-11-09 01:36:07 +0000"
    },
    "done": true
  },
  "securitycraft:recipes/securitycraft/reinforced_magenta_stained_glass_pane_from_glass": {
    "criteria": {
      "has_glass": "2024-11-13 20:46:36 +0000"
    },
    "done": true
  },
  "securitycraft:recipes/securitycraft/reinforced_lime_stained_glass_pane_from_dye": {
    "criteria": {
      "has_glass": "2024-11-13 20:46:36 +0000"
    },
    "done": true
  },
  "minecraft:recipes/transportation/jungle_boat": {
    "criteria": {
      "in_water": "2024-11-13 20:47:42 +0000"
    },
    "done": true
  },
  "minecraft:recipes/decorations/black_bed": {
    "criteria": {
      "has_black_wool": "2024-11-15 01:14:42 +0000"
    },
    "done": true
  },
  "securitycraft:recipes/securitycraft/reinforced_magenta_stained_glass_pane_from_dye": {
    "criteria": {
      "has_glass": "2024-11-13 20:46:36 +0000"
    },
    "done": true
  },
  "minecraft:recipes/misc/iron_ingot_from_iron_block": {
    "criteria": {
      "has_iron_block": "2024-11-09 01:33:13 +0000"
    },
    "done": true
  },
  "pfm:recipes/pfm.furniture/smooth_stone_kitchen_cabinet": {
    "criteria": {
      "has_planks": "2024-11-13 20:46:34 +0000"
    },
    "done": true
  },
  "securitycraft:recipes/securitycraft/reinforced_yellow_stained_glass": {
    "criteria": {
      "has_glass": "2024-11-13 20:46:36 +0000"
    },
    "done": true
  },
  "minecraft:recipes/transportation/dark_oak_boat": {
    "criteria": {
      "in_water": "2024-11-13 20:47:42 +0000"
    },
    "done": true
  },
  "pfm:recipes/pfm.furniture/concrete_kitchen_cabinet": {
    "criteria": {
      "has_planks": "2024-11-13 20:46:34 +0000"
    },
    "done": true
  },
  "minecraft:recipes/decorations/white_stained_glass_pane": {
    "criteria": {
      "has_glass": "2024-11-13 20:46:36 +0000"
    },
    "done": true
  },
  "minecraft:adventure/kill_all_mobs": {
    "criteria": {
      "minecraft:skeleton": "2024-11-09 01:16:22 +0000",
      "minecraft:creeper": "2024-11-09 01:16:15 +0000",
      "minecraft:witch": "2024-11-09 01:36:06 +0000",
      "minecraft:enderman": "2024-11-09 01:17:35 +0000",
      "minecraft:zombie": "2024-11-09 01:19:06 +0000",
      "minecraft:zombie_villager": "2024-11-09 01:17:42 +0000"
    },
    "done": false
  },
  "pfm:recipes/pfm.furniture/concrete_kitchen_sink": {
    "criteria": {
      "has_planks": "2024-11-13 20:46:34 +0000"
    },
    "done": true
  },
  "pfm:recipes/pfm.furniture/concrete_kitchen_wall_drawer": {
    "criteria": {
      "has_planks": "2024-11-13 20:46:34 +0000"
    },
    "done": true
  },
  "securitycraft:recipes/securitycraft/reinforced_white_stained_glass": {
    "criteria": {
      "has_glass": "2024-11-13 20:46:36 +0000"
    },
    "done": true
  },
  "minecraft:recipes/decorations/stone_brick_wall": {
    "criteria": {
      "has_stone_bricks": "2024-11-09 00:47:28 +0000"
    },
    "done": true
  },
  "securitycraft:recipes/securitycraft/reinforced_cyan_stained_glass_pane_from_dye": {
    "criteria": {
      "has_glass": "2024-11-13 20:46:36 +0000"
    },
    "done": true
  },
  "framedblocks:recipes/framed_blocks/framed_half_stairs": {
    "criteria": {
      "hasFramedStairs": "2024-11-15 01:37:31 +0000"
    },
    "done": true
  },
  "securitycraft:recipes/securitycraft/reinforced_pink_stained_glass_pane_from_glass": {
    "criteria": {
      "has_glass": "2024-11-13 20:46:36 +0000"
    },
    "done": true
  },
  "cgm:recipes/cgm/stun_grenade": {
    "criteria": {
      "has_gunpowder": "2024-11-13 20:44:10 +0000"
    },
    "done": true
  },
  "pfm:recipes/pfm.furniture/smooth_stone_kitchen_wall_small_drawer": {
    "criteria": {
      "has_planks": "2024-11-13 20:46:34 +0000"
    },
    "done": true
  },
  "securitycraft:recipes/securitycraft/reinforced_lime_stained_glass_pane_from_glass": {
    "criteria": {
      "has_glass": "2024-11-13 20:46:36 +0000"
    },
    "done": true
  },
  "minecraft:recipes/decorations/soul_campfire": {
    "criteria": {
      "has_stick": "2024-11-09 01:36:07 +0000"
    },
    "done": true
  },
  "pfm:recipes/pfm.furniture/concrete_kitchen_counter_oven": {
    "criteria": {
      "has_planks": "2024-11-13 20:46:34 +0000"
    },
    "done": true
  },
  "minecraft:recipes/transportation/oak_boat": {
    "criteria": {
      "in_water": "2024-11-13 20:47:42 +0000"
    },
    "done": true
  },
  "securitycraft:recipes/securitycraft/reinforced_light_gray_stained_glass_pane_from_glass": {
    "criteria": {
      "has_glass": "2024-11-13 20:46:36 +0000"
    },
    "done": true
  },
  "securitycraft:recipes/securitycraft/reinforced_yellow_stained_glass_pane_from_glass": {
    "criteria": {
      "has_glass": "2024-11-13 20:46:36 +0000"
    },
    "done": true
  },
  "pfm:recipes/pfm.furniture/smooth_stone_kitchen_wall_counter": {
    "criteria": {
      "has_planks": "2024-11-13 20:46:34 +0000"
    },
    "done": true
  },
  "minecraft:recipes/decorations/anvil": {
    "criteria": {
      "has_iron_block": "2024-11-09 01:33:13 +0000"
    },
    "done": true
  },
  "securitycraft:recipes/securitycraft/reinforced_cyan_stained_glass_pane_from_glass": {
    "criteria": {
      "has_glass": "2024-11-13 20:46:36 +0000"
    },
    "done": true
  },
  "pfm:recipes/pfm.furniture/glass_modern_pendant": {
    "criteria": {
      "has_white_stained_glass": "2024-11-13 20:46:36 +0000"
    },
    "done": true
  },
  "pfm:recipes/pfm.furniture/white_oven_range_hood": {
    "criteria": {
      "has_white_concrete": "2024-11-13 20:46:34 +0000"
    },
    "done": true
  },
  "minecraft:recipes/building_blocks/stone_brick_stairs": {
    "criteria": {
      "has_stone_bricks": "2024-11-09 00:47:28 +0000"
    },
    "done": true
  },
  "securitycraft:recipes/securitycraft/reinforced_gray_stained_glass": {
    "criteria": {
      "has_glass": "2024-11-13 20:46:36 +0000"
    },
    "done": true
  },
  "pfm:recipes/pfm.furniture/xbox_fridge": {
    "criteria": {
      "has_black_concrete": "2024-11-15 01:35:53 +0000"
    },
    "done": true
  },
  "DataVersion": 2586
}