{
  "minecraft:recipes/building_blocks/pink_concrete_powder": {
    "criteria": {
      "has_sand": "2024-11-15 23:08:34 +0000"
    },
    "done": true
  },
  "minecraft:recipes/building_blocks/red_concrete_powder": {
    "criteria": {
      "has_sand": "2024-11-15 23:08:34 +0000"
    },
    "done": true
  },
  "framedblocks:recipes/framed_blocks/framed_ladder": {
    "criteria": {
      "hasFramedBlock": "2024-11-16 00:16:43 +0000"
    },
    "done": true
  },
  "pfm:grant_book_on_first_join": {
    "criteria": {
      "tick": "2024-11-15 23:01:08 +0000"
    },
    "done": true
  },
  "framedblocks:recipes/framed_blocks/framed_button": {
    "criteria": {
      "hasFramedBlock": "2024-11-16 00:16:43 +0000"
    },
    "done": true
  },
  "minecraft:recipes/building_blocks/purple_concrete_powder": {
    "criteria": {
      "has_sand": "2024-11-15 23:08:34 +0000"
    },
    "done": true
  },
  "framedblocks:recipes/framed_blocks/framed_secret_storage": {
    "criteria": {
      "hasFramedBlock": "2024-11-16 00:16:43 +0000"
    },
    "done": true
  },
  "minecraft:recipes/building_blocks/magenta_concrete_powder": {
    "criteria": {
      "has_sand": "2024-11-15 23:08:34 +0000"
    },
    "done": true
  },
  "framedblocks:recipes/framed_blocks/framed_gate": {
    "criteria": {
      "hasFramedBlock": "2024-11-16 00:16:43 +0000"
    },
    "done": true
  },
  "framedblocks:recipes/framed_blocks/framed_wall": {
    "criteria": {
      "hasFramedBlock": "2024-11-16 00:16:43 +0000"
    },
    "done": true
  },
  "framedblocks:recipes/framed_blocks/framed_door": {
    "criteria": {
      "hasFramedBlock": "2024-11-16 00:16:43 +0000"
    },
    "done": true
  },
  "framedblocks:recipes/framed_blocks/framed_hammer": {
    "criteria": {
      "hasFramedBlock": "2024-11-16 00:16:43 +0000"
    },
    "done": true
  },
  "minecraft:recipes/building_blocks/lime_concrete_powder": {
    "criteria": {
      "has_sand": "2024-11-15 23:08:34 +0000"
    },
    "done": true
  },
  "framedblocks:recipes/framed_blocks/framed_corner_pillar": {
    "criteria": {
      "hasFramedBlock": "2024-11-16 00:16:43 +0000"
    },
    "done": true
  },
  "minecraft:recipes/building_blocks/yellow_concrete_powder": {
    "criteria": {
      "has_sand": "2024-11-15 23:08:34 +0000"
    },
    "done": true
  },
  "securitycraft:recipes/securitycraft/reinforced_polished_granite_stairs_from_reinforced_granite_stonecutting": {
    "criteria": {
      "has_reinforced_granite": "2024-11-16 00:16:49 +0000"
    },
    "done": true
  },
  "framedblocks:recipes/framed_blocks/framed_redstone_block": {
    "criteria": {
      "hasFramedBlock": "2024-11-16 00:16:43 +0000"
    },
    "done": true
  },
  "minecraft:adventure/adventuring_time": {
    "criteria": {
      "minecraft:taiga": "2024-11-15 23:14:34 +0000",
      "minecraft:taiga_hills": "2024-11-15 23:14:40 +0000",
      "minecraft:deep_lukewarm_ocean": "2024-11-15 23:12:12 +0000",
      "minecraft:beach": "2024-11-15 23:04:46 +0000",
      "minecraft:river": "2024-11-15 23:09:07 +0000",
      "minecraft:lukewarm_ocean": "2024-11-15 23:09:05 +0000",
      "minecraft:wooded_hills": "2024-11-15 23:13:34 +0000",
      "minecraft:stone_shore": "2024-11-15 23:11:52 +0000",
      "minecraft:plains": "2024-11-15 23:01:08 +0000"
    },
    "done": false
  },
  "framedblocks:recipes/framed_blocks/framed_panel": {
    "criteria": {
      "hasFramedBlock": "2024-11-16 00:16:43 +0000"
    },
    "done": true
  },
  "minecraft:recipes/building_blocks/sandstone": {
    "criteria": {
      "has_sand": "2024-11-15 23:08:34 +0000"
    },
    "done": true
  },
  "minecraft:recipes/transportation/birch_boat": {
    "criteria": {
      "in_water": "2024-11-16 00:28:46 +0000"
    },
    "done": true
  },
  "minecraft:recipes/building_blocks/brown_concrete_powder": {
    "criteria": {
      "has_sand": "2024-11-15 23:08:34 +0000"
    },
    "done": true
  },
  "framedblocks:recipes/framed_blocks/framed_stairs": {
    "criteria": {
      "hasFramedBlock": "2024-11-16 00:16:43 +0000"
    },
    "done": true
  },
  "framedblocks:recipes/framed_blocks/framed_floor_board": {
    "criteria": {
      "hasFramedBlock": "2024-11-16 00:16:43 +0000"
    },
    "done": true
  },
  "framedblocks:recipes/framed_blocks/framed_flower_pot": {
    "criteria": {
      "hasFramedBlock": "2024-11-16 00:16:43 +0000"
    },
    "done": true
  },
  "minecraft:recipes/building_blocks/green_concrete_powder": {
    "criteria": {
      "has_sand": "2024-11-15 23:08:34 +0000"
    },
    "done": true
  },
  "framedblocks:recipes/framed_blocks/framed_wrench": {
    "criteria": {
      "hasFramedBlock": "2024-11-16 00:16:43 +0000"
    },
    "done": true
  },
  "minecraft:recipes/transportation/acacia_boat": {
    "criteria": {
      "in_water": "2024-11-16 00:28:46 +0000"
    },
    "done": true
  },
  "framedblocks:recipes/framed_blocks/framed_blueprint": {
    "criteria": {
      "hasFramedBlock": "2024-11-16 00:16:43 +0000"
    },
    "done": true
  },
  "framedblocks:recipes/framed_blocks/framed_rail_slope": {
    "criteria": {
      "hasFramedBlock": "2024-11-16 00:16:43 +0000"
    },
    "done": true
  },
  "framedblocks:recipes/framed_blocks/framed_sign": {
    "criteria": {
      "hasFramedBlock": "2024-11-16 00:16:43 +0000"
    },
    "done": true
  },
  "minecraft:adventure/root": {
    "criteria": {
      "killed_something": "2024-11-16 00:31:52 +0000"
    },
    "done": true
  },
  "minecraft:recipes/transportation/jungle_boat": {
    "criteria": {
      "in_water": "2024-11-16 00:28:46 +0000"
    },
    "done": true
  },
  "minecraft:recipes/transportation/spruce_boat": {
    "criteria": {
      "in_water": "2024-11-16 00:28:46 +0000"
    },
    "done": true
  },
  "framedblocks:recipes/framed_blocks/framed_bars": {
    "criteria": {
      "hasFramedBlock": "2024-11-16 00:16:43 +0000"
    },
    "done": true
  },
  "framedblocks:recipes/framed_blocks/framed_fence": {
    "criteria": {
      "hasFramedBlock": "2024-11-16 00:16:43 +0000"
    },
    "done": true
  },
  "framedblocks:recipes/framed_blocks/framed_slab": {
    "criteria": {
      "hasFramedBlock": "2024-11-16 00:16:43 +0000"
    },
    "done": true
  },
  "minecraft:recipes/building_blocks/white_concrete_powder": {
    "criteria": {
      "has_sand": "2024-11-15 23:08:34 +0000"
    },
    "done": true
  },
  "securitycraft:recipes/securitycraft/keycard_reader": {
    "criteria": {
      "has_stone": "2024-11-16 00:16:49 +0000"
    },
    "done": true
  },
  "minecraft:recipes/building_blocks/blue_concrete_powder": {
    "criteria": {
      "has_sand": "2024-11-15 23:08:34 +0000"
    },
    "done": true
  },
  "securitycraft:recipes/securitycraft/reinforced_granite_wall": {
    "criteria": {
      "has_block": "2024-11-16 00:16:49 +0000"
    },
    "done": true
  },
  "minecraft:recipes/building_blocks/gray_concrete_powder": {
    "criteria": {
      "has_sand": "2024-11-15 23:08:34 +0000"
    },
    "done": true
  },
  "minecraft:recipes/transportation/dark_oak_boat": {
    "criteria": {
      "in_water": "2024-11-16 00:28:46 +0000"
    },
    "done": true
  },
  "securitycraft:recipes/securitycraft/inventory_scanner": {
    "criteria": {
      "has_stone": "2024-11-16 00:16:49 +0000"
    },
    "done": true
  },
  "framedblocks:recipes/framed_blocks/framed_pressure_plate": {
    "criteria": {
      "hasFramedBlock": "2024-11-16 00:16:43 +0000"
    },
    "done": true
  },
  "securitycraft:recipes/securitycraft/reinforced_granite_wall_from_reinforced_granite_stonecutting": {
    "criteria": {
      "has_reinforced_granite": "2024-11-16 00:16:49 +0000"
    },
    "done": true
  },
  "framedblocks:recipes/framed_blocks/framed_lever": {
    "criteria": {
      "hasFramedBlock": "2024-11-16 00:16:43 +0000"
    },
    "done": true
  },
  "framedblocks:recipes/framed_blocks/framed_torch": {
    "criteria": {
      "hasFramedBlock": "2024-11-16 00:16:43 +0000"
    },
    "done": true
  },
  "securitycraft:recipes/securitycraft/reinforced_granite_stairs": {
    "criteria": {
      "has_block": "2024-11-16 00:16:49 +0000"
    },
    "done": true
  },
  "minecraft:recipes/misc/mojang_banner_pattern": {
    "criteria": {
      "has_enchanted_golden_apple": "2024-11-16 00:28:38 +0000"
    },
    "done": true
  },
  "securitycraft:recipes/securitycraft/reinforced_polished_granite": {
    "criteria": {
      "has_block": "2024-11-16 00:16:49 +0000"
    },
    "done": true
  },
  "framedblocks:recipes/framed_blocks/framed_chest": {
    "criteria": {
      "hasFramedBlock": "2024-11-16 00:16:43 +0000"
    },
    "done": true
  },
  "securitycraft:recipes/securitycraft/reinforced_granite_slab_from_reinforced_granite_stonecutting": {
    "criteria": {
      "has_reinforced_granite": "2024-11-16 00:16:49 +0000"
    },
    "done": true
  },
  "framedblocks:recipes/framed_blocks/framed_lattice_block": {
    "criteria": {
      "hasFramedBlock": "2024-11-16 00:16:43 +0000"
    },
    "done": true
  },
  "securitycraft:recipes/securitycraft/reinforced_granite_slab": {
    "criteria": {
      "has_block": "2024-11-16 00:16:49 +0000"
    },
    "done": true
  },
  "securitycraft:recipes/securitycraft/retinal_scanner": {
    "criteria": {
      "has_stone": "2024-11-16 00:16:49 +0000"
    },
    "done": true
  },
  "framedblocks:recipes/framed_blocks/framed_soul_torch": {
    "criteria": {
      "hasFramedBlock": "2024-11-16 00:16:43 +0000"
    },
    "done": true
  },
  "minecraft:recipes/building_blocks/black_concrete_powder": {
    "criteria": {
      "has_sand": "2024-11-15 23:08:34 +0000"
    },
    "done": true
  },
  "securitycraft:recipes/securitycraft/reinforced_granite_stairs_from_reinforced_granite_stonecutting": {
    "criteria": {
      "has_reinforced_granite": "2024-11-16 00:16:49 +0000"
    },
    "done": true
  },
  "securitycraft:recipes/securitycraft/reinforced_polished_granite_from_reinforced_granite_stonecutting": {
    "criteria": {
      "has_reinforced_granite": "2024-11-16 00:16:49 +0000"
    },
    "done": true
  },
  "framedblocks:recipes/framed_blocks/framed_pane": {
    "criteria": {
      "hasFramedBlock": "2024-11-16 00:16:43 +0000"
    },
    "done": true
  },
  "securitycraft:recipes/securitycraft/reinforced_polished_granite_slab_from_reinforced_granite_stonecutting": {
    "criteria": {
      "has_reinforced_granite": "2024-11-16 00:16:49 +0000"
    },
    "done": true
  },
  "minecraft:recipes/transportation/oak_boat": {
    "criteria": {
      "in_water": "2024-11-16 00:28:46 +0000"
    },
    "done": true
  },
  "framedblocks:recipes/framed_blocks/framed_slope": {
    "criteria": {
      "hasFramedBlock": "2024-11-16 00:16:43 +0000"
    },
    "done": true
  },
  "minecraft:recipes/building_blocks/light_gray_concrete_powder": {
    "criteria": {
      "has_sand": "2024-11-15 23:08:34 +0000"
    },
    "done": true
  },
  "minecraft:recipes/building_blocks/light_blue_concrete_powder": {
    "criteria": {
      "has_sand": "2024-11-15 23:08:34 +0000"
    },
    "done": true
  },
  "framedblocks:recipes/framed_blocks/framed_collapsible_block": {
    "criteria": {
      "hasFramedBlock": "2024-11-16 00:16:43 +0000"
    },
    "done": true
  },
  "minecraft:recipes/building_blocks/orange_concrete_powder": {
    "criteria": {
      "has_sand": "2024-11-15 23:08:34 +0000"
    },
    "done": true
  },
  "framedblocks:recipes/framed_blocks/framed_bouncy_cube": {
    "criteria": {
      "hasFramedBlock": "2024-11-16 00:16:43 +0000"
    },
    "done": true
  },
  "framedblocks:recipes/framed_blocks/framed_vertical_stairs": {
    "criteria": {
      "hasFramedBlock": "2024-11-16 00:16:43 +0000"
    },
    "done": true
  },
  "minecraft:recipes/building_blocks/cyan_concrete_powder": {
    "criteria": {
      "has_sand": "2024-11-15 23:08:34 +0000"
    },
    "done": true
  },
  "minecraft:recipes/building_blocks/glass": {
    "criteria": {
      "has_sand": "2024-11-15 23:08:34 +0000"
    },
    "done": true
  },
  "DataVersion": 2586
}