{
  "pfm:grant_book_on_first_join": {
    "criteria": {
      "tick": "2024-11-16 00:34:11 +0000"
    },
    "done": true
  },
  "minecraft:husbandry/root": {
    "criteria": {
      "consumed_item": "2024-11-16 00:54:36 +0000"
    },
    "done": true
  },
  "minecraft:recipes/transportation/dark_oak_boat": {
    "criteria": {
      "in_water": "2024-11-16 00:35:33 +0000"
    },
    "done": true
  },
  "minecraft:recipes/food/cookie": {
    "criteria": {
      "has_cocoa": "2024-11-16 00:41:04 +0000"
    },
    "done": true
  },
  "minecraft:recipes/transportation/birch_boat": {
    "criteria": {
      "in_water": "2024-11-16 00:35:33 +0000"
    },
    "done": true
  },
  "minecraft:recipes/transportation/acacia_boat": {
    "criteria": {
      "in_water": "2024-11-16 00:35:33 +0000"
    },
    "done": true
  },
  "minecraft:recipes/transportation/oak_boat": {
    "criteria": {
      "in_water": "2024-11-16 00:35:33 +0000"
    },
    "done": true
  },
  "minecraft:husbandry/balanced_diet": {
    "criteria": {
      "golden_apple": "2024-11-16 00:54:36 +0000"
    },
    "done": false
  },
  "minecraft:recipes/misc/brown_dye": {
    "criteria": {
      "has_cocoa_beans": "2024-11-16 00:41:04 +0000"
    },
    "done": true
  },
  "minecraft:adventure/root": {
    "criteria": {
      "killed_by_something": "2024-11-16 00:49:35 +0000"
    },
    "done": true
  },
  "minecraft:recipes/transportation/jungle_boat": {
    "criteria": {
      "in_water": "2024-11-16 00:35:33 +0000"
    },
    "done": true
  },
  "minecraft:recipes/transportation/spruce_boat": {
    "criteria": {
      "in_water": "2024-11-16 00:35:33 +0000"
    },
    "done": true
  },
  "minecraft:adventure/adventuring_time": {
    "criteria": {
      "minecraft:mountains": "2024-11-16 00:45:03 +0000",
      "minecraft:taiga": "2024-11-16 00:45:24 +0000",
      "minecraft:deep_lukewarm_ocean": "2024-11-16 00:49:47 +0000",
      "minecraft:beach": "2024-11-16 00:34:43 +0000",
      "minecraft:river": "2024-11-16 00:36:33 +0000",
      "minecraft:lukewarm_ocean": "2024-11-16 00:36:32 +0000",
      "minecraft:wooded_hills": "2024-11-16 00:50:33 +0000",
      "minecraft:plains": "2024-11-16 00:34:11 +0000"
    },
    "done": false
  },
  "DataVersion": 2586
}