{
  "minecraft:recipes/misc/iron_ingot_from_iron_block": {
    "criteria": {
      "has_iron_block": "2024-11-15 23:16:05 +0000"
    },
    "done": true
  },
  "pfm:grant_book_on_first_join": {
    "criteria": {
      "tick": "2024-11-15 23:05:02 +0000"
    },
    "done": true
  },
  "minecraft:recipes/decorations/anvil": {
    "criteria": {
      "has_iron_block": "2024-11-15 23:16:05 +0000"
    },
    "done": true
  },
  "minecraft:adventure/adventuring_time": {
    "criteria": {
      "minecraft:taiga": "2024-11-15 23:23:52 +0000",
      "minecraft:beach": "2024-11-15 23:05:36 +0000",
      "minecraft:lukewarm_ocean": "2024-11-15 23:16:07 +0000",
      "minecraft:plains": "2024-11-15 23:05:02 +0000"
    },
    "done": false
  },
  "DataVersion": 2586
}