{
  "securitycraft:recipes/securitycraft/reinforced_purple_stained_glass_pane_from_dye": {
    "criteria": {
      "has_glass": "2024-11-10 23:24:17 +0000"
    },
    "done": true
  },
  "minecraft:recipes/building_blocks/quartz_pillar": {
    "criteria": {
      "has_quartz_block": "2024-11-11 00:23:57 +0000"
    },
    "done": true
  },
  "pfm:recipes/pfm.furniture/granite_table_modern_dinner": {
    "criteria": {
      "granite_table_modern_dinner": "2024-11-10 23:44:24 +0000"
    },
    "done": true
  },
  "minecraft:recipes/building_blocks/magenta_concrete_powder": {
    "criteria": {
      "has_sand": "2024-11-11 01:48:30 +0000"
    },
    "done": true
  },
  "pfm:recipes/pfm.furniture/froggy_chair_orange": {
    "criteria": {
      "has_concrete": "2024-11-15 22:48:51 +0000"
    },
    "done": true
  },
  "securitycraft:recipes/securitycraft/panic_button": {
    "criteria": {
      "has_redstone": "2024-11-11 01:30:52 +0000"
    },
    "done": true
  },
  "minecraft:recipes/building_blocks/stone_bricks": {
    "criteria": {
      "has_stone": "2024-11-11 02:04:26 +0000"
    },
    "done": true
  },
  "pfm:recipes/pfm.furniture/stone_table_basic": {
    "criteria": {
      "stone_table_basic": "2024-11-11 02:04:26 +0000"
    },
    "done": true
  },
  "pfm:recipes/pfm.furniture/granite_classic_nightstand": {
    "criteria": {
      "granite_classic_nightstand": "2024-11-10 23:44:24 +0000"
    },
    "done": true
  },
  "minecraft:recipes/building_blocks/lime_concrete_powder": {
    "criteria": {
      "has_sand": "2024-11-11 01:48:30 +0000"
    },
    "done": true
  },
  "securitycraft:recipes/securitycraft/reinforced_green_stained_glass_pane_from_dye": {
    "criteria": {
      "has_glass": "2024-11-10 23:24:17 +0000"
    },
    "done": true
  },
  "minecraft:recipes/building_blocks/chiseled_stone_bricks": {
    "criteria": {
      "has_stone_bricks": "2024-11-10 23:52:32 +0000"
    },
    "done": true
  },
  "minecraft:recipes/building_blocks/stone_brick_slab_from_stone_bricks_stonecutting": {
    "criteria": {
      "has_stone_bricks": "2024-11-10 23:52:32 +0000"
    },
    "done": true
  },
  "minecraft:recipes/building_blocks/yellow_concrete_powder": {
    "criteria": {
      "has_sand": "2024-11-11 01:48:30 +0000"
    },
    "done": true
  },
  "pfm:recipes/pfm.furniture/light_wood_simple_stool": {
    "criteria": {
      "has_planks": "2024-11-11 00:23:57 +0000"
    },
    "done": true
  },
  "minecraft:recipes/decorations/crafting_table": {
    "criteria": {
      "has_planks": "2024-11-10 23:48:13 +0000"
    },
    "done": true
  },
  "minecraft:recipes/building_blocks/polished_granite_stairs": {
    "criteria": {
      "has_polished_granite": "2024-11-10 23:44:24 +0000"
    },
    "done": true
  },
  "securitycraft:recipes/securitycraft/reinforced_green_stained_glass": {
    "criteria": {
      "has_glass": "2024-11-10 23:24:17 +0000"
    },
    "done": true
  },
  "minecraft:recipes/building_blocks/smooth_stone": {
    "criteria": {
      "has_stone": "2024-11-11 02:04:26 +0000"
    },
    "done": true
  },
  "securitycraft:recipes/securitycraft/reinforced_red_stained_glass_pane_from_dye": {
    "criteria": {
      "has_glass": "2024-11-10 23:24:17 +0000"
    },
    "done": true
  },
  "theatrical:recipes/theatrical/iwb": {
    "criteria": {
      "has_item": "2024-11-15 22:27:11 +0000"
    },
    "done": true
  },
  "securitycraft:recipes/securitycraft/reinforced_light_blue_stained_glass_pane_from_dye": {
    "criteria": {
      "has_glass": "2024-11-10 23:24:17 +0000"
    },
    "done": true
  },
  "pfm:recipes/pfm.furniture/granite_table_natural": {
    "criteria": {
      "granite_table_natural": "2024-11-10 23:44:24 +0000"
    },
    "done": true
  },
  "securitycraft:recipes/securitycraft/reinforced_redstone_lamp": {
    "criteria": {
      "has_redstone": "2024-11-11 01:30:52 +0000"
    },
    "done": true
  },
  "minecraft:recipes/building_blocks/brown_concrete_powder": {
    "criteria": {
      "has_sand": "2024-11-11 01:48:30 +0000"
    },
    "done": true
  },
  "minecraft:recipes/building_blocks/stone_slab_from_stone_stonecutting": {
    "criteria": {
      "has_stone": "2024-11-11 02:04:26 +0000"
    },
    "done": true
  },
  "securitycraft:recipes/securitycraft/reinforced_red_stained_glass_pane_from_glass": {
    "criteria": {
      "has_glass": "2024-11-10 23:24:17 +0000"
    },
    "done": true
  },
  "minecraft:recipes/building_blocks/chiseled_stone_bricks_stone_from_stonecutting": {
    "criteria": {
      "has_stone": "2024-11-11 02:04:26 +0000"
    },
    "done": true
  },
  "securitycraft:recipes/securitycraft/reinforced_black_stained_glass_pane_from_dye": {
    "criteria": {
      "has_glass": "2024-11-10 23:24:17 +0000"
    },
    "done": true
  },
  "pfm:recipes/pfm.furniture/granite_chair_classic": {
    "criteria": {
      "granite_chair_classic": "2024-11-10 23:44:24 +0000"
    },
    "done": true
  },
  "pfm:recipes/pfm.furniture/stone_table_natural": {
    "criteria": {
      "stone_table_natural": "2024-11-11 02:04:26 +0000"
    },
    "done": true
  },
  "securitycraft:recipes/securitycraft/reinforced_orange_stained_glass": {
    "criteria": {
      "has_glass": "2024-11-10 23:24:17 +0000"
    },
    "done": true
  },
  "pfm:recipes/pfm.furniture/granite_classic_stool": {
    "criteria": {
      "has_planks": "2024-11-10 23:44:24 +0000"
    },
    "done": true
  },
  "securitycraft:recipes/securitycraft/reinforced_orange_stained_glass_pane_from_glass": {
    "criteria": {
      "has_glass": "2024-11-10 23:24:17 +0000"
    },
    "done": true
  },
  "minecraft:recipes/misc/stick": {
    "criteria": {
      "has_planks": "2024-11-10 23:48:13 +0000"
    },
    "done": true
  },
  "minecraft:recipes/building_blocks/stone_brick_slab_from_stone_stonecutting": {
    "criteria": {
      "has_stone": "2024-11-11 02:04:26 +0000"
    },
    "done": true
  },
  "pfm:recipes/pfm.furniture/light_wood_kitchen_cabinet": {
    "criteria": {
      "has_planks": "2024-11-11 00:23:57 +0000"
    },
    "done": true
  },
  "minecraft:recipes/transportation/spruce_boat": {
    "criteria": {
      "in_water": "2024-11-15 22:47:14 +0000"
    },
    "done": true
  },
  "securitycraft:recipes/securitycraft/reinforced_light_blue_stained_glass": {
    "criteria": {
      "has_glass": "2024-11-10 23:24:17 +0000"
    },
    "done": true
  },
  "minecraft:recipes/building_blocks/cracked_stone_bricks": {
    "criteria": {
      "has_stone_bricks": "2024-11-10 23:52:32 +0000"
    },
    "done": true
  },
  "pfm:recipes/pfm.furniture/smooth_stone_kitchen_sink": {
    "criteria": {
      "has_planks": "2024-11-10 23:24:31 +0000"
    },
    "done": true
  },
  "pfm:recipes/pfm.furniture/quartz_chair": {
    "criteria": {
      "quartz_chair": "2024-11-11 00:23:57 +0000"
    },
    "done": true
  },
  "minecraft:recipes/redstone/dispenser": {
    "criteria": {
      "has_bow": "2024-11-15 22:32:44 +0000"
    },
    "done": true
  },
  "pfm:recipes/pfm.furniture/quartz_simple_stool": {
    "criteria": {
      "has_planks": "2024-11-11 00:23:57 +0000"
    },
    "done": true
  },
  "minecraft:recipes/building_blocks/quartz_stairs_from_quartz_block_stonecutting": {
    "criteria": {
      "has_quartz_block": "2024-11-11 00:23:57 +0000"
    },
    "done": true
  },
  "securitycraft:recipes/securitycraft/reinforced_blue_stained_glass_pane_from_dye": {
    "criteria": {
      "has_glass": "2024-11-10 23:24:17 +0000"
    },
    "done": true
  },
  "pfm:recipes/pfm.furniture/dark_wood_kitchen_drawer": {
    "criteria": {
      "has_planks": "2024-11-11 00:23:57 +0000"
    },
    "done": true
  },
  "pfm:recipes/pfm.furniture/oak_kitchen_wall_drawer": {
    "criteria": {
      "has_planks": "2024-11-10 23:48:13 +0000"
    },
    "done": true
  },
  "securitycraft:recipes/securitycraft/keypad_frame": {
    "criteria": {
      "has_redstone": "2024-11-11 01:30:52 +0000"
    },
    "done": true
  },
  "pfm:recipes/pfm.furniture/light_wood_chair_classic": {
    "criteria": {
      "light_wood_chair_classic": "2024-11-11 00:23:57 +0000"
    },
    "done": true
  },
  "minecraft:husbandry/balanced_diet": {
    "criteria": {
      "cooked_porkchop": "2024-11-11 00:32:35 +0000"
    },
    "done": false
  },
  "pfm:recipes/pfm.furniture/light_wood_classic_stool": {
    "criteria": {
      "has_planks": "2024-11-11 00:23:57 +0000"
    },
    "done": true
  },
  "securitycraft:recipes/securitycraft/reinforced_light_gray_stained_glass": {
    "criteria": {
      "has_glass": "2024-11-10 23:24:17 +0000"
    },
    "done": true
  },
  "pfm:recipes/pfm.furniture/oak_chair_dinner": {
    "criteria": {
      "has_planks": "2024-11-10 23:48:13 +0000"
    },
    "done": true
  },
  "pfm:recipes/pfm.furniture/quartz_table_dinner": {
    "criteria": {
      "quartz_table_dinner": "2024-11-11 00:23:57 +0000"
    },
    "done": true
  },
  "pfm:recipes/pfm.furniture/smooth_stone_kitchen_counter_oven": {
    "criteria": {
      "has_planks": "2024-11-10 23:24:31 +0000"
    },
    "done": true
  },
  "securitycraft:recipes/securitycraft/reinforced_white_stained_glass_pane_from_glass": {
    "criteria": {
      "has_glass": "2024-11-10 23:24:17 +0000"
    },
    "done": true
  },
  "minecraft:recipes/building_blocks/stone_brick_stairs_from_stone_bricks_stonecutting": {
    "criteria": {
      "has_stone_bricks": "2024-11-10 23:52:32 +0000"
    },
    "done": true
  },
  "securitycraft:recipes/securitycraft/secret_jungle_sign_item": {
    "criteria": {
      "has_sign": "2024-11-15 23:42:08 +0000"
    },
    "done": true
  },
  "securitycraft:recipes/securitycraft/reinforced_light_blue_stained_glass_pane_from_glass": {
    "criteria": {
      "has_glass": "2024-11-10 23:24:17 +0000"
    },
    "done": true
  },
  "pfm:recipes/pfm.furniture/light_wood_table_natural": {
    "criteria": {
      "light_wood_table_natural": "2024-11-11 00:23:57 +0000"
    },
    "done": true
  },
  "securitycraft:recipes/securitycraft/taser": {
    "criteria": {
      "has_redstone": "2024-11-11 01:30:52 +0000"
    },
    "done": true
  },
  "minecraft:recipes/redstone/note_block": {
    "criteria": {
      "has_redstone": "2024-11-11 01:30:52 +0000"
    },
    "done": true
  },
  "securitycraft:recipes/securitycraft/secret_spruce_sign_item": {
    "criteria": {
      "has_sign": "2024-11-15 23:42:08 +0000"
    },
    "done": true
  },
  "securitycraft:recipes/securitycraft/reinforced_red_stained_glass": {
    "criteria": {
      "has_glass": "2024-11-10 23:24:17 +0000"
    },
    "done": true
  },
  "pfm:recipes/pfm.furniture/white_stove": {
    "criteria": {
      "has_white_concrete": "2024-11-10 23:24:31 +0000"
    },
    "done": true
  },
  "theatrical:recipes/theatrical/artnet_interface": {
    "criteria": {
      "has_item": "2024-11-15 22:27:11 +0000"
    },
    "done": true
  },
  "pfm:recipes/pfm.furniture/concrete_kitchen_wall_small_drawer": {
    "criteria": {
      "has_planks": "2024-11-10 23:24:31 +0000"
    },
    "done": true
  },
  "pfm:recipes/pfm.furniture/stone_chair": {
    "criteria": {
      "stone_chair": "2024-11-11 02:04:26 +0000"
    },
    "done": true
  },
  "minecraft:recipes/building_blocks/light_gray_concrete_powder": {
    "criteria": {
      "has_sand": "2024-11-11 01:48:30 +0000"
    },
    "done": true
  },
  "minecraft:recipes/building_blocks/light_blue_concrete_powder": {
    "criteria": {
      "has_sand": "2024-11-11 01:48:30 +0000"
    },
    "done": true
  },
  "securitycraft:recipes/securitycraft/reinforced_lime_stained_glass": {
    "criteria": {
      "has_glass": "2024-11-10 23:24:17 +0000"
    },
    "done": true
  },
  "pfm:recipes/pfm.furniture/white_modern_stool": {
    "criteria": {
      "has_planks": "2024-11-10 23:24:31 +0000"
    },
    "done": true
  },
  "minecraft:recipes/building_blocks/glass": {
    "criteria": {
      "has_sand": "2024-11-11 01:48:30 +0000"
    },
    "done": true
  },
  "securitycraft:recipes/securitycraft/reinforced_blue_stained_glass_pane_from_glass": {
    "criteria": {
      "has_glass": "2024-11-10 23:24:17 +0000"
    },
    "done": true
  },
  "pfm:recipes/pfm.furniture/stone_table_classic": {
    "criteria": {
      "stone_table_classic": "2024-11-11 02:04:26 +0000"
    },
    "done": true
  },
  "minecraft:recipes/building_blocks/pink_concrete_powder": {
    "criteria": {
      "has_sand": "2024-11-11 01:48:30 +0000"
    },
    "done": true
  },
  "pfm:recipes/pfm.furniture/stone_kitchen_wall_small_drawer": {
    "criteria": {
      "has_planks": "2024-11-11 02:04:26 +0000"
    },
    "done": true
  },
  "pfm:recipes/pfm.furniture/oak_classic_nightstand": {
    "criteria": {
      "has_planks": "2024-11-10 23:48:13 +0000"
    },
    "done": true
  },
  "minecraft:recipes/redstone/oak_fence_gate": {
    "criteria": {
      "has_planks": "2024-11-10 23:48:13 +0000"
    },
    "done": true
  },
  "pfm:recipes/pfm.furniture/stone_kitchen_wall_counter": {
    "criteria": {
      "has_planks": "2024-11-11 02:04:26 +0000"
    },
    "done": true
  },
  "pfm:recipes/pfm.furniture/stone_chair_classic": {
    "criteria": {
      "stone_chair_classic": "2024-11-11 02:04:26 +0000"
    },
    "done": true
  },
  "minecraft:recipes/building_blocks/purple_concrete_powder": {
    "criteria": {
      "has_sand": "2024-11-11 01:48:30 +0000"
    },
    "done": true
  },
  "securitycraft:recipes/securitycraft/reinforced_white_stained_glass_pane_from_dye": {
    "criteria": {
      "has_glass": "2024-11-10 23:24:17 +0000"
    },
    "done": true
  },
  "pfm:recipes/pfm.furniture/light_wood_classic_nightstand": {
    "criteria": {
      "light_wood_classic_nightstand": "2024-11-11 00:23:57 +0000"
    },
    "done": true
  },
  "minecraft:recipes/building_blocks/stone_stairs_from_stone_stonecutting": {
    "criteria": {
      "has_stone": "2024-11-11 02:04:26 +0000"
    },
    "done": true
  },
  "pfm:recipes/pfm.furniture/granite_simple_stool": {
    "criteria": {
      "has_planks": "2024-11-10 23:44:24 +0000"
    },
    "done": true
  },
  "pfm:recipes/pfm.furniture/quartz_chair_classic": {
    "criteria": {
      "quartz_chair_classic": "2024-11-11 00:23:57 +0000"
    },
    "done": true
  },
  "cgm:recipes/cgm/medium_scope": {
    "criteria": {
      "has_redstone": "2024-11-15 22:27:11 +0000"
    },
    "done": true
  },
  "securitycraft:recipes/securitycraft/portable_radar": {
    "criteria": {
      "has_redstone": "2024-11-11 01:30:52 +0000"
    },
    "done": true
  },
  "securitycraft:recipes/securitycraft/reinforced_green_stained_glass_pane_from_glass": {
    "criteria": {
      "has_glass": "2024-11-10 23:24:17 +0000"
    },
    "done": true
  },
  "minecraft:recipes/redstone/target": {
    "criteria": {
      "has_redstone": "2024-11-11 01:30:52 +0000"
    },
    "done": true
  },
  "pfm:recipes/pfm.furniture/concrete_kitchen_counter": {
    "criteria": {
      "has_planks": "2024-11-10 23:24:31 +0000"
    },
    "done": true
  },
  "pfm:recipes/pfm.furniture/dark_wood_table_modern_dinner": {
    "criteria": {
      "dark_wood_table_modern_dinner": "2024-11-11 00:23:57 +0000"
    },
    "done": true
  },
  "pfm:recipes/pfm.furniture/dark_wood_chair_dinner": {
    "criteria": {
      "dark_wood_chair_dinner": "2024-11-11 00:23:57 +0000"
    },
    "done": true
  },
  "pfm:recipes/pfm.furniture/quartz_table_basic": {
    "criteria": {
      "quartz_table_basic": "2024-11-11 00:23:57 +0000"
    },
    "done": true
  },
  "securitycraft:recipes/securitycraft/reinforced_gray_stained_glass_pane_from_glass": {
    "criteria": {
      "has_glass": "2024-11-10 23:24:17 +0000"
    },
    "done": true
  },
  "minecraft:adventure/sleep_in_bed": {
    "criteria": {
      "slept_in_bed": "2024-11-10 23:28:12 +0000"
    },
    "done": true
  },
  "minecraft:recipes/building_blocks/sandstone": {
    "criteria": {
      "has_sand": "2024-11-11 01:48:30 +0000"
    },
    "done": true
  },
  "pfm:recipes/pfm.furniture/granite_chair_modern": {
    "criteria": {
      "granite_chair_modern": "2024-11-10 23:44:24 +0000"
    },
    "done": true
  },
  "securitycraft:recipes/securitycraft/reinforced_gray_stained_glass_pane_from_dye": {
    "criteria": {
      "has_glass": "2024-11-10 23:24:17 +0000"
    },
    "done": true
  },
  "pfm:recipes/pfm.furniture/stone_chair_modern": {
    "criteria": {
      "stone_chair_modern": "2024-11-11 02:04:26 +0000"
    },
    "done": true
  },
  "minecraft:recipes/building_blocks/stone_brick_slab": {
    "criteria": {
      "has_stone_bricks": "2024-11-10 23:52:32 +0000"
    },
    "done": true
  },
  "pfm:recipes/pfm.furniture/light_wood_kitchen_counter_oven": {
    "criteria": {
      "has_planks": "2024-11-11 00:23:57 +0000"
    },
    "done": true
  },
  "pfm:recipes/pfm.furniture/light_wood_kitchen_counter": {
    "criteria": {
      "has_planks": "2024-11-11 00:23:57 +0000"
    },
    "done": true
  },
  "minecraft:husbandry/root": {
    "criteria": {
      "consumed_item": "2024-11-11 00:32:35 +0000"
    },
    "done": true
  },
  "minecraft:recipes/redstone/redstone_torch": {
    "criteria": {
      "has_redstone": "2024-11-11 01:30:52 +0000"
    },
    "done": true
  },
  "minecraft:recipes/transportation/birch_boat": {
    "criteria": {
      "in_water": "2024-11-15 22:47:14 +0000"
    },
    "done": true
  },
  "securitycraft:recipes/securitycraft/reinforced_purple_stained_glass_pane_from_glass": {
    "criteria": {
      "has_glass": "2024-11-10 23:24:17 +0000"
    },
    "done": true
  },
  "minecraft:recipes/building_blocks/oak_stairs": {
    "criteria": {
      "has_planks": "2024-11-10 23:48:13 +0000"
    },
    "done": true
  },
  "minecraft:recipes/building_blocks/quartz_stairs": {
    "criteria": {
      "has_quartz_block": "2024-11-11 00:23:57 +0000"
    },
    "done": true
  },
  "securitycraft:recipes/securitycraft/reinforced_brown_stained_glass_pane_from_dye": {
    "criteria": {
      "has_glass": "2024-11-10 23:24:17 +0000"
    },
    "done": true
  },
  "pfm:recipes/pfm.furniture/quartz_chair_dinner": {
    "criteria": {
      "quartz_chair_dinner": "2024-11-11 00:23:57 +0000"
    },
    "done": true
  },
  "minecraft:recipes/building_blocks/green_concrete_powder": {
    "criteria": {
      "has_sand": "2024-11-11 01:48:30 +0000"
    },
    "done": true
  },
  "minecraft:recipes/transportation/acacia_boat": {
    "criteria": {
      "in_water": "2024-11-15 22:47:14 +0000"
    },
    "done": true
  },
  "pfm:recipes/pfm.furniture/smooth_stone_kitchen_wall_drawer": {
    "criteria": {
      "has_planks": "2024-11-10 23:24:31 +0000"
    },
    "done": true
  },
  "minecraft:adventure/root": {
    "criteria": {
      "killed_something": "2024-11-11 00:31:22 +0000"
    },
    "done": true
  },
  "securitycraft:recipes/securitycraft/reinforced_magenta_stained_glass_pane_from_glass": {
    "criteria": {
      "has_glass": "2024-11-10 23:24:17 +0000"
    },
    "done": true
  },
  "pfm:recipes/pfm.furniture/dark_wood_kitchen_wall_small_drawer": {
    "criteria": {
      "has_planks": "2024-11-11 00:23:57 +0000"
    },
    "done": true
  },
  "pfm:recipes/pfm.furniture/light_wood_table_classic": {
    "criteria": {
      "light_wood_table_classic": "2024-11-11 00:23:57 +0000"
    },
    "done": true
  },
  "pfm:recipes/pfm.furniture/stone_classic_nightstand": {
    "criteria": {
      "stone_classic_nightstand": "2024-11-11 02:04:26 +0000"
    },
    "done": true
  },
  "pfm:recipes/pfm.furniture/dark_wood_table_dinner": {
    "criteria": {
      "dark_wood_table_dinner": "2024-11-11 00:23:57 +0000"
    },
    "done": true
  },
  "pfm:recipes/pfm.furniture/smooth_stone_kitchen_cabinet": {
    "criteria": {
      "has_planks": "2024-11-10 23:24:31 +0000"
    },
    "done": true
  },
  "minecraft:recipes/building_blocks/white_concrete_powder": {
    "criteria": {
      "has_sand": "2024-11-11 01:48:30 +0000"
    },
    "done": true
  },
  "minecraft:recipes/building_blocks/stone_brick_stairs_from_stone_stonecutting": {
    "criteria": {
      "has_stone": "2024-11-11 02:04:26 +0000"
    },
    "done": true
  },
  "minecraft:recipes/tools/clock": {
    "criteria": {
      "has_redstone": "2024-11-11 01:30:52 +0000"
    },
    "done": true
  },
  "securitycraft:recipes/securitycraft/reinforced_yellow_stained_glass": {
    "criteria": {
      "has_glass": "2024-11-10 23:24:17 +0000"
    },
    "done": true
  },
  "pfm:recipes/pfm.furniture/dark_wood_kitchen_cabinet": {
    "criteria": {
      "has_planks": "2024-11-11 00:23:57 +0000"
    },
    "done": true
  },
  "pfm:recipes/pfm.furniture/quartz_classic_nightstand": {
    "criteria": {
      "quartz_classic_nightstand": "2024-11-11 00:23:57 +0000"
    },
    "done": true
  },
  "pfm:recipes/pfm.furniture/light_wood_kitchen_wall_small_drawer": {
    "criteria": {
      "has_planks": "2024-11-11 00:23:57 +0000"
    },
    "done": true
  },
  "minecraft:recipes/decorations/white_stained_glass_pane": {
    "criteria": {
      "has_glass": "2024-11-10 23:24:17 +0000"
    },
    "done": true
  },
  "minecraft:recipes/building_blocks/polished_granite_slab_from_polished_granite_stonecutting": {
    "criteria": {
      "has_polished_granite": "2024-11-10 23:44:24 +0000"
    },
    "done": true
  },
  "theatrical:recipes/theatrical/led": {
    "criteria": {
      "has_item": "2024-11-15 22:27:11 +0000"
    },
    "done": true
  },
  "minecraft:recipes/building_blocks/chiseled_quartz_block_from_quartz_block_stonecutting": {
    "criteria": {
      "has_quartz_block": "2024-11-11 00:23:57 +0000"
    },
    "done": true
  },
  "pfm:recipes/pfm.furniture/oak_table_classic": {
    "criteria": {
      "has_planks": "2024-11-10 23:48:13 +0000"
    },
    "done": true
  },
  "minecraft:recipes/redstone/redstone_block": {
    "criteria": {
      "has_redstone": "2024-11-11 01:30:52 +0000"
    },
    "done": true
  },
  "minecraft:recipes/decorations/stone_brick_wall": {
    "criteria": {
      "has_stone_bricks": "2024-11-10 23:52:32 +0000"
    },
    "done": true
  },
  "pfm:recipes/pfm.furniture/dark_wood_simple_stool": {
    "criteria": {
      "has_planks": "2024-11-11 00:23:57 +0000"
    },
    "done": true
  },
  "securitycraft:recipes/securitycraft/reinforced_cyan_stained_glass_pane_from_dye": {
    "criteria": {
      "has_glass": "2024-11-10 23:24:17 +0000"
    },
    "done": true
  },
  "pfm:recipes/pfm.furniture/quartz_table_modern_dinner": {
    "criteria": {
      "quartz_table_modern_dinner": "2024-11-11 00:23:57 +0000"
    },
    "done": true
  },
  "pfm:recipes/pfm.furniture/dark_wood_chair_classic": {
    "criteria": {
      "dark_wood_chair_classic": "2024-11-11 00:23:57 +0000"
    },
    "done": true
  },
  "pfm:recipes/pfm.furniture/light_wood_kitchen_drawer": {
    "criteria": {
      "has_planks": "2024-11-11 00:23:57 +0000"
    },
    "done": true
  },
  "pfm:recipes/pfm.furniture/oak_kitchen_wall_counter": {
    "criteria": {
      "has_planks": "2024-11-10 23:48:13 +0000"
    },
    "done": true
  },
  "pfm:recipes/pfm.furniture/light_wood_kitchen_wall_counter": {
    "criteria": {
      "has_planks": "2024-11-11 00:23:57 +0000"
    },
    "done": true
  },
  "minecraft:recipes/building_blocks/quartz_pillar_from_quartz_block_stonecutting": {
    "criteria": {
      "has_quartz_block": "2024-11-11 00:23:57 +0000"
    },
    "done": true
  },
  "minecraft:recipes/building_blocks/smooth_quartz": {
    "criteria": {
      "has_quartz_block": "2024-11-11 00:23:57 +0000"
    },
    "done": true
  },
  "pfm:recipes/pfm.furniture/oak_table_log": {
    "criteria": {
      "has_log": "2024-11-10 23:48:13 +0000"
    },
    "done": true
  },
  "pfm:recipes/pfm.furniture/light_wood_table_basic": {
    "criteria": {
      "light_wood_table_basic": "2024-11-11 00:23:57 +0000"
    },
    "done": true
  },
  "minecraft:recipes/decorations/oak_fence": {
    "criteria": {
      "has_planks": "2024-11-10 23:48:13 +0000"
    },
    "done": true
  },
  "minecraft:recipes/transportation/oak_boat": {
    "criteria": {
      "in_water": "2024-11-15 22:47:14 +0000"
    },
    "done": true
  },
  "securitycraft:recipes/securitycraft/reinforced_light_gray_stained_glass_pane_from_glass": {
    "criteria": {
      "has_glass": "2024-11-10 23:24:17 +0000"
    },
    "done": true
  },
  "securitycraft:recipes/securitycraft/reinforced_yellow_stained_glass_pane_from_glass": {
    "criteria": {
      "has_glass": "2024-11-10 23:24:17 +0000"
    },
    "done": true
  },
  "securitycraft:recipes/securitycraft/universal_block_modifier": {
    "criteria": {
      "has_redstone": "2024-11-11 01:30:52 +0000"
    },
    "done": true
  },
  "minecraft:recipes/decorations/anvil": {
    "criteria": {
      "has_iron_block": "2024-11-11 00:37:17 +0000"
    },
    "done": true
  },
  "pfm:recipes/pfm.furniture/stone_simple_stool": {
    "criteria": {
      "has_planks": "2024-11-11 02:04:26 +0000"
    },
    "done": true
  },
  "minecraft:recipes/building_blocks/orange_concrete_powder": {
    "criteria": {
      "has_sand": "2024-11-11 01:48:30 +0000"
    },
    "done": true
  },
  "securitycraft:recipes/securitycraft/secret_dark_oak_sign_item": {
    "criteria": {
      "has_sign": "2024-11-15 23:42:08 +0000"
    },
    "done": true
  },
  "minecraft:recipes/building_blocks/oak_slab": {
    "criteria": {
      "has_planks": "2024-11-10 23:48:13 +0000"
    },
    "done": true
  },
  "pfm:recipes/pfm.furniture/glass_modern_pendant": {
    "criteria": {
      "has_white_stained_glass": "2024-11-10 23:24:17 +0000"
    },
    "done": true
  },
  "minecraft:recipes/building_blocks/cyan_concrete_powder": {
    "criteria": {
      "has_sand": "2024-11-11 01:48:30 +0000"
    },
    "done": true
  },
  "securitycraft:recipes/securitycraft/secret_crimson_sign_item": {
    "criteria": {
      "has_sign": "2024-11-15 23:42:08 +0000"
    },
    "done": true
  },
  "securitycraft:recipes/securitycraft/reinforced_gray_stained_glass": {
    "criteria": {
      "has_glass": "2024-11-10 23:24:17 +0000"
    },
    "done": true
  },
  "minecraft:recipes/building_blocks/stone_brick_stairs": {
    "criteria": {
      "has_stone_bricks": "2024-11-10 23:52:32 +0000"
    },
    "done": true
  },
  "pfm:recipes/pfm.furniture/xbox_fridge": {
    "criteria": {
      "has_black_concrete": "2024-11-15 22:32:27 +0000"
    },
    "done": true
  },
  "pfm:recipes/pfm.furniture/stone_chair_dinner": {
    "criteria": {
      "stone_chair_dinner": "2024-11-11 02:04:26 +0000"
    },
    "done": true
  },
  "pfm:recipes/pfm.furniture/oak_classic_stool": {
    "criteria": {
      "has_planks": "2024-11-10 23:48:13 +0000"
    },
    "done": true
  },
  "pfm:recipes/pfm.furniture/dark_wood_chair": {
    "criteria": {
      "dark_wood_chair": "2024-11-11 00:23:57 +0000"
    },
    "done": true
  },
  "pfm:recipes/pfm.furniture/stone_table_dinner": {
    "criteria": {
      "stone_table_dinner": "2024-11-11 02:04:26 +0000"
    },
    "done": true
  },
  "pfm:recipes/pfm.furniture/granite_table_dinner": {
    "criteria": {
      "granite_table_dinner": "2024-11-10 23:44:24 +0000"
    },
    "done": true
  },
  "securitycraft:recipes/securitycraft/claymore": {
    "criteria": {
      "has_redstone": "2024-11-11 01:30:52 +0000"
    },
    "done": true
  },
  "pfm:recipes/pfm.furniture/dark_wood_classic_nightstand": {
    "criteria": {
      "dark_wood_classic_nightstand": "2024-11-11 00:23:57 +0000"
    },
    "done": true
  },
  "pfm:recipes/pfm.furniture/oak_chair": {
    "criteria": {
      "has_planks": "2024-11-10 23:48:13 +0000"
    },
    "done": true
  },
  "pfm:recipes/pfm.furniture/granite_chair": {
    "criteria": {
      "granite_chair": "2024-11-10 23:44:24 +0000"
    },
    "done": true
  },
  "securitycraft:recipes/securitycraft/reinforced_cyan_stained_glass": {
    "criteria": {
      "has_glass": "2024-11-10 23:24:17 +0000"
    },
    "done": true
  },
  "securitycraft:recipes/securitycraft/secret_warped_sign_item": {
    "criteria": {
      "has_sign": "2024-11-15 23:42:08 +0000"
    },
    "done": true
  },
  "minecraft:recipes/building_blocks/stone_bricks_from_stone_stonecutting": {
    "criteria": {
      "has_stone": "2024-11-11 02:04:26 +0000"
    },
    "done": true
  },
  "pfm:recipes/pfm.furniture/dark_wood_kitchen_wall_drawer": {
    "criteria": {
      "has_planks": "2024-11-11 00:23:57 +0000"
    },
    "done": true
  },
  "pfm:recipes/pfm.furniture/white_mirror": {
    "criteria": {
      "has_white_concrete": "2024-11-10 23:24:31 +0000"
    },
    "done": true
  },
  "pfm:recipes/pfm.furniture/stone_kitchen_counter": {
    "criteria": {
      "has_planks": "2024-11-11 02:04:26 +0000"
    },
    "done": true
  },
  "pfm:recipes/pfm.furniture/white_modern_pendant": {
    "criteria": {
      "has_white_concrete": "2024-11-10 23:24:31 +0000"
    },
    "done": true
  },
  "pfm:recipes/pfm.furniture/light_wood_chair_dinner": {
    "criteria": {
      "light_wood_chair_dinner": "2024-11-11 00:23:57 +0000"
    },
    "done": true
  },
  "minecraft:recipes/decorations/stone_brick_wall_from_stone_bricks_stonecutting": {
    "criteria": {
      "has_stone_bricks": "2024-11-10 23:52:32 +0000"
    },
    "done": true
  },
  "pfm:recipes/pfm.furniture/smooth_stone_kitchen_drawer": {
    "criteria": {
      "has_planks": "2024-11-10 23:24:31 +0000"
    },
    "done": true
  },
  "pfm:recipes/pfm.furniture/oak_simple_stool": {
    "criteria": {
      "has_planks": "2024-11-10 23:48:13 +0000"
    },
    "done": true
  },
  "securitycraft:recipes/securitycraft/universal_key_changer": {
    "criteria": {
      "has_redstone": "2024-11-11 01:30:52 +0000"
    },
    "done": true
  },
  "pfm:recipes/pfm.furniture/oak_kitchen_counter": {
    "criteria": {
      "has_planks": "2024-11-10 23:48:13 +0000"
    },
    "done": true
  },
  "minecraft:recipes/building_blocks/chiseled_stone_bricks_from_stone_bricks_stonecutting": {
    "criteria": {
      "has_stone_bricks": "2024-11-10 23:52:32 +0000"
    },
    "done": true
  },
  "securitycraft:recipes/securitycraft/reinforced_glass_pane": {
    "criteria": {
      "has_glass": "2024-11-10 23:24:17 +0000"
    },
    "done": true
  },
  "minecraft:recipes/building_blocks/quartz_slab": {
    "criteria": {
      "has_quartz_block": "2024-11-11 00:23:57 +0000"
    },
    "done": true
  },
  "securitycraft:recipes/securitycraft/reinforced_brown_stained_glass_pane_from_glass": {
    "criteria": {
      "has_glass": "2024-11-10 23:24:17 +0000"
    },
    "done": true
  },
  "pfm:recipes/pfm.furniture/basic_plate": {
    "criteria": {
      "has_white_concrete": "2024-11-10 23:24:31 +0000"
    },
    "done": true
  },
  "pfm:recipes/pfm.furniture/oak_kitchen_drawer": {
    "criteria": {
      "has_planks": "2024-11-10 23:48:13 +0000"
    },
    "done": true
  },
  "securitycraft:recipes/securitycraft/reinforced_black_stained_glass_pane_from_glass": {
    "criteria": {
      "has_glass": "2024-11-10 23:24:17 +0000"
    },
    "done": true
  },
  "pfm:recipes/pfm.furniture/basic_toilet": {
    "criteria": {
      "has_quartz_block": "2024-11-11 00:23:57 +0000"
    },
    "done": true
  },
  "theatrical:recipes/theatrical/positioner": {
    "criteria": {
      "has_item": "2024-11-15 22:27:11 +0000"
    },
    "done": true
  },
  "minecraft:recipes/decorations/blue_glazed_terracotta": {
    "criteria": {
      "has_blue_terracotta": "2024-11-15 23:56:19 +0000"
    },
    "done": true
  },
  "minecraft:recipes/building_blocks/stone_slab": {
    "criteria": {
      "has_stone": "2024-11-11 02:04:26 +0000"
    },
    "done": true
  },
  "pfm:recipes/pfm.furniture/dark_wood_table_basic": {
    "criteria": {
      "dark_wood_table_basic": "2024-11-11 00:23:57 +0000"
    },
    "done": true
  },
  "pfm:recipes/pfm.furniture/stone_table_modern_dinner": {
    "criteria": {
      "stone_table_modern_dinner": "2024-11-11 02:04:26 +0000"
    },
    "done": true
  },
  "securitycraft:recipes/securitycraft/reinforced_yellow_stained_glass_pane_from_dye": {
    "criteria": {
      "has_glass": "2024-11-10 23:24:17 +0000"
    },
    "done": true
  },
  "pfm:recipes/pfm.furniture/white_fridge": {
    "criteria": {
      "has_white_concrete": "2024-11-10 23:24:31 +0000"
    },
    "done": true
  },
  "pfm:recipes/pfm.furniture/granite_modern_stool": {
    "criteria": {
      "has_planks": "2024-11-10 23:44:24 +0000"
    },
    "done": true
  },
  "minecraft:recipes/misc/gold_nugget_from_blasting": {
    "criteria": {
      "has_golden_shovel": "2024-11-11 01:00:54 +0000"
    },
    "done": true
  },
  "securitycraft:recipes/securitycraft/username_logger": {
    "criteria": {
      "has_redstone": "2024-11-11 01:30:52 +0000"
    },
    "done": true
  },
  "pfm:recipes/pfm.furniture/stone_modern_stool": {
    "criteria": {
      "has_planks": "2024-11-11 02:04:26 +0000"
    },
    "done": true
  },
  "minecraft:recipes/building_blocks/blue_concrete_powder": {
    "criteria": {
      "has_sand": "2024-11-11 01:48:30 +0000"
    },
    "done": true
  },
  "minecraft:recipes/building_blocks/gray_concrete_powder": {
    "criteria": {
      "has_sand": "2024-11-11 01:48:30 +0000"
    },
    "done": true
  },
  "securitycraft:recipes/securitycraft/cage_trap": {
    "criteria": {
      "has_redstone": "2024-11-11 01:30:52 +0000"
    },
    "done": true
  },
  "pfm:recipes/pfm.furniture/concrete_kitchen_drawer": {
    "criteria": {
      "has_planks": "2024-11-10 23:24:31 +0000"
    },
    "done": true
  },
  "securitycraft:recipes/securitycraft/universal_block_reinforcer_lvl2": {
    "criteria": {
      "has_redstone": "2024-11-11 01:30:52 +0000"
    },
    "done": true
  },
  "securitycraft:recipes/securitycraft/universal_block_reinforcer_lvl1": {
    "criteria": {
      "has_redstone": "2024-11-11 01:30:52 +0000"
    },
    "done": true
  },
  "securitycraft:recipes/securitycraft/universal_block_reinforcer_lvl3": {
    "criteria": {
      "has_redstone": "2024-11-11 01:30:52 +0000"
    },
    "done": true
  },
  "pfm:recipes/pfm.furniture/dark_wood_kitchen_sink": {
    "criteria": {
      "has_planks": "2024-11-11 00:23:57 +0000"
    },
    "done": true
  },
  "pfm:recipes/pfm.furniture/stone_kitchen_drawer": {
    "criteria": {
      "has_planks": "2024-11-11 02:04:26 +0000"
    },
    "done": true
  },
  "pfm:recipes/pfm.furniture/granite_table_classic": {
    "criteria": {
      "granite_table_classic": "2024-11-10 23:44:24 +0000"
    },
    "done": true
  },
  "minecraft:recipes/building_blocks/quartz_slab_from_stonecutting": {
    "criteria": {
      "has_quartz_block": "2024-11-11 00:23:57 +0000"
    },
    "done": true
  },
  "securitycraft:recipes/securitycraft/reinforced_black_stained_glass": {
    "criteria": {
      "has_glass": "2024-11-10 23:24:17 +0000"
    },
    "done": true
  },
  "minecraft:recipes/redstone/oak_pressure_plate": {
    "criteria": {
      "has_planks": "2024-11-10 23:48:13 +0000"
    },
    "done": true
  },
  "pfm:recipes/pfm.furniture/basic_sink": {
    "criteria": {
      "has_quartz_block": "2024-11-11 00:23:57 +0000"
    },
    "done": true
  },
  "cgm:recipes/cgm/bazooka": {
    "criteria": {
      "has_redstone": "2024-11-15 22:27:11 +0000"
    },
    "done": true
  },
  "minecraft:recipes/building_blocks/chiseled_quartz_block": {
    "criteria": {
      "has_quartz_block": "2024-11-11 00:23:57 +0000"
    },
    "done": true
  },
  "pfm:recipes/pfm.furniture/stone_kitchen_counter_oven": {
    "criteria": {
      "has_planks": "2024-11-11 02:04:26 +0000"
    },
    "done": true
  },
  "minecraft:recipes/building_blocks/black_concrete_powder": {
    "criteria": {
      "has_sand": "2024-11-11 01:48:30 +0000"
    },
    "done": true
  },
  "pfm:recipes/pfm.furniture/granite_chair_dinner": {
    "criteria": {
      "granite_chair_dinner": "2024-11-10 23:44:24 +0000"
    },
    "done": true
  },
  "securitycraft:recipes/securitycraft/laser_block": {
    "criteria": {
      "has_stone": "2024-11-10 23:44:24 +0000"
    },
    "done": true
  },
  "pfm:recipes/pfm.furniture/dark_wood_chair_modern": {
    "criteria": {
      "dark_wood_chair_modern": "2024-11-11 00:23:57 +0000"
    },
    "done": true
  },
  "pfm:recipes/pfm.furniture/white_freezer": {
    "criteria": {
      "has_white_concrete": "2024-11-10 23:24:31 +0000"
    },
    "done": true
  },
  "minecraft:recipes/redstone/stone_button": {
    "criteria": {
      "has_stone": "2024-11-11 02:04:26 +0000"
    },
    "done": true
  },
  "minecraft:recipes/redstone/dropper": {
    "criteria": {
      "has_redstone": "2024-11-11 01:30:52 +0000"
    },
    "done": true
  },
  "pfm:recipes/pfm.furniture/stone_kitchen_sink": {
    "criteria": {
      "has_planks": "2024-11-11 02:04:26 +0000"
    },
    "done": true
  },
  "minecraft:recipes/decorations/oak_sign": {
    "criteria": {
      "has_oak_planks": "2024-11-10 23:48:13 +0000"
    },
    "done": true
  },
  "minecraft:recipes/redstone/oak_trapdoor": {
    "criteria": {
      "has_planks": "2024-11-10 23:48:13 +0000"
    },
    "done": true
  },
  "pfm:recipes/pfm.furniture/light_wood_kitchen_wall_drawer": {
    "criteria": {
      "has_planks": "2024-11-11 00:23:57 +0000"
    },
    "done": true
  },
  "securitycraft:recipes/securitycraft/portable_tune_player": {
    "criteria": {
      "has_redstone": "2024-11-11 01:30:52 +0000"
    },
    "done": true
  },
  "minecraft:recipes/building_blocks/red_concrete_powder": {
    "criteria": {
      "has_sand": "2024-11-11 01:48:30 +0000"
    },
    "done": true
  },
  "securitycraft:recipes/securitycraft/reinforced_blue_stained_glass": {
    "criteria": {
      "has_glass": "2024-11-10 23:24:17 +0000"
    },
    "done": true
  },
  "pfm:recipes/pfm.furniture/oak_table_dinner": {
    "criteria": {
      "has_planks": "2024-11-10 23:48:13 +0000"
    },
    "done": true
  },
  "pfm:grant_book_on_first_join": {
    "criteria": {
      "tick": "2024-11-10 23:10:34 +0000"
    },
    "done": true
  },
  "minecraft:recipes/building_blocks/polished_granite_slab": {
    "criteria": {
      "has_polished_granite": "2024-11-10 23:44:24 +0000"
    },
    "done": true
  },
  "securitycraft:recipes/securitycraft/reinforced_brown_stained_glass": {
    "criteria": {
      "has_glass": "2024-11-10 23:24:17 +0000"
    },
    "done": true
  },
  "securitycraft:recipes/securitycraft/reinforced_light_gray_stained_glass_pane_from_dye": {
    "criteria": {
      "has_glass": "2024-11-10 23:24:17 +0000"
    },
    "done": true
  },
  "pfm:recipes/pfm.furniture/oak_kitchen_counter_oven": {
    "criteria": {
      "has_planks": "2024-11-10 23:48:13 +0000"
    },
    "done": true
  },
  "pfm:recipes/pfm.furniture/dark_wood_kitchen_counter": {
    "criteria": {
      "has_planks": "2024-11-11 00:23:57 +0000"
    },
    "done": true
  },
  "minecraft:recipes/tools/compass": {
    "criteria": {
      "has_redstone": "2024-11-11 01:30:52 +0000"
    },
    "done": true
  },
  "minecraft:recipes/redstone/oak_button": {
    "criteria": {
      "has_planks": "2024-11-10 23:48:13 +0000"
    },
    "done": true
  },
  "pfm:recipes/pfm.furniture/light_wood_table_modern_dinner": {
    "criteria": {
      "light_wood_table_modern_dinner": "2024-11-11 00:23:57 +0000"
    },
    "done": true
  },
  "securitycraft:recipes/securitycraft/secret_acacia_sign_item": {
    "criteria": {
      "has_sign": "2024-11-15 23:42:08 +0000"
    },
    "done": true
  },
  "securitycraft:recipes/securitycraft/reinforced_orange_stained_glass_pane_from_dye": {
    "criteria": {
      "has_glass": "2024-11-10 23:24:17 +0000"
    },
    "done": true
  },
  "securitycraft:recipes/securitycraft/reinforced_magenta_stained_glass": {
    "criteria": {
      "has_glass": "2024-11-10 23:24:17 +0000"
    },
    "done": true
  },
  "pfm:recipes/pfm.furniture/oak_kitchen_sink": {
    "criteria": {
      "has_planks": "2024-11-10 23:48:13 +0000"
    },
    "done": true
  },
  "pfm:recipes/pfm.furniture/concrete_kitchen_wall_counter": {
    "criteria": {
      "has_planks": "2024-11-10 23:24:31 +0000"
    },
    "done": true
  },
  "pfm:recipes/pfm.furniture/oak_simple_bunk_ladder": {
    "criteria": {
      "has_planks": "2024-11-10 23:48:13 +0000"
    },
    "done": true
  },
  "minecraft:recipes/building_blocks/polished_granite_stairs_from_polished_granite_stonecutting": {
    "criteria": {
      "has_polished_granite": "2024-11-10 23:44:24 +0000"
    },
    "done": true
  },
  "pfm:recipes/pfm.furniture/oak_kitchen_cabinet": {
    "criteria": {
      "has_planks": "2024-11-10 23:48:13 +0000"
    },
    "done": true
  },
  "pfm:recipes/pfm.furniture/quartz_table_classic": {
    "criteria": {
      "quartz_table_classic": "2024-11-11 00:23:57 +0000"
    },
    "done": true
  },
  "pfm:recipes/pfm.furniture/oak_modern_stool": {
    "criteria": {
      "has_planks": "2024-11-10 23:48:13 +0000"
    },
    "done": true
  },
  "securitycraft:recipes/securitycraft/reinforced_pink_stained_glass": {
    "criteria": {
      "has_glass": "2024-11-10 23:24:17 +0000"
    },
    "done": true
  },
  "minecraft:recipes/decorations/stonecutter": {
    "criteria": {
      "has_stone": "2024-11-11 02:04:26 +0000"
    },
    "done": true
  },
  "pfm:recipes/pfm.furniture/stone_classic_stool": {
    "criteria": {
      "has_planks": "2024-11-11 02:04:26 +0000"
    },
    "done": true
  },
  "minecraft:adventure/adventuring_time": {
    "criteria": {
      "minecraft:mountains": "2024-11-10 23:23:25 +0000",
      "minecraft:taiga": "2024-11-11 00:45:44 +0000",
      "minecraft:taiga_hills": "2024-11-15 22:46:57 +0000",
      "minecraft:warm_ocean": "2024-11-10 23:15:24 +0000",
      "minecraft:deep_lukewarm_ocean": "2024-11-10 23:14:30 +0000",
      "minecraft:beach": "2024-11-10 23:13:19 +0000",
      "minecraft:river": "2024-11-10 23:13:20 +0000",
      "minecraft:lukewarm_ocean": "2024-11-10 23:13:34 +0000",
      "minecraft:wooded_hills": "2024-11-11 00:39:40 +0000",
      "minecraft:stone_shore": "2024-11-10 23:20:29 +0000",
      "minecraft:plains": "2024-11-10 23:10:34 +0000"
    },
    "done": false
  },
  "pfm:recipes/pfm.furniture/light_wood_table_dinner": {
    "criteria": {
      "light_wood_table_dinner": "2024-11-11 00:23:57 +0000"
    },
    "done": true
  },
  "pfm:recipes/pfm.furniture/dark_wood_kitchen_counter_oven": {
    "criteria": {
      "has_planks": "2024-11-11 00:23:57 +0000"
    },
    "done": true
  },
  "securitycraft:recipes/securitycraft/reinforced_purple_stained_glass": {
    "criteria": {
      "has_glass": "2024-11-10 23:24:17 +0000"
    },
    "done": true
  },
  "pfm:recipes/pfm.furniture/stone_kitchen_cabinet": {
    "criteria": {
      "has_planks": "2024-11-11 02:04:26 +0000"
    },
    "done": true
  },
  "pfm:recipes/pfm.furniture/light_wood_kitchen_sink": {
    "criteria": {
      "has_planks": "2024-11-11 00:23:57 +0000"
    },
    "done": true
  },
  "pfm:recipes/pfm.furniture/light_wood_modern_stool": {
    "criteria": {
      "has_planks": "2024-11-11 00:23:57 +0000"
    },
    "done": true
  },
  "pfm:recipes/pfm.furniture/dark_wood_table_natural": {
    "criteria": {
      "dark_wood_table_natural": "2024-11-11 00:23:57 +0000"
    },
    "done": true
  },
  "pfm:recipes/pfm.furniture/quartz_chair_modern": {
    "criteria": {
      "quartz_chair_modern": "2024-11-11 00:23:57 +0000"
    },
    "done": true
  },
  "minecraft:recipes/decorations/barrel": {
    "criteria": {
      "has_planks": "2024-11-10 23:48:13 +0000"
    },
    "done": true
  },
  "pfm:recipes/pfm.furniture/light_wood_chair": {
    "criteria": {
      "light_wood_chair": "2024-11-11 00:23:57 +0000"
    },
    "done": true
  },
  "securitycraft:recipes/securitycraft/reinforced_pink_stained_glass_pane_from_dye": {
    "criteria": {
      "has_glass": "2024-11-10 23:24:17 +0000"
    },
    "done": true
  },
  "pfm:recipes/pfm.furniture/oak_table_basic": {
    "criteria": {
      "has_planks": "2024-11-10 23:48:13 +0000"
    },
    "done": true
  },
  "minecraft:recipes/redstone/oak_door": {
    "criteria": {
      "has_planks": "2024-11-10 23:48:13 +0000"
    },
    "done": true
  },
  "minecraft:recipes/building_blocks/quartz_bricks": {
    "criteria": {
      "has_quartz_block": "2024-11-11 00:23:57 +0000"
    },
    "done": true
  },
  "pfm:recipes/pfm.furniture/smooth_stone_kitchen_counter": {
    "criteria": {
      "has_planks": "2024-11-10 23:24:31 +0000"
    },
    "done": true
  },
  "pfm:recipes/pfm.furniture/stone_kitchen_wall_drawer": {
    "criteria": {
      "has_planks": "2024-11-11 02:04:26 +0000"
    },
    "done": true
  },
  "minecraft:recipes/redstone/stone_pressure_plate": {
    "criteria": {
      "has_stone": "2024-11-11 02:04:26 +0000"
    },
    "done": true
  },
  "securitycraft:recipes/securitycraft/reinforced_lime_stained_glass_pane_from_dye": {
    "criteria": {
      "has_glass": "2024-11-10 23:24:17 +0000"
    },
    "done": true
  },
  "pfm:recipes/pfm.furniture/quartz_classic_stool": {
    "criteria": {
      "has_planks": "2024-11-11 00:23:57 +0000"
    },
    "done": true
  },
  "minecraft:recipes/transportation/jungle_boat": {
    "criteria": {
      "in_water": "2024-11-15 22:47:14 +0000"
    },
    "done": true
  },
  "securitycraft:recipes/securitycraft/reinforced_magenta_stained_glass_pane_from_dye": {
    "criteria": {
      "has_glass": "2024-11-10 23:24:17 +0000"
    },
    "done": true
  },
  "minecraft:recipes/misc/iron_ingot_from_iron_block": {
    "criteria": {
      "has_iron_block": "2024-11-11 00:37:17 +0000"
    },
    "done": true
  },
  "minecraft:recipes/decorations/stone_brick_walls_from_stone_stonecutting": {
    "criteria": {
      "has_stone": "2024-11-11 02:04:26 +0000"
    },
    "done": true
  },
  "pfm:recipes/pfm.furniture/dark_wood_table_classic": {
    "criteria": {
      "dark_wood_table_classic": "2024-11-11 00:23:57 +0000"
    },
    "done": true
  },
  "pfm:recipes/pfm.furniture/oak_chair_classic": {
    "criteria": {
      "has_planks": "2024-11-10 23:48:13 +0000"
    },
    "done": true
  },
  "minecraft:recipes/transportation/dark_oak_boat": {
    "criteria": {
      "in_water": "2024-11-15 22:47:14 +0000"
    },
    "done": true
  },
  "pfm:recipes/pfm.furniture/concrete_kitchen_cabinet": {
    "criteria": {
      "has_planks": "2024-11-10 23:24:31 +0000"
    },
    "done": true
  },
  "pfm:recipes/pfm.furniture/granite_table_basic": {
    "criteria": {
      "granite_table_basic": "2024-11-10 23:44:24 +0000"
    },
    "done": true
  },
  "cgm:recipes/cgm/short_scope": {
    "criteria": {
      "has_redstone": "2024-11-15 22:27:11 +0000"
    },
    "done": true
  },
  "minecraft:recipes/building_blocks/quartz_bricks_from_quartz_block_stonecutting": {
    "criteria": {
      "has_quartz_block": "2024-11-11 00:23:57 +0000"
    },
    "done": true
  },
  "pfm:recipes/root": {
    "criteria": {
      "has_planks": "2024-11-10 23:48:13 +0000"
    },
    "done": true
  },
  "pfm:recipes/pfm.furniture/basic_bathtub": {
    "criteria": {
      "has_quartz_block": "2024-11-11 00:23:57 +0000"
    },
    "done": true
  },
  "pfm:recipes/pfm.furniture/concrete_kitchen_sink": {
    "criteria": {
      "has_planks": "2024-11-10 23:24:31 +0000"
    },
    "done": true
  },
  "pfm:recipes/pfm.furniture/concrete_kitchen_wall_drawer": {
    "criteria": {
      "has_planks": "2024-11-10 23:24:31 +0000"
    },
    "done": true
  },
  "securitycraft:recipes/securitycraft/reinforced_white_stained_glass": {
    "criteria": {
      "has_glass": "2024-11-10 23:24:17 +0000"
    },
    "done": true
  },
  "minecraft:recipes/redstone/piston": {
    "criteria": {
      "has_redstone": "2024-11-11 01:30:52 +0000"
    },
    "done": true
  },
  "pfm:recipes/pfm.furniture/oak_kitchen_wall_small_drawer": {
    "criteria": {
      "has_planks": "2024-11-10 23:48:13 +0000"
    },
    "done": true
  },
  "pfm:recipes/pfm.furniture/dark_wood_modern_stool": {
    "criteria": {
      "has_planks": "2024-11-11 00:23:57 +0000"
    },
    "done": true
  },
  "pfm:recipes/pfm.furniture/oak_table_modern_dinner": {
    "criteria": {
      "has_planks": "2024-11-10 23:48:13 +0000"
    },
    "done": true
  },
  "minecraft:recipes/building_blocks/stone_stairs": {
    "criteria": {
      "has_stone": "2024-11-11 02:04:26 +0000"
    },
    "done": true
  },
  "securitycraft:recipes/securitycraft/secret_birch_sign_item": {
    "criteria": {
      "has_sign": "2024-11-15 23:42:08 +0000"
    },
    "done": true
  },
  "securitycraft:recipes/securitycraft/reinforced_pink_stained_glass_pane_from_glass": {
    "criteria": {
      "has_glass": "2024-11-10 23:24:17 +0000"
    },
    "done": true
  },
  "pfm:recipes/pfm.furniture/quartz_table_natural": {
    "criteria": {
      "quartz_table_natural": "2024-11-11 00:23:57 +0000"
    },
    "done": true
  },
  "pfm:recipes/pfm.furniture/dark_wood_kitchen_wall_counter": {
    "criteria": {
      "has_planks": "2024-11-11 00:23:57 +0000"
    },
    "done": true
  },
  "minecraft:recipes/misc/gold_nugget_from_smelting": {
    "criteria": {
      "has_golden_shovel": "2024-11-11 01:00:54 +0000"
    },
    "done": true
  },
  "pfm:recipes/pfm.furniture/oak_chair_modern": {
    "criteria": {
      "has_planks": "2024-11-10 23:48:13 +0000"
    },
    "done": true
  },
  "pfm:recipes/pfm.furniture/smooth_stone_kitchen_wall_small_drawer": {
    "criteria": {
      "has_planks": "2024-11-10 23:24:31 +0000"
    },
    "done": true
  },
  "pfm:recipes/pfm.furniture/dark_wood_classic_stool": {
    "criteria": {
      "has_planks": "2024-11-11 00:23:57 +0000"
    },
    "done": true
  },
  "pfm:recipes/pfm.furniture/quartz_modern_stool": {
    "criteria": {
      "has_planks": "2024-11-11 00:23:57 +0000"
    },
    "done": true
  },
  "securitycraft:recipes/securitycraft/reinforced_lime_stained_glass_pane_from_glass": {
    "criteria": {
      "has_glass": "2024-11-10 23:24:17 +0000"
    },
    "done": true
  },
  "pfm:recipes/pfm.furniture/light_wood_chair_modern": {
    "criteria": {
      "light_wood_chair_modern": "2024-11-11 00:23:57 +0000"
    },
    "done": true
  },
  "pfm:recipes/pfm.furniture/concrete_kitchen_counter_oven": {
    "criteria": {
      "has_planks": "2024-11-10 23:24:31 +0000"
    },
    "done": true
  },
  "pfm:recipes/pfm.furniture/smooth_stone_kitchen_wall_counter": {
    "criteria": {
      "has_planks": "2024-11-10 23:24:31 +0000"
    },
    "done": true
  },
  "securitycraft:recipes/securitycraft/alarm": {
    "criteria": {
      "has_redstone": "2024-11-11 01:30:52 +0000"
    },
    "done": true
  },
  "securitycraft:recipes/securitycraft/secret_sign_item": {
    "criteria": {
      "has_sign": "2024-11-15 23:42:08 +0000"
    },
    "done": true
  },
  "securitycraft:recipes/securitycraft/reinforced_cyan_stained_glass_pane_from_glass": {
    "criteria": {
      "has_glass": "2024-11-10 23:24:17 +0000"
    },
    "done": true
  },
  "pfm:recipes/pfm.furniture/white_oven_range_hood": {
    "criteria": {
      "has_white_concrete": "2024-11-10 23:24:31 +0000"
    },
    "done": true
  },
  "DataVersion": 2586
}