{
  "framedblocks:recipes/framed_blocks/framed_prism_corner": {
    "criteria": {
      "hasFramedSlope": "2024-11-16 00:03:18 +0000"
    },
    "done": true
  },
  "pfm:recipes/pfm.furniture/pink_arm_chair": {
    "criteria": {
      "has_wool": "2024-11-16 00:49:08 +0000"
    },
    "done": true
  },
  "pfm:recipes/pfm.furniture/oak_chair": {
    "criteria": {
      "has_planks": "2024-11-16 00:49:21 +0000"
    },
    "done": true
  },
  "pfm:recipes/pfm.furniture/magenta_arm_chair": {
    "criteria": {
      "has_wool": "2024-11-16 00:49:08 +0000"
    },
    "done": true
  },
  "minecraft:recipes/redstone/lever": {
    "criteria": {
      "has_cobblestone": "2024-11-16 00:31:31 +0000"
    },
    "done": true
  },
  "minecraft:recipes/building_blocks/cobblestone_stairs_from_cobblestone_stonecutting": {
    "criteria": {
      "has_cobblestone": "2024-11-16 00:31:31 +0000"
    },
    "done": true
  },
  "framedblocks:recipes/framed_blocks/framed_cube": {
    "criteria": {
      "hasPlanks": "2024-11-16 00:49:21 +0000"
    },
    "done": true
  },
  "pfm:recipes/pfm.furniture/white_arm_chair": {
    "criteria": {
      "has_wool": "2024-11-16 00:49:08 +0000"
    },
    "done": true
  },
  "pfm:recipes/pfm.furniture/blue_arm_chair": {
    "criteria": {
      "has_wool": "2024-11-16 00:49:08 +0000"
    },
    "done": true
  },
  "pfm:recipes/pfm.furniture/light_gray_simple_sofa": {
    "criteria": {
      "has_wool": "2024-11-16 00:49:08 +0000"
    },
    "done": true
  },
  "pfm:recipes/pfm.furniture/brown_arm_chair": {
    "criteria": {
      "has_wool": "2024-11-16 00:49:08 +0000"
    },
    "done": true
  },
  "pfm:recipes/pfm.furniture/red_arm_chair": {
    "criteria": {
      "has_wool": "2024-11-16 00:49:08 +0000"
    },
    "done": true
  },
  "pfm:recipes/pfm.furniture/oak_simple_stool": {
    "criteria": {
      "has_planks": "2024-11-16 00:49:21 +0000"
    },
    "done": true
  },
  "minecraft:recipes/decorations/crafting_table": {
    "criteria": {
      "has_planks": "2024-11-16 00:49:21 +0000"
    },
    "done": true
  },
  "pfm:recipes/pfm.furniture/oak_kitchen_counter": {
    "criteria": {
      "has_planks": "2024-11-16 00:49:21 +0000"
    },
    "done": true
  },
  "pfm:recipes/pfm.furniture/blue_simple_sofa": {
    "criteria": {
      "has_wool": "2024-11-16 00:49:08 +0000"
    },
    "done": true
  },
  "framedblocks:recipes/framed_blocks/framed_double_slope": {
    "criteria": {
      "hasFramedSlope": "2024-11-16 00:03:18 +0000"
    },
    "done": true
  },
  "minecraft:story/shiny_gear": {
    "criteria": {
      "diamond_chestplate": "2024-11-16 01:08:22 +0000"
    },
    "done": true
  },
  "minecraft:recipes/decorations/chest": {
    "criteria": {
      "has_lots_of_items": "2024-11-16 01:14:18 +0000"
    },
    "done": true
  },
  "pfm:recipes/pfm.furniture/oak_kitchen_drawer": {
    "criteria": {
      "has_planks": "2024-11-16 00:49:21 +0000"
    },
    "done": true
  },
  "pfm:recipes/pfm.furniture/purple_simple_sofa": {
    "criteria": {
      "has_wool": "2024-11-16 00:49:08 +0000"
    },
    "done": true
  },
  "securitycraft:recipes/securitycraft/sc_manual": {
    "criteria": {
      "has_wood": "2024-11-16 00:49:08 +0000"
    },
    "done": true
  },
  "minecraft:recipes/misc/stick": {
    "criteria": {
      "has_planks": "2024-11-16 00:49:21 +0000"
    },
    "done": true
  },
  "minecraft:recipes/transportation/spruce_boat": {
    "criteria": {
      "in_water": "2024-11-16 00:33:56 +0000"
    },
    "done": true
  },
  "minecraft:recipes/tools/stone_shovel": {
    "criteria": {
      "has_cobblestone": "2024-11-16 00:31:31 +0000"
    },
    "done": true
  },
  "minecraft:recipes/building_blocks/oak_planks": {
    "criteria": {
      "has_logs": "2024-11-16 00:49:08 +0000"
    },
    "done": true
  },
  "framedblocks:recipes/framed_blocks/framed_corner_slope": {
    "criteria": {
      "hasFramedSlope": "2024-11-16 00:03:18 +0000"
    },
    "done": true
  },
  "securitycraft:recipes/securitycraft/reinforced_andesite": {
    "criteria": {
      "has_cobblestone": "2024-11-16 00:31:31 +0000"
    },
    "done": true
  },
  "pfm:recipes/pfm.furniture/oak_kitchen_wall_drawer": {
    "criteria": {
      "has_planks": "2024-11-16 00:49:21 +0000"
    },
    "done": true
  },
  "pfm:recipes/pfm.furniture/green_arm_chair": {
    "criteria": {
      "has_wool": "2024-11-16 00:49:08 +0000"
    },
    "done": true
  },
  "minecraft:husbandry/balanced_diet": {
    "criteria": {
      "cooked_porkchop": "2024-11-16 00:40:19 +0000",
      "cooked_beef": "2024-11-16 01:14:51 +0000",
      "golden_apple": "2024-11-15 23:54:22 +0000",
      "cookie": "2024-11-16 01:21:53 +0000",
      "enchanted_golden_apple": "2024-11-16 00:28:41 +0000"
    },
    "done": false
  },
  "pfm:recipes/pfm.furniture/green_simple_sofa": {
    "criteria": {
      "has_wool": "2024-11-16 00:49:08 +0000"
    },
    "done": true
  },
  "pfm:recipes/pfm.furniture/lime_simple_sofa": {
    "criteria": {
      "has_wool": "2024-11-16 00:49:08 +0000"
    },
    "done": true
  },
  "minecraft:recipes/building_blocks/cobblestone_slab": {
    "criteria": {
      "has_cobblestone": "2024-11-16 00:31:31 +0000"
    },
    "done": true
  },
  "pfm:recipes/pfm.furniture/oak_chair_dinner": {
    "criteria": {
      "has_planks": "2024-11-16 00:49:21 +0000"
    },
    "done": true
  },
  "minecraft:recipes/redstone/oak_pressure_plate": {
    "criteria": {
      "has_planks": "2024-11-16 00:49:21 +0000"
    },
    "done": true
  },
  "minecraft:recipes/building_blocks/cobblestone_stairs": {
    "criteria": {
      "has_cobblestone": "2024-11-16 00:31:31 +0000"
    },
    "done": true
  },
  "pfm:recipes/pfm.furniture/cyan_simple_sofa": {
    "criteria": {
      "has_wool": "2024-11-16 00:49:08 +0000"
    },
    "done": true
  },
  "minecraft:recipes/building_blocks/oak_wood": {
    "criteria": {
      "has_log": "2024-11-16 00:49:08 +0000"
    },
    "done": true
  },
  "minecraft:story/root": {
    "criteria": {
      "crafting_table": "2024-11-16 00:50:22 +0000"
    },
    "done": true
  },
  "minecraft:recipes/decorations/oak_sign": {
    "criteria": {
      "has_oak_planks": "2024-11-16 00:49:21 +0000"
    },
    "done": true
  },
  "minecraft:recipes/redstone/oak_trapdoor": {
    "criteria": {
      "has_planks": "2024-11-16 00:49:21 +0000"
    },
    "done": true
  },
  "pfm:recipes/pfm.furniture/white_simple_sofa": {
    "criteria": {
      "has_wool": "2024-11-16 00:49:08 +0000"
    },
    "done": true
  },
  "framedblocks:recipes/framed_blocks/framed_inner_threeway_corner": {
    "criteria": {
      "hasFramedSlope": "2024-11-16 00:03:18 +0000"
    },
    "done": true
  },
  "pfm:recipes/pfm.furniture/oak_classic_nightstand": {
    "criteria": {
      "has_planks": "2024-11-16 00:49:21 +0000"
    },
    "done": true
  },
  "pfm:recipes/pfm.furniture/oak_table_dinner": {
    "criteria": {
      "has_planks": "2024-11-16 00:49:21 +0000"
    },
    "done": true
  },
  "pfm:recipes/pfm.furniture/gray_simple_sofa": {
    "criteria": {
      "has_wool": "2024-11-16 00:49:08 +0000"
    },
    "done": true
  },
  "minecraft:recipes/redstone/oak_fence_gate": {
    "criteria": {
      "has_planks": "2024-11-16 00:49:21 +0000"
    },
    "done": true
  },
  "pfm:grant_book_on_first_join": {
    "criteria": {
      "tick": "2024-11-15 23:52:36 +0000"
    },
    "done": true
  },
  "securitycraft:recipes/securitycraft/reinforced_diorite": {
    "criteria": {
      "has_cobblestone": "2024-11-16 00:31:31 +0000"
    },
    "done": true
  },
  "pfm:recipes/pfm.furniture/oak_raw_table_log": {
    "criteria": {
      "has_log": "2024-11-16 00:49:08 +0000"
    },
    "done": true
  },
  "pfm:recipes/pfm.furniture/oak_kitchen_counter_oven": {
    "criteria": {
      "has_planks": "2024-11-16 00:49:21 +0000"
    },
    "done": true
  },
  "minecraft:recipes/redstone/oak_button": {
    "criteria": {
      "has_planks": "2024-11-16 00:49:21 +0000"
    },
    "done": true
  },
  "framedblocks:recipes/framed_blocks/framed_threeway_corner": {
    "criteria": {
      "hasFramedSlope": "2024-11-16 00:03:18 +0000"
    },
    "done": true
  },
  "pfm:recipes/pfm.furniture/oak_kitchen_sink": {
    "criteria": {
      "has_planks": "2024-11-16 00:49:21 +0000"
    },
    "done": true
  },
  "pfm:recipes/pfm.furniture/oak_simple_bunk_ladder": {
    "criteria": {
      "has_planks": "2024-11-16 00:49:21 +0000"
    },
    "done": true
  },
  "pfm:recipes/pfm.furniture/magenta_simple_sofa": {
    "criteria": {
      "has_wool": "2024-11-16 00:49:08 +0000"
    },
    "done": true
  },
  "minecraft:story/mine_stone": {
    "criteria": {
      "get_stone": "2024-11-16 00:31:31 +0000"
    },
    "done": true
  },
  "minecraft:recipes/building_blocks/stone": {
    "criteria": {
      "has_cobblestone": "2024-11-16 00:31:31 +0000"
    },
    "done": true
  },
  "pfm:recipes/pfm.furniture/oak_kitchen_cabinet": {
    "criteria": {
      "has_planks": "2024-11-16 00:49:21 +0000"
    },
    "done": true
  },
  "minecraft:recipes/decorations/furnace": {
    "criteria": {
      "has_cobblestone": "2024-11-16 00:31:31 +0000"
    },
    "done": true
  },
  "pfm:recipes/pfm.furniture/oak_modern_stool": {
    "criteria": {
      "has_planks": "2024-11-16 00:49:21 +0000"
    },
    "done": true
  },
  "pfm:recipes/pfm.furniture/froggy_chair_blue": {
    "criteria": {
      "has_concrete": "2024-11-16 00:40:43 +0000"
    },
    "done": true
  },
  "minecraft:adventure/adventuring_time": {
    "criteria": {
      "minecraft:taiga": "2024-11-16 00:17:24 +0000",
      "minecraft:taiga_hills": "2024-11-16 00:31:10 +0000",
      "minecraft:deep_lukewarm_ocean": "2024-11-16 00:34:31 +0000",
      "minecraft:beach": "2024-11-16 00:15:47 +0000",
      "minecraft:river": "2024-11-16 00:15:49 +0000",
      "minecraft:lukewarm_ocean": "2024-11-16 00:39:54 +0000",
      "minecraft:wooded_hills": "2024-11-16 00:16:09 +0000",
      "minecraft:plains": "2024-11-15 23:52:36 +0000"
    },
    "done": false
  },
  "minecraft:adventure/sleep_in_bed": {
    "criteria": {
      "slept_in_bed": "2024-11-16 00:00:45 +0000"
    },
    "done": true
  },
  "minecraft:recipes/misc/charcoal": {
    "criteria": {
      "has_log": "2024-11-16 00:49:08 +0000"
    },
    "done": true
  },
  "minecraft:recipes/building_blocks/cobblestone_slab_from_cobblestone_stonecutting": {
    "criteria": {
      "has_cobblestone": "2024-11-16 00:31:31 +0000"
    },
    "done": true
  },
  "minecraft:husbandry/root": {
    "criteria": {
      "consumed_item": "2024-11-15 23:54:22 +0000"
    },
    "done": true
  },
  "framedblocks:recipes/framed_blocks/framed_inner_corner_slope": {
    "criteria": {
      "hasFramedSlope": "2024-11-16 00:03:18 +0000"
    },
    "done": true
  },
  "pfm:recipes/pfm.furniture/black_arm_chair": {
    "criteria": {
      "has_wool": "2024-11-16 00:49:08 +0000"
    },
    "done": true
  },
  "minecraft:recipes/transportation/birch_boat": {
    "criteria": {
      "in_water": "2024-11-16 00:33:56 +0000"
    },
    "done": true
  },
  "pfm:recipes/pfm.furniture/orange_arm_chair": {
    "criteria": {
      "has_wool": "2024-11-16 00:49:08 +0000"
    },
    "done": true
  },
  "minecraft:recipes/combat/stone_sword": {
    "criteria": {
      "has_cobblestone": "2024-11-16 00:31:31 +0000"
    },
    "done": true
  },
  "pfm:recipes/pfm.furniture/purple_arm_chair": {
    "criteria": {
      "has_wool": "2024-11-16 00:49:08 +0000"
    },
    "done": true
  },
  "minecraft:recipes/building_blocks/oak_stairs": {
    "criteria": {
      "has_planks": "2024-11-16 00:49:21 +0000"
    },
    "done": true
  },
  "minecraft:recipes/decorations/cobblestone_wall": {
    "criteria": {
      "has_cobblestone": "2024-11-16 00:31:31 +0000"
    },
    "done": true
  },
  "pfm:recipes/pfm.furniture/red_simple_sofa": {
    "criteria": {
      "has_wool": "2024-11-16 00:49:08 +0000"
    },
    "done": true
  },
  "pfm:recipes/pfm.furniture/pink_simple_sofa": {
    "criteria": {
      "has_wool": "2024-11-16 00:49:08 +0000"
    },
    "done": true
  },
  "pfm:recipes/pfm.furniture/light_blue_simple_sofa": {
    "criteria": {
      "has_wool": "2024-11-16 00:49:08 +0000"
    },
    "done": true
  },
  "minecraft:recipes/decorations/barrel": {
    "criteria": {
      "has_planks": "2024-11-16 00:49:21 +0000"
    },
    "done": true
  },
  "minecraft:recipes/transportation/acacia_boat": {
    "criteria": {
      "in_water": "2024-11-16 00:33:56 +0000"
    },
    "done": true
  },
  "minecraft:recipes/tools/stone_pickaxe": {
    "criteria": {
      "has_cobblestone": "2024-11-16 00:31:31 +0000"
    },
    "done": true
  },
  "pfm:recipes/pfm.furniture/oak_table_basic": {
    "criteria": {
      "has_planks": "2024-11-16 00:49:21 +0000"
    },
    "done": true
  },
  "minecraft:recipes/redstone/oak_door": {
    "criteria": {
      "has_planks": "2024-11-16 00:49:21 +0000"
    },
    "done": true
  },
  "minecraft:adventure/root": {
    "criteria": {
      "killed_something": "2024-11-16 00:32:56 +0000"
    },
    "done": true
  },
  "minecraft:recipes/transportation/jungle_boat": {
    "criteria": {
      "in_water": "2024-11-16 00:33:56 +0000"
    },
    "done": true
  },
  "minecraft:recipes/decorations/cobblestone_wall_from_cobblestone_stonecutting": {
    "criteria": {
      "has_cobblestone": "2024-11-16 00:31:31 +0000"
    },
    "done": true
  },
  "pfm:recipes/pfm.furniture/yellow_arm_chair": {
    "criteria": {
      "has_wool": "2024-11-16 00:49:08 +0000"
    },
    "done": true
  },
  "minecraft:recipes/misc/iron_ingot_from_iron_block": {
    "criteria": {
      "has_iron_block": "2024-11-16 00:03:18 +0000"
    },
    "done": true
  },
  "pfm:recipes/pfm.furniture/light_gray_arm_chair": {
    "criteria": {
      "has_wool": "2024-11-16 00:49:08 +0000"
    },
    "done": true
  },
  "framedblocks:recipes/framed_blocks/framed_slope_slab": {
    "criteria": {
      "hasFramedSlope": "2024-11-16 00:03:18 +0000"
    },
    "done": true
  },
  "minecraft:recipes/tools/stone_hoe": {
    "criteria": {
      "has_cobblestone": "2024-11-16 00:31:31 +0000"
    },
    "done": true
  },
  "pfm:recipes/pfm.furniture/oak_chair_classic": {
    "criteria": {
      "has_planks": "2024-11-16 00:49:21 +0000"
    },
    "done": true
  },
  "minecraft:recipes/transportation/dark_oak_boat": {
    "criteria": {
      "in_water": "2024-11-16 00:33:56 +0000"
    },
    "done": true
  },
  "pfm:recipes/root": {
    "criteria": {
      "has_planks": "2024-11-16 00:49:21 +0000"
    },
    "done": true
  },
  "pfm:recipes/pfm.furniture/oak_table_classic": {
    "criteria": {
      "has_planks": "2024-11-16 00:49:21 +0000"
    },
    "done": true
  },
  "pfm:recipes/pfm.furniture/orange_simple_sofa": {
    "criteria": {
      "has_wool": "2024-11-16 00:49:08 +0000"
    },
    "done": true
  },
  "minecraft:recipes/misc/mojang_banner_pattern": {
    "criteria": {
      "has_enchanted_golden_apple": "2024-11-16 00:28:38 +0000"
    },
    "done": true
  },
  "pfm:recipes/pfm.furniture/oak_log_stool": {
    "criteria": {
      "has_log": "2024-11-16 00:49:08 +0000"
    },
    "done": true
  },
  "pfm:recipes/pfm.furniture/oak_kitchen_wall_small_drawer": {
    "criteria": {
      "has_planks": "2024-11-16 00:49:21 +0000"
    },
    "done": true
  },
  "pfm:recipes/pfm.furniture/black_simple_sofa": {
    "criteria": {
      "has_wool": "2024-11-16 00:49:08 +0000"
    },
    "done": true
  },
  "pfm:recipes/pfm.furniture/brown_simple_sofa": {
    "criteria": {
      "has_wool": "2024-11-16 00:49:08 +0000"
    },
    "done": true
  },
  "pfm:recipes/pfm.furniture/oak_table_modern_dinner": {
    "criteria": {
      "has_planks": "2024-11-16 00:49:21 +0000"
    },
    "done": true
  },
  "framedblocks:recipes/framed_blocks/framed_prism": {
    "criteria": {
      "hasFramedSlope": "2024-11-16 00:03:18 +0000"
    },
    "done": true
  },
  "pfm:recipes/pfm.furniture/oak_kitchen_wall_counter": {
    "criteria": {
      "has_planks": "2024-11-16 00:49:21 +0000"
    },
    "done": true
  },
  "pfm:recipes/pfm.furniture/lime_arm_chair": {
    "criteria": {
      "has_wool": "2024-11-16 00:49:08 +0000"
    },
    "done": true
  },
  "pfm:recipes/pfm.furniture/gray_arm_chair": {
    "criteria": {
      "has_wool": "2024-11-16 00:49:08 +0000"
    },
    "done": true
  },
  "pfm:recipes/pfm.furniture/oak_chair_modern": {
    "criteria": {
      "has_planks": "2024-11-16 00:49:21 +0000"
    },
    "done": true
  },
  "pfm:recipes/pfm.furniture/arm_chair_leather": {
    "criteria": {
      "has_wool": "2024-11-16 00:49:08 +0000"
    },
    "done": true
  },
  "framedblocks:recipes/framed_blocks/framed_inner_prism_corner": {
    "criteria": {
      "hasFramedSlope": "2024-11-16 00:03:18 +0000"
    },
    "done": true
  },
  "pfm:recipes/pfm.furniture/oak_table_log": {
    "criteria": {
      "has_log": "2024-11-16 00:49:21 +0000"
    },
    "done": true
  },
  "minecraft:recipes/decorations/oak_fence": {
    "criteria": {
      "has_planks": "2024-11-16 00:49:21 +0000"
    },
    "done": true
  },
  "minecraft:recipes/transportation/oak_boat": {
    "criteria": {
      "in_water": "2024-11-16 00:33:56 +0000"
    },
    "done": true
  },
  "pfm:recipes/pfm.furniture/yellow_simple_sofa": {
    "criteria": {
      "has_wool": "2024-11-16 00:49:08 +0000"
    },
    "done": true
  },
  "minecraft:recipes/decorations/anvil": {
    "criteria": {
      "has_iron_block": "2024-11-16 00:03:18 +0000"
    },
    "done": true
  },
  "pfm:recipes/pfm.furniture/cyan_arm_chair": {
    "criteria": {
      "has_wool": "2024-11-16 00:49:08 +0000"
    },
    "done": true
  },
  "minecraft:recipes/tools/stone_axe": {
    "criteria": {
      "has_cobblestone": "2024-11-16 00:31:31 +0000"
    },
    "done": true
  },
  "minecraft:recipes/building_blocks/oak_slab": {
    "criteria": {
      "has_planks": "2024-11-16 00:49:21 +0000"
    },
    "done": true
  },
  "pfm:recipes/pfm.furniture/light_blue_arm_chair": {
    "criteria": {
      "has_wool": "2024-11-16 00:49:08 +0000"
    },
    "done": true
  },
  "pfm:recipes/pfm.furniture/oak_classic_stool": {
    "criteria": {
      "has_planks": "2024-11-16 00:49:21 +0000"
    },
    "done": true
  },
  "DataVersion": 2586
}