{
  "minecraft:husbandry/balanced_diet": {
    "criteria": {
      "golden_apple": "2024-11-15 23:54:22 +0000"
    },
    "done": false
  },
  "pfm:grant_book_on_first_join": {
    "criteria": {
      "tick": "2024-11-15 23:52:36 +0000"
    },
    "done": true
  },
  "minecraft:husbandry/root": {
    "criteria": {
      "consumed_item": "2024-11-15 23:54:22 +0000"
    },
    "done": true
  },
  "minecraft:adventure/adventuring_time": {
    "criteria": {
      "minecraft:plains": "2024-11-15 23:52:36 +0000"
    },
    "done": false
  },
  "DataVersion": 2586
}