{
  "minecraft:adventure/sleep_in_bed": {
    "criteria": {
      "slept_in_bed": "2024-11-15 23:50:04 +0000"
    },
    "done": true
  },
  "minecraft:recipes/misc/iron_ingot_from_iron_block": {
    "criteria": {
      "has_iron_block": "2024-11-16 00:02:38 +0000"
    },
    "done": true
  },
  "framedblocks:recipes/framed_blocks/framed_prism_corner": {
    "criteria": {
      "hasFramedSlope": "2024-11-16 00:02:38 +0000"
    },
    "done": true
  },
  "framedblocks:recipes/framed_blocks/framed_inner_threeway_corner": {
    "criteria": {
      "hasFramedSlope": "2024-11-16 00:02:38 +0000"
    },
    "done": true
  },
  "pfm:grant_book_on_first_join": {
    "criteria": {
      "tick": "2024-11-15 23:47:26 +0000"
    },
    "done": true
  },
  "framedblocks:recipes/framed_blocks/framed_slope_slab": {
    "criteria": {
      "hasFramedSlope": "2024-11-16 00:02:38 +0000"
    },
    "done": true
  },
  "minecraft:husbandry/root": {
    "criteria": {
      "consumed_item": "2024-11-15 23:49:26 +0000"
    },
    "done": true
  },
  "framedblocks:recipes/framed_blocks/framed_inner_corner_slope": {
    "criteria": {
      "hasFramedSlope": "2024-11-16 00:02:38 +0000"
    },
    "done": true
  },
  "minecraft:recipes/transportation/dark_oak_boat": {
    "criteria": {
      "in_water": "2024-11-16 00:18:10 +0000"
    },
    "done": true
  },
  "framedblocks:recipes/framed_blocks/framed_double_slope": {
    "criteria": {
      "hasFramedSlope": "2024-11-16 00:02:38 +0000"
    },
    "done": true
  },
  "minecraft:recipes/transportation/birch_boat": {
    "criteria": {
      "in_water": "2024-11-16 00:18:10 +0000"
    },
    "done": true
  },
  "framedblocks:recipes/framed_blocks/framed_corner_slope": {
    "criteria": {
      "hasFramedSlope": "2024-11-16 00:02:38 +0000"
    },
    "done": true
  },
  "framedblocks:recipes/framed_blocks/framed_inner_prism_corner": {
    "criteria": {
      "hasFramedSlope": "2024-11-16 00:02:38 +0000"
    },
    "done": true
  },
  "framedblocks:recipes/framed_blocks/framed_threeway_corner": {
    "criteria": {
      "hasFramedSlope": "2024-11-16 00:02:38 +0000"
    },
    "done": true
  },
  "minecraft:recipes/transportation/acacia_boat": {
    "criteria": {
      "in_water": "2024-11-16 00:18:10 +0000"
    },
    "done": true
  },
  "minecraft:recipes/transportation/oak_boat": {
    "criteria": {
      "in_water": "2024-11-16 00:18:10 +0000"
    },
    "done": true
  },
  "minecraft:husbandry/balanced_diet": {
    "criteria": {
      "golden_apple": "2024-11-15 23:49:26 +0000"
    },
    "done": false
  },
  "minecraft:recipes/decorations/anvil": {
    "criteria": {
      "has_iron_block": "2024-11-16 00:02:38 +0000"
    },
    "done": true
  },
  "minecraft:recipes/transportation/jungle_boat": {
    "criteria": {
      "in_water": "2024-11-16 00:18:10 +0000"
    },
    "done": true
  },
  "framedblocks:recipes/framed_blocks/framed_prism": {
    "criteria": {
      "hasFramedSlope": "2024-11-16 00:02:38 +0000"
    },
    "done": true
  },
  "minecraft:recipes/transportation/spruce_boat": {
    "criteria": {
      "in_water": "2024-11-16 00:18:10 +0000"
    },
    "done": true
  },
  "minecraft:adventure/adventuring_time": {
    "criteria": {
      "minecraft:beach": "2024-11-16 00:17:22 +0000",
      "minecraft:river": "2024-11-16 00:17:41 +0000",
      "minecraft:plains": "2024-11-15 23:47:26 +0000"
    },
    "done": false
  },
  "DataVersion": 2586
}