{
  "framedblocks:recipes/framed_blocks/framed_prism_corner": {
    "criteria": {
      "hasFramedSlope": "2024-11-16 00:02:38 +0000"
    },
    "done": true
  },
  "framedblocks:recipes/framed_blocks/framed_inner_threeway_corner": {
    "criteria": {
      "hasFramedSlope": "2024-11-16 00:02:38 +0000"
    },
    "done": true
  },
  "pfm:recipes/pfm.furniture/pink_arm_chair": {
    "criteria": {
      "has_wool": "2024-11-16 00:38:59 +0000"
    },
    "done": true
  },
  "pfm:recipes/pfm.furniture/gray_simple_sofa": {
    "criteria": {
      "has_wool": "2024-11-16 00:38:59 +0000"
    },
    "done": true
  },
  "pfm:grant_book_on_first_join": {
    "criteria": {
      "tick": "2024-11-15 23:47:26 +0000"
    },
    "done": true
  },
  "pfm:recipes/pfm.furniture/magenta_arm_chair": {
    "criteria": {
      "has_wool": "2024-11-16 00:38:59 +0000"
    },
    "done": true
  },
  "pfm:recipes/pfm.furniture/oak_raw_table_log": {
    "criteria": {
      "has_log": "2024-11-16 00:38:59 +0000"
    },
    "done": true
  },
  "pfm:recipes/pfm.furniture/white_arm_chair": {
    "criteria": {
      "has_wool": "2024-11-16 00:38:59 +0000"
    },
    "done": true
  },
  "framedblocks:recipes/framed_blocks/framed_threeway_corner": {
    "criteria": {
      "hasFramedSlope": "2024-11-16 00:02:38 +0000"
    },
    "done": true
  },
  "pfm:recipes/pfm.furniture/blue_arm_chair": {
    "criteria": {
      "has_wool": "2024-11-16 00:38:59 +0000"
    },
    "done": true
  },
  "pfm:recipes/pfm.furniture/light_gray_simple_sofa": {
    "criteria": {
      "has_wool": "2024-11-16 00:38:59 +0000"
    },
    "done": true
  },
  "pfm:recipes/pfm.furniture/brown_arm_chair": {
    "criteria": {
      "has_wool": "2024-11-16 00:38:59 +0000"
    },
    "done": true
  },
  "pfm:recipes/pfm.furniture/magenta_simple_sofa": {
    "criteria": {
      "has_wool": "2024-11-16 00:38:59 +0000"
    },
    "done": true
  },
  "pfm:recipes/pfm.furniture/red_arm_chair": {
    "criteria": {
      "has_wool": "2024-11-16 00:38:59 +0000"
    },
    "done": true
  },
  "minecraft:adventure/adventuring_time": {
    "criteria": {
      "minecraft:taiga": "2024-11-16 00:39:13 +0000",
      "minecraft:taiga_hills": "2024-11-16 01:10:59 +0000",
      "minecraft:beach": "2024-11-16 00:17:22 +0000",
      "minecraft:river": "2024-11-16 00:17:41 +0000",
      "minecraft:lukewarm_ocean": "2024-11-16 00:49:56 +0000",
      "minecraft:wooded_hills": "2024-11-16 00:38:23 +0000",
      "minecraft:plains": "2024-11-15 23:47:26 +0000"
    },
    "done": false
  },
  "minecraft:adventure/sleep_in_bed": {
    "criteria": {
      "slept_in_bed": "2024-11-15 23:50:04 +0000"
    },
    "done": true
  },
  "minecraft:recipes/misc/charcoal": {
    "criteria": {
      "has_log": "2024-11-16 00:38:59 +0000"
    },
    "done": true
  },
  "pfm:recipes/pfm.furniture/blue_simple_sofa": {
    "criteria": {
      "has_wool": "2024-11-16 00:38:59 +0000"
    },
    "done": true
  },
  "minecraft:husbandry/root": {
    "criteria": {
      "consumed_item": "2024-11-15 23:49:26 +0000"
    },
    "done": true
  },
  "framedblocks:recipes/framed_blocks/framed_inner_corner_slope": {
    "criteria": {
      "hasFramedSlope": "2024-11-16 00:02:38 +0000"
    },
    "done": true
  },
  "framedblocks:recipes/framed_blocks/framed_double_slope": {
    "criteria": {
      "hasFramedSlope": "2024-11-16 00:02:38 +0000"
    },
    "done": true
  },
  "pfm:recipes/pfm.furniture/black_arm_chair": {
    "criteria": {
      "has_wool": "2024-11-16 00:38:59 +0000"
    },
    "done": true
  },
  "minecraft:recipes/transportation/birch_boat": {
    "criteria": {
      "in_water": "2024-11-16 00:18:10 +0000"
    },
    "done": true
  },
  "pfm:recipes/pfm.furniture/orange_arm_chair": {
    "criteria": {
      "has_wool": "2024-11-16 00:38:59 +0000"
    },
    "done": true
  },
  "pfm:recipes/pfm.furniture/purple_arm_chair": {
    "criteria": {
      "has_wool": "2024-11-16 00:38:59 +0000"
    },
    "done": true
  },
  "pfm:recipes/pfm.furniture/red_simple_sofa": {
    "criteria": {
      "has_wool": "2024-11-16 00:38:59 +0000"
    },
    "done": true
  },
  "pfm:recipes/pfm.furniture/pink_simple_sofa": {
    "criteria": {
      "has_wool": "2024-11-16 00:38:59 +0000"
    },
    "done": true
  },
  "pfm:recipes/pfm.furniture/light_blue_simple_sofa": {
    "criteria": {
      "has_wool": "2024-11-16 00:38:59 +0000"
    },
    "done": true
  },
  "minecraft:recipes/transportation/acacia_boat": {
    "criteria": {
      "in_water": "2024-11-16 00:18:10 +0000"
    },
    "done": true
  },
  "pfm:recipes/pfm.furniture/purple_simple_sofa": {
    "criteria": {
      "has_wool": "2024-11-16 00:38:59 +0000"
    },
    "done": true
  },
  "securitycraft:recipes/securitycraft/sc_manual": {
    "criteria": {
      "has_wood": "2024-11-16 00:38:59 +0000"
    },
    "done": true
  },
  "minecraft:adventure/root": {
    "criteria": {
      "killed_something": "2024-11-16 00:49:35 +0000"
    },
    "done": true
  },
  "minecraft:recipes/transportation/jungle_boat": {
    "criteria": {
      "in_water": "2024-11-16 00:18:10 +0000"
    },
    "done": true
  },
  "minecraft:recipes/transportation/spruce_boat": {
    "criteria": {
      "in_water": "2024-11-16 00:18:10 +0000"
    },
    "done": true
  },
  "pfm:recipes/pfm.furniture/yellow_arm_chair": {
    "criteria": {
      "has_wool": "2024-11-16 00:38:59 +0000"
    },
    "done": true
  },
  "minecraft:recipes/misc/iron_ingot_from_iron_block": {
    "criteria": {
      "has_iron_block": "2024-11-16 00:02:38 +0000"
    },
    "done": true
  },
  "pfm:recipes/pfm.furniture/light_gray_arm_chair": {
    "criteria": {
      "has_wool": "2024-11-16 00:38:59 +0000"
    },
    "done": true
  },
  "minecraft:recipes/building_blocks/oak_planks": {
    "criteria": {
      "has_logs": "2024-11-16 00:38:59 +0000"
    },
    "done": true
  },
  "framedblocks:recipes/framed_blocks/framed_slope_slab": {
    "criteria": {
      "hasFramedSlope": "2024-11-16 00:02:38 +0000"
    },
    "done": true
  },
  "minecraft:recipes/transportation/dark_oak_boat": {
    "criteria": {
      "in_water": "2024-11-16 00:18:10 +0000"
    },
    "done": true
  },
  "framedblocks:recipes/framed_blocks/framed_corner_slope": {
    "criteria": {
      "hasFramedSlope": "2024-11-16 00:02:38 +0000"
    },
    "done": true
  },
  "pfm:recipes/pfm.furniture/green_arm_chair": {
    "criteria": {
      "has_wool": "2024-11-16 00:38:59 +0000"
    },
    "done": true
  },
  "minecraft:husbandry/balanced_diet": {
    "criteria": {
      "golden_apple": "2024-11-15 23:49:26 +0000"
    },
    "done": false
  },
  "pfm:recipes/pfm.furniture/orange_simple_sofa": {
    "criteria": {
      "has_wool": "2024-11-16 00:38:59 +0000"
    },
    "done": true
  },
  "pfm:recipes/pfm.furniture/green_simple_sofa": {
    "criteria": {
      "has_wool": "2024-11-16 00:38:59 +0000"
    },
    "done": true
  },
  "minecraft:recipes/misc/mojang_banner_pattern": {
    "criteria": {
      "has_enchanted_golden_apple": "2024-11-16 00:48:29 +0000"
    },
    "done": true
  },
  "pfm:recipes/pfm.furniture/lime_simple_sofa": {
    "criteria": {
      "has_wool": "2024-11-16 00:38:59 +0000"
    },
    "done": true
  },
  "pfm:recipes/pfm.furniture/oak_log_stool": {
    "criteria": {
      "has_log": "2024-11-16 00:38:59 +0000"
    },
    "done": true
  },
  "pfm:recipes/pfm.furniture/black_simple_sofa": {
    "criteria": {
      "has_wool": "2024-11-16 00:38:59 +0000"
    },
    "done": true
  },
  "pfm:recipes/pfm.furniture/brown_simple_sofa": {
    "criteria": {
      "has_wool": "2024-11-16 00:38:59 +0000"
    },
    "done": true
  },
  "framedblocks:recipes/framed_blocks/framed_prism": {
    "criteria": {
      "hasFramedSlope": "2024-11-16 00:02:38 +0000"
    },
    "done": true
  },
  "pfm:recipes/pfm.furniture/lime_arm_chair": {
    "criteria": {
      "has_wool": "2024-11-16 00:38:59 +0000"
    },
    "done": true
  },
  "pfm:recipes/pfm.furniture/gray_arm_chair": {
    "criteria": {
      "has_wool": "2024-11-16 00:38:59 +0000"
    },
    "done": true
  },
  "pfm:recipes/pfm.furniture/cyan_simple_sofa": {
    "criteria": {
      "has_wool": "2024-11-16 00:38:59 +0000"
    },
    "done": true
  },
  "pfm:recipes/pfm.furniture/arm_chair_leather": {
    "criteria": {
      "has_wool": "2024-11-16 00:38:59 +0000"
    },
    "done": true
  },
  "framedblocks:recipes/framed_blocks/framed_inner_prism_corner": {
    "criteria": {
      "hasFramedSlope": "2024-11-16 00:02:38 +0000"
    },
    "done": true
  },
  "minecraft:recipes/building_blocks/oak_wood": {
    "criteria": {
      "has_log": "2024-11-16 00:38:59 +0000"
    },
    "done": true
  },
  "minecraft:recipes/transportation/oak_boat": {
    "criteria": {
      "in_water": "2024-11-16 00:18:10 +0000"
    },
    "done": true
  },
  "pfm:recipes/pfm.furniture/yellow_simple_sofa": {
    "criteria": {
      "has_wool": "2024-11-16 00:38:59 +0000"
    },
    "done": true
  },
  "minecraft:recipes/decorations/anvil": {
    "criteria": {
      "has_iron_block": "2024-11-16 00:02:38 +0000"
    },
    "done": true
  },
  "pfm:recipes/pfm.furniture/cyan_arm_chair": {
    "criteria": {
      "has_wool": "2024-11-16 00:38:59 +0000"
    },
    "done": true
  },
  "pfm:recipes/pfm.furniture/white_simple_sofa": {
    "criteria": {
      "has_wool": "2024-11-16 00:38:59 +0000"
    },
    "done": true
  },
  "pfm:recipes/pfm.furniture/xbox_fridge": {
    "criteria": {
      "has_black_concrete": "2024-11-16 00:48:33 +0000"
    },
    "done": true
  },
  "pfm:recipes/pfm.furniture/light_blue_arm_chair": {
    "criteria": {
      "has_wool": "2024-11-16 00:38:59 +0000"
    },
    "done": true
  },
  "DataVersion": 2586
}